timestamp,sensor_id,dma_code,dma_name,latitude,longitude,pressure,unit,data_class
2026-09-01T00:00:00,PL-01-IN,1350-00-01-01,東港所琉球鄉本福村等小區計劃-琉球白沙線,22.3424706,120.3730882,43.35,mH2O,synthetic
2026-09-01T00:15:00,PL-01-IN,1350-00-01-01,東港所琉球鄉本福村等小區計劃-琉球白沙線,22.3424706,120.3730882,43.46,mH2O,synthetic
2026-09-01T00:30:00,PL-01-IN,1350-00-01-01,東港所琉球鄉本福村等小區計劃-琉球白沙線,22.3424706,120.3730882,43.62,mH2O,synthetic
2026-09-01T00:45:00,PL-01-IN,1350-00-01-01,東港所琉球鄉本福村等小區計劃-琉球白沙線,22.3424706,120.3730882,43.96,mH2O,synthetic
2026-09-01T01:00:00,PL-01-IN,1350-00-01-01,東港所琉球鄉本福村等小區計劃-琉球白沙線,22.3424706,120.3730882,43.96,mH2O,synthetic
2026-09-01T01:15:00,PL-01-IN,1350-00-01-01,東港所琉球鄉本福村等小區計劃-琉球白沙線,22.3424706,120.3730882,43.85,mH2O,synthetic
2026-09-01T01:30:00,PL-01-IN,1350-00-01-01,東港所琉球鄉本福村等小區計劃-琉球白沙線,22.3424706,120.3730882,44.45,mH2O,synthetic
2026-09-01T01:45:00,PL-01-IN,1350-00-01-01,東港所琉球鄉本福村等小區計劃-琉球白沙線,22.3424706,120.3730882,44.5,mH2O,synthetic
2026-09-01T02:00:00,PL-01-IN,1350-00-01-01,東港所琉球鄉本福村等小區計劃-琉球白沙線,22.3424706,120.3730882,44.69,mH2O,synthetic
2026-09-01T02:15:00,PL-01-IN,1350-00-01-01,東港所琉球鄉本福村等小區計劃-琉球白沙線,22.3424706,120.3730882,44.91,mH2O,synthetic
2026-09-01T02:30:00,PL-01-IN,1350-00-01-01,東港所琉球鄉本福村等小區計劃-琉球白沙線,22.3424706,120.3730882,45.05,mH2O,synthetic
2026-09-01T02:45:00,PL-01-IN,1350-00-01-01,東港所琉球鄉本福村等小區計劃-琉球白沙線,22.3424706,120.3730882,45.33,mH2O,synthetic
2026-09-01T03:00:00,PL-01-IN,1350-00-01-01,東港所琉球鄉本福村等小區計劃-琉球白沙線,22.3424706,120.3730882,45.24,mH2O,synthetic
2026-09-01T03:15:00,PL-01-IN,1350-00-01-01,東港所琉球鄉本福村等小區計劃-琉球白沙線,22.3424706,120.3730882,45.1,mH2O,synthetic
2026-09-01T03:30:00,PL-01-IN,1350-00-01-01,東港所琉球鄉本福村等小區計劃-琉球白沙線,22.3424706,120.3730882,44.83,mH2O,synthetic
2026-09-01T03:45:00,PL-01-IN,1350-00-01-01,東港所琉球鄉本福村等小區計劃-琉球白沙線,22.3424706,120.3730882,44.65,mH2O,synthetic
2026-09-01T04:00:00,PL-01-IN,1350-00-01-01,東港所琉球鄉本福村等小區計劃-琉球白沙線,22.3424706,120.3730882,44.76,mH2O,synthetic
2026-09-01T04:15:00,PL-01-IN,1350-00-01-01,東港所琉球鄉本福村等小區計劃-琉球白沙線,22.3424706,120.3730882,44.8,mH2O,synthetic
2026-09-01T04:30:00,PL-01-IN,1350-00-01-01,東港所琉球鄉本福村等小區計劃-琉球白沙線,22.3424706,120.3730882,44.28,mH2O,synthetic
2026-09-01T04:45:00,PL-01-IN,1350-00-01-01,東港所琉球鄉本福村等小區計劃-琉球白沙線,22.3424706,120.3730882,43.98,mH2O,synthetic
2026-09-01T05:00:00,PL-01-IN,1350-00-01-01,東港所琉球鄉本福村等小區計劃-琉球白沙線,22.3424706,120.3730882,43.82,mH2O,synthetic
2026-09-01T05:15:00,PL-01-IN,1350-00-01-01,東港所琉球鄉本福村等小區計劃-琉球白沙線,22.3424706,120.3730882,43.03,mH2O,synthetic
2026-09-01T05:30:00,PL-01-IN,1350-00-01-01,東港所琉球鄉本福村等小區計劃-琉球白沙線,22.3424706,120.3730882,42.88,mH2O,synthetic
2026-09-01T05:45:00,PL-01-IN,1350-00-01-01,東港所琉球鄉本福村等小區計劃-琉球白沙線,22.3424706,120.3730882,42.61,mH2O,synthetic
2026-09-01T06:00:00,PL-01-IN,1350-00-01-01,東港所琉球鄉本福村等小區計劃-琉球白沙線,22.3424706,120.3730882,42.2,mH2O,synthetic
2026-09-01T06:15:00,PL-01-IN,1350-00-01-01,東港所琉球鄉本福村等小區計劃-琉球白沙線,22.3424706,120.3730882,41.44,mH2O,synthetic
2026-09-01T06:30:00,PL-01-IN,1350-00-01-01,東港所琉球鄉本福村等小區計劃-琉球白沙線,22.3424706,120.3730882,41.06,mH2O,synthetic
2026-09-01T06:45:00,PL-01-IN,1350-00-01-01,東港所琉球鄉本福村等小區計劃-琉球白沙線,22.3424706,120.3730882,40.55,mH2O,synthetic
2026-09-01T07:00:00,PL-01-IN,1350-00-01-01,東港所琉球鄉本福村等小區計劃-琉球白沙線,22.3424706,120.3730882,40.28,mH2O,synthetic
2026-09-01T07:15:00,PL-01-IN,1350-00-01-01,東港所琉球鄉本福村等小區計劃-琉球白沙線,22.3424706,120.3730882,39.6,mH2O,synthetic
2026-09-01T07:30:00,PL-01-IN,1350-00-01-01,東港所琉球鄉本福村等小區計劃-琉球白沙線,22.3424706,120.3730882,39.87,mH2O,synthetic
2026-09-01T07:45:00,PL-01-IN,1350-00-01-01,東港所琉球鄉本福村等小區計劃-琉球白沙線,22.3424706,120.3730882,39.48,mH2O,synthetic
2026-09-01T08:00:00,PL-01-IN,1350-00-01-01,東港所琉球鄉本福村等小區計劃-琉球白沙線,22.3424706,120.3730882,39.45,mH2O,synthetic
2026-09-01T08:15:00,PL-01-IN,1350-00-01-01,東港所琉球鄉本福村等小區計劃-琉球白沙線,22.3424706,120.3730882,40.23,mH2O,synthetic
2026-09-01T08:30:00,PL-01-IN,1350-00-01-01,東港所琉球鄉本福村等小區計劃-琉球白沙線,22.3424706,120.3730882,40.57,mH2O,synthetic
2026-09-01T08:45:00,PL-01-IN,1350-00-01-01,東港所琉球鄉本福村等小區計劃-琉球白沙線,22.3424706,120.3730882,41.4,mH2O,synthetic
2026-09-01T09:00:00,PL-01-IN,1350-00-01-01,東港所琉球鄉本福村等小區計劃-琉球白沙線,22.3424706,120.3730882,41.78,mH2O,synthetic
2026-09-01T09:15:00,PL-01-IN,1350-00-01-01,東港所琉球鄉本福村等小區計劃-琉球白沙線,22.3424706,120.3730882,41.74,mH2O,synthetic
2026-09-01T09:30:00,PL-01-IN,1350-00-01-01,東港所琉球鄉本福村等小區計劃-琉球白沙線,22.3424706,120.3730882,42.5,mH2O,synthetic
2026-09-01T09:45:00,PL-01-IN,1350-00-01-01,東港所琉球鄉本福村等小區計劃-琉球白沙線,22.3424706,120.3730882,42.32,mH2O,synthetic
2026-09-01T10:00:00,PL-01-IN,1350-00-01-01,東港所琉球鄉本福村等小區計劃-琉球白沙線,22.3424706,120.3730882,42.69,mH2O,synthetic
2026-09-01T10:15:00,PL-01-IN,1350-00-01-01,東港所琉球鄉本福村等小區計劃-琉球白沙線,22.3424706,120.3730882,42.76,mH2O,synthetic
2026-09-01T10:30:00,PL-01-IN,1350-00-01-01,東港所琉球鄉本福村等小區計劃-琉球白沙線,22.3424706,120.3730882,42.93,mH2O,synthetic
2026-09-01T10:45:00,PL-01-IN,1350-00-01-01,東港所琉球鄉本福村等小區計劃-琉球白沙線,22.3424706,120.3730882,43.13,mH2O,synthetic
2026-09-01T11:00:00,PL-01-IN,1350-00-01-01,東港所琉球鄉本福村等小區計劃-琉球白沙線,22.3424706,120.3730882,43.11,mH2O,synthetic
2026-09-01T11:15:00,PL-01-IN,1350-00-01-01,東港所琉球鄉本福村等小區計劃-琉球白沙線,22.3424706,120.3730882,43.06,mH2O,synthetic
2026-09-01T11:30:00,PL-01-IN,1350-00-01-01,東港所琉球鄉本福村等小區計劃-琉球白沙線,22.3424706,120.3730882,43.14,mH2O,synthetic
2026-09-01T11:45:00,PL-01-IN,1350-00-01-01,東港所琉球鄉本福村等小區計劃-琉球白沙線,22.3424706,120.3730882,43.1,mH2O,synthetic
2026-09-01T12:00:00,PL-01-IN,1350-00-01-01,東港所琉球鄉本福村等小區計劃-琉球白沙線,22.3424706,120.3730882,42.86,mH2O,synthetic
2026-09-01T12:15:00,PL-01-IN,1350-00-01-01,東港所琉球鄉本福村等小區計劃-琉球白沙線,22.3424706,120.3730882,42.84,mH2O,synthetic
2026-09-01T12:30:00,PL-01-IN,1350-00-01-01,東港所琉球鄉本福村等小區計劃-琉球白沙線,22.3424706,120.3730882,42.9,mH2O,synthetic
2026-09-01T12:45:00,PL-01-IN,1350-00-01-01,東港所琉球鄉本福村等小區計劃-琉球白沙線,22.3424706,120.3730882,43.11,mH2O,synthetic
2026-09-01T13:00:00,PL-01-IN,1350-00-01-01,東港所琉球鄉本福村等小區計劃-琉球白沙線,22.3424706,120.3730882,42.94,mH2O,synthetic
2026-09-01T13:15:00,PL-01-IN,1350-00-01-01,東港所琉球鄉本福村等小區計劃-琉球白沙線,22.3424706,120.3730882,43.51,mH2O,synthetic
2026-09-01T13:30:00,PL-01-IN,1350-00-01-01,東港所琉球鄉本福村等小區計劃-琉球白沙線,22.3424706,120.3730882,42.82,mH2O,synthetic
2026-09-01T13:45:00,PL-01-IN,1350-00-01-01,東港所琉球鄉本福村等小區計劃-琉球白沙線,22.3424706,120.3730882,42.75,mH2O,synthetic
2026-09-01T14:00:00,PL-01-IN,1350-00-01-01,東港所琉球鄉本福村等小區計劃-琉球白沙線,22.3424706,120.3730882,43.16,mH2O,synthetic
2026-09-01T14:15:00,PL-01-IN,1350-00-01-01,東港所琉球鄉本福村等小區計劃-琉球白沙線,22.3424706,120.3730882,43.3,mH2O,synthetic
2026-09-01T14:30:00,PL-01-IN,1350-00-01-01,東港所琉球鄉本福村等小區計劃-琉球白沙線,22.3424706,120.3730882,43.09,mH2O,synthetic
2026-09-01T14:45:00,PL-01-IN,1350-00-01-01,東港所琉球鄉本福村等小區計劃-琉球白沙線,22.3424706,120.3730882,43.14,mH2O,synthetic
2026-09-01T15:00:00,PL-01-IN,1350-00-01-01,東港所琉球鄉本福村等小區計劃-琉球白沙線,22.3424706,120.3730882,43.24,mH2O,synthetic
2026-09-01T15:15:00,PL-01-IN,1350-00-01-01,東港所琉球鄉本福村等小區計劃-琉球白沙線,22.3424706,120.3730882,42.87,mH2O,synthetic
2026-09-01T15:30:00,PL-01-IN,1350-00-01-01,東港所琉球鄉本福村等小區計劃-琉球白沙線,22.3424706,120.3730882,42.51,mH2O,synthetic
2026-09-01T15:45:00,PL-01-IN,1350-00-01-01,東港所琉球鄉本福村等小區計劃-琉球白沙線,22.3424706,120.3730882,42.61,mH2O,synthetic
2026-09-01T16:00:00,PL-01-IN,1350-00-01-01,東港所琉球鄉本福村等小區計劃-琉球白沙線,22.3424706,120.3730882,42.81,mH2O,synthetic
2026-09-01T16:15:00,PL-01-IN,1350-00-01-01,東港所琉球鄉本福村等小區計劃-琉球白沙線,22.3424706,120.3730882,42.11,mH2O,synthetic
2026-09-01T16:30:00,PL-01-IN,1350-00-01-01,東港所琉球鄉本福村等小區計劃-琉球白沙線,22.3424706,120.3730882,42.21,mH2O,synthetic
2026-09-01T16:45:00,PL-01-IN,1350-00-01-01,東港所琉球鄉本福村等小區計劃-琉球白沙線,22.3424706,120.3730882,41.98,mH2O,synthetic
2026-09-01T17:00:00,PL-01-IN,1350-00-01-01,東港所琉球鄉本福村等小區計劃-琉球白沙線,22.3424706,120.3730882,41.53,mH2O,synthetic
2026-09-01T17:15:00,PL-01-IN,1350-00-01-01,東港所琉球鄉本福村等小區計劃-琉球白沙線,22.3424706,120.3730882,41.39,mH2O,synthetic
2026-09-01T17:30:00,PL-01-IN,1350-00-01-01,東港所琉球鄉本福村等小區計劃-琉球白沙線,22.3424706,120.3730882,40.96,mH2O,synthetic
2026-09-01T17:45:00,PL-01-IN,1350-00-01-01,東港所琉球鄉本福村等小區計劃-琉球白沙線,22.3424706,120.3730882,40.94,mH2O,synthetic
2026-09-01T18:00:00,PL-01-IN,1350-00-01-01,東港所琉球鄉本福村等小區計劃-琉球白沙線,22.3424706,120.3730882,40.18,mH2O,synthetic
2026-09-01T18:15:00,PL-01-IN,1350-00-01-01,東港所琉球鄉本福村等小區計劃-琉球白沙線,22.3424706,120.3730882,39.56,mH2O,synthetic
2026-09-01T18:30:00,PL-01-IN,1350-00-01-01,東港所琉球鄉本福村等小區計劃-琉球白沙線,22.3424706,120.3730882,39.31,mH2O,synthetic
2026-09-01T18:45:00,PL-01-IN,1350-00-01-01,東港所琉球鄉本福村等小區計劃-琉球白沙線,22.3424706,120.3730882,39.08,mH2O,synthetic
2026-09-01T19:00:00,PL-01-IN,1350-00-01-01,東港所琉球鄉本福村等小區計劃-琉球白沙線,22.3424706,120.3730882,39.41,mH2O,synthetic
2026-09-01T19:15:00,PL-01-IN,1350-00-01-01,東港所琉球鄉本福村等小區計劃-琉球白沙線,22.3424706,120.3730882,39.13,mH2O,synthetic
2026-09-01T19:30:00,PL-01-IN,1350-00-01-01,東港所琉球鄉本福村等小區計劃-琉球白沙線,22.3424706,120.3730882,39.41,mH2O,synthetic
2026-09-01T19:45:00,PL-01-IN,1350-00-01-01,東港所琉球鄉本福村等小區計劃-琉球白沙線,22.3424706,120.3730882,39.86,mH2O,synthetic
2026-09-01T20:00:00,PL-01-IN,1350-00-01-01,東港所琉球鄉本福村等小區計劃-琉球白沙線,22.3424706,120.3730882,39.88,mH2O,synthetic
2026-09-01T20:15:00,PL-01-IN,1350-00-01-01,東港所琉球鄉本福村等小區計劃-琉球白沙線,22.3424706,120.3730882,40.36,mH2O,synthetic
2026-09-01T20:30:00,PL-01-IN,1350-00-01-01,東港所琉球鄉本福村等小區計劃-琉球白沙線,22.3424706,120.3730882,40.43,mH2O,synthetic
2026-09-01T20:45:00,PL-01-IN,1350-00-01-01,東港所琉球鄉本福村等小區計劃-琉球白沙線,22.3424706,120.3730882,40.99,mH2O,synthetic
2026-09-01T21:00:00,PL-01-IN,1350-00-01-01,東港所琉球鄉本福村等小區計劃-琉球白沙線,22.3424706,120.3730882,41.48,mH2O,synthetic
2026-09-01T21:15:00,PL-01-IN,1350-00-01-01,東港所琉球鄉本福村等小區計劃-琉球白沙線,22.3424706,120.3730882,42.02,mH2O,synthetic
2026-09-01T21:30:00,PL-01-IN,1350-00-01-01,東港所琉球鄉本福村等小區計劃-琉球白沙線,22.3424706,120.3730882,42.47,mH2O,synthetic
2026-09-01T21:45:00,PL-01-IN,1350-00-01-01,東港所琉球鄉本福村等小區計劃-琉球白沙線,22.3424706,120.3730882,42.42,mH2O,synthetic
2026-09-01T22:00:00,PL-01-IN,1350-00-01-01,東港所琉球鄉本福村等小區計劃-琉球白沙線,22.3424706,120.3730882,42.66,mH2O,synthetic
2026-09-01T22:15:00,PL-01-IN,1350-00-01-01,東港所琉球鄉本福村等小區計劃-琉球白沙線,22.3424706,120.3730882,42.77,mH2O,synthetic
2026-09-01T22:30:00,PL-01-IN,1350-00-01-01,東港所琉球鄉本福村等小區計劃-琉球白沙線,22.3424706,120.3730882,43.06,mH2O,synthetic
2026-09-01T22:45:00,PL-01-IN,1350-00-01-01,東港所琉球鄉本福村等小區計劃-琉球白沙線,22.3424706,120.3730882,43.08,mH2O,synthetic
2026-09-01T23:00:00,PL-01-IN,1350-00-01-01,東港所琉球鄉本福村等小區計劃-琉球白沙線,22.3424706,120.3730882,42.99,mH2O,synthetic
2026-09-01T23:15:00,PL-01-IN,1350-00-01-01,東港所琉球鄉本福村等小區計劃-琉球白沙線,22.3424706,120.3730882,42.74,mH2O,synthetic
2026-09-01T23:30:00,PL-01-IN,1350-00-01-01,東港所琉球鄉本福村等小區計劃-琉球白沙線,22.3424706,120.3730882,43.17,mH2O,synthetic
2026-09-01T23:45:00,PL-01-IN,1350-00-01-01,東港所琉球鄉本福村等小區計劃-琉球白沙線,22.3424706,120.3730882,43.07,mH2O,synthetic
2026-09-02T00:00:00,PL-01-IN,1350-00-01-01,東港所琉球鄉本福村等小區計劃-琉球白沙線,22.3424706,120.3730882,43.65,mH2O,synthetic
2026-09-02T00:15:00,PL-01-IN,1350-00-01-01,東港所琉球鄉本福村等小區計劃-琉球白沙線,22.3424706,120.3730882,43.5,mH2O,synthetic
2026-09-02T00:30:00,PL-01-IN,1350-00-01-01,東港所琉球鄉本福村等小區計劃-琉球白沙線,22.3424706,120.3730882,44.07,mH2O,synthetic
2026-09-02T00:45:00,PL-01-IN,1350-00-01-01,東港所琉球鄉本福村等小區計劃-琉球白沙線,22.3424706,120.3730882,43.73,mH2O,synthetic
2026-09-02T01:00:00,PL-01-IN,1350-00-01-01,東港所琉球鄉本福村等小區計劃-琉球白沙線,22.3424706,120.3730882,44.34,mH2O,synthetic
2026-09-02T01:15:00,PL-01-IN,1350-00-01-01,東港所琉球鄉本福村等小區計劃-琉球白沙線,22.3424706,120.3730882,44.2,mH2O,synthetic
2026-09-02T01:30:00,PL-01-IN,1350-00-01-01,東港所琉球鄉本福村等小區計劃-琉球白沙線,22.3424706,120.3730882,44.26,mH2O,synthetic
2026-09-02T01:45:00,PL-01-IN,1350-00-01-01,東港所琉球鄉本福村等小區計劃-琉球白沙線,22.3424706,120.3730882,44.31,mH2O,synthetic
2026-09-02T02:00:00,PL-01-IN,1350-00-01-01,東港所琉球鄉本福村等小區計劃-琉球白沙線,22.3424706,120.3730882,44.71,mH2O,synthetic
2026-09-02T02:15:00,PL-01-IN,1350-00-01-01,東港所琉球鄉本福村等小區計劃-琉球白沙線,22.3424706,120.3730882,45.2,mH2O,synthetic
2026-09-02T02:30:00,PL-01-IN,1350-00-01-01,東港所琉球鄉本福村等小區計劃-琉球白沙線,22.3424706,120.3730882,45.18,mH2O,synthetic
2026-09-02T02:45:00,PL-01-IN,1350-00-01-01,東港所琉球鄉本福村等小區計劃-琉球白沙線,22.3424706,120.3730882,45.23,mH2O,synthetic
2026-09-02T03:00:00,PL-01-IN,1350-00-01-01,東港所琉球鄉本福村等小區計劃-琉球白沙線,22.3424706,120.3730882,44.58,mH2O,synthetic
2026-09-02T03:15:00,PL-01-IN,1350-00-01-01,東港所琉球鄉本福村等小區計劃-琉球白沙線,22.3424706,120.3730882,45.23,mH2O,synthetic
2026-09-02T03:30:00,PL-01-IN,1350-00-01-01,東港所琉球鄉本福村等小區計劃-琉球白沙線,22.3424706,120.3730882,45.12,mH2O,synthetic
2026-09-02T03:45:00,PL-01-IN,1350-00-01-01,東港所琉球鄉本福村等小區計劃-琉球白沙線,22.3424706,120.3730882,44.75,mH2O,synthetic
2026-09-02T04:00:00,PL-01-IN,1350-00-01-01,東港所琉球鄉本福村等小區計劃-琉球白沙線,22.3424706,120.3730882,44.57,mH2O,synthetic
2026-09-02T04:15:00,PL-01-IN,1350-00-01-01,東港所琉球鄉本福村等小區計劃-琉球白沙線,22.3424706,120.3730882,44.51,mH2O,synthetic
2026-09-02T04:30:00,PL-01-IN,1350-00-01-01,東港所琉球鄉本福村等小區計劃-琉球白沙線,22.3424706,120.3730882,44.65,mH2O,synthetic
2026-09-02T04:45:00,PL-01-IN,1350-00-01-01,東港所琉球鄉本福村等小區計劃-琉球白沙線,22.3424706,120.3730882,43.77,mH2O,synthetic
2026-09-02T05:00:00,PL-01-IN,1350-00-01-01,東港所琉球鄉本福村等小區計劃-琉球白沙線,22.3424706,120.3730882,43.6,mH2O,synthetic
2026-09-02T05:15:00,PL-01-IN,1350-00-01-01,東港所琉球鄉本福村等小區計劃-琉球白沙線,22.3424706,120.3730882,43.65,mH2O,synthetic
2026-09-02T05:30:00,PL-01-IN,1350-00-01-01,東港所琉球鄉本福村等小區計劃-琉球白沙線,22.3424706,120.3730882,42.85,mH2O,synthetic
2026-09-02T05:45:00,PL-01-IN,1350-00-01-01,東港所琉球鄉本福村等小區計劃-琉球白沙線,22.3424706,120.3730882,42.42,mH2O,synthetic
2026-09-02T06:00:00,PL-01-IN,1350-00-01-01,東港所琉球鄉本福村等小區計劃-琉球白沙線,22.3424706,120.3730882,42.03,mH2O,synthetic
2026-09-02T06:15:00,PL-01-IN,1350-00-01-01,東港所琉球鄉本福村等小區計劃-琉球白沙線,22.3424706,120.3730882,41.22,mH2O,synthetic
2026-09-02T06:30:00,PL-01-IN,1350-00-01-01,東港所琉球鄉本福村等小區計劃-琉球白沙線,22.3424706,120.3730882,41.02,mH2O,synthetic
2026-09-02T06:45:00,PL-01-IN,1350-00-01-01,東港所琉球鄉本福村等小區計劃-琉球白沙線,22.3424706,120.3730882,40.23,mH2O,synthetic
2026-09-02T07:00:00,PL-01-IN,1350-00-01-01,東港所琉球鄉本福村等小區計劃-琉球白沙線,22.3424706,120.3730882,40.3,mH2O,synthetic
2026-09-02T07:15:00,PL-01-IN,1350-00-01-01,東港所琉球鄉本福村等小區計劃-琉球白沙線,22.3424706,120.3730882,39.85,mH2O,synthetic
2026-09-02T07:30:00,PL-01-IN,1350-00-01-01,東港所琉球鄉本福村等小區計劃-琉球白沙線,22.3424706,120.3730882,40.25,mH2O,synthetic
2026-09-02T07:45:00,PL-01-IN,1350-00-01-01,東港所琉球鄉本福村等小區計劃-琉球白沙線,22.3424706,120.3730882,39.87,mH2O,synthetic
2026-09-02T08:00:00,PL-01-IN,1350-00-01-01,東港所琉球鄉本福村等小區計劃-琉球白沙線,22.3424706,120.3730882,40.33,mH2O,synthetic
2026-09-02T08:15:00,PL-01-IN,1350-00-01-01,東港所琉球鄉本福村等小區計劃-琉球白沙線,22.3424706,120.3730882,40.08,mH2O,synthetic
2026-09-02T08:30:00,PL-01-IN,1350-00-01-01,東港所琉球鄉本福村等小區計劃-琉球白沙線,22.3424706,120.3730882,40.75,mH2O,synthetic
2026-09-02T08:45:00,PL-01-IN,1350-00-01-01,東港所琉球鄉本福村等小區計劃-琉球白沙線,22.3424706,120.3730882,41.28,mH2O,synthetic
2026-09-02T09:00:00,PL-01-IN,1350-00-01-01,東港所琉球鄉本福村等小區計劃-琉球白沙線,22.3424706,120.3730882,42.02,mH2O,synthetic
2026-09-02T09:15:00,PL-01-IN,1350-00-01-01,東港所琉球鄉本福村等小區計劃-琉球白沙線,22.3424706,120.3730882,41.63,mH2O,synthetic
2026-09-02T09:30:00,PL-01-IN,1350-00-01-01,東港所琉球鄉本福村等小區計劃-琉球白沙線,22.3424706,120.3730882,42.53,mH2O,synthetic
2026-09-02T09:45:00,PL-01-IN,1350-00-01-01,東港所琉球鄉本福村等小區計劃-琉球白沙線,22.3424706,120.3730882,42.67,mH2O,synthetic
2026-09-02T10:00:00,PL-01-IN,1350-00-01-01,東港所琉球鄉本福村等小區計劃-琉球白沙線,22.3424706,120.3730882,43.05,mH2O,synthetic
2026-09-02T10:15:00,PL-01-IN,1350-00-01-01,東港所琉球鄉本福村等小區計劃-琉球白沙線,22.3424706,120.3730882,42.98,mH2O,synthetic
2026-09-02T10:30:00,PL-01-IN,1350-00-01-01,東港所琉球鄉本福村等小區計劃-琉球白沙線,22.3424706,120.3730882,42.91,mH2O,synthetic
2026-09-02T10:45:00,PL-01-IN,1350-00-01-01,東港所琉球鄉本福村等小區計劃-琉球白沙線,22.3424706,120.3730882,42.83,mH2O,synthetic
2026-09-02T11:00:00,PL-01-IN,1350-00-01-01,東港所琉球鄉本福村等小區計劃-琉球白沙線,22.3424706,120.3730882,42.7,mH2O,synthetic
2026-09-02T11:15:00,PL-01-IN,1350-00-01-01,東港所琉球鄉本福村等小區計劃-琉球白沙線,22.3424706,120.3730882,43.03,mH2O,synthetic
2026-09-02T11:30:00,PL-01-IN,1350-00-01-01,東港所琉球鄉本福村等小區計劃-琉球白沙線,22.3424706,120.3730882,42.95,mH2O,synthetic
2026-09-02T11:45:00,PL-01-IN,1350-00-01-01,東港所琉球鄉本福村等小區計劃-琉球白沙線,22.3424706,120.3730882,43.44,mH2O,synthetic
2026-09-02T12:00:00,PL-01-IN,1350-00-01-01,東港所琉球鄉本福村等小區計劃-琉球白沙線,22.3424706,120.3730882,42.86,mH2O,synthetic
2026-09-02T12:15:00,PL-01-IN,1350-00-01-01,東港所琉球鄉本福村等小區計劃-琉球白沙線,22.3424706,120.3730882,43.07,mH2O,synthetic
2026-09-02T12:30:00,PL-01-IN,1350-00-01-01,東港所琉球鄉本福村等小區計劃-琉球白沙線,22.3424706,120.3730882,42.65,mH2O,synthetic
2026-09-02T12:45:00,PL-01-IN,1350-00-01-01,東港所琉球鄉本福村等小區計劃-琉球白沙線,22.3424706,120.3730882,42.91,mH2O,synthetic
2026-09-02T13:00:00,PL-01-IN,1350-00-01-01,東港所琉球鄉本福村等小區計劃-琉球白沙線,22.3424706,120.3730882,43.06,mH2O,synthetic
2026-09-02T13:15:00,PL-01-IN,1350-00-01-01,東港所琉球鄉本福村等小區計劃-琉球白沙線,22.3424706,120.3730882,43.18,mH2O,synthetic
2026-09-02T13:30:00,PL-01-IN,1350-00-01-01,東港所琉球鄉本福村等小區計劃-琉球白沙線,22.3424706,120.3730882,43.32,mH2O,synthetic
2026-09-02T13:45:00,PL-01-IN,1350-00-01-01,東港所琉球鄉本福村等小區計劃-琉球白沙線,22.3424706,120.3730882,42.99,mH2O,synthetic
2026-09-02T14:00:00,PL-01-IN,1350-00-01-01,東港所琉球鄉本福村等小區計劃-琉球白沙線,22.3424706,120.3730882,42.75,mH2O,synthetic
2026-09-02T14:15:00,PL-01-IN,1350-00-01-01,東港所琉球鄉本福村等小區計劃-琉球白沙線,22.3424706,120.3730882,43.09,mH2O,synthetic
2026-09-02T14:30:00,PL-01-IN,1350-00-01-01,東港所琉球鄉本福村等小區計劃-琉球白沙線,22.3424706,120.3730882,43.09,mH2O,synthetic
2026-09-02T14:45:00,PL-01-IN,1350-00-01-01,東港所琉球鄉本福村等小區計劃-琉球白沙線,22.3424706,120.3730882,43.07,mH2O,synthetic
2026-09-02T15:00:00,PL-01-IN,1350-00-01-01,東港所琉球鄉本福村等小區計劃-琉球白沙線,22.3424706,120.3730882,42.78,mH2O,synthetic
2026-09-02T15:15:00,PL-01-IN,1350-00-01-01,東港所琉球鄉本福村等小區計劃-琉球白沙線,22.3424706,120.3730882,43.14,mH2O,synthetic
2026-09-02T15:30:00,PL-01-IN,1350-00-01-01,東港所琉球鄉本福村等小區計劃-琉球白沙線,22.3424706,120.3730882,42.84,mH2O,synthetic
2026-09-02T15:45:00,PL-01-IN,1350-00-01-01,東港所琉球鄉本福村等小區計劃-琉球白沙線,22.3424706,120.3730882,42.88,mH2O,synthetic
2026-09-02T16:00:00,PL-01-IN,1350-00-01-01,東港所琉球鄉本福村等小區計劃-琉球白沙線,22.3424706,120.3730882,42.88,mH2O,synthetic
2026-09-02T16:15:00,PL-01-IN,1350-00-01-01,東港所琉球鄉本福村等小區計劃-琉球白沙線,22.3424706,120.3730882,42.56,mH2O,synthetic
2026-09-02T16:30:00,PL-01-IN,1350-00-01-01,東港所琉球鄉本福村等小區計劃-琉球白沙線,22.3424706,120.3730882,42.27,mH2O,synthetic
2026-09-02T16:45:00,PL-01-IN,1350-00-01-01,東港所琉球鄉本福村等小區計劃-琉球白沙線,22.3424706,120.3730882,42.4,mH2O,synthetic
2026-09-02T17:00:00,PL-01-IN,1350-00-01-01,東港所琉球鄉本福村等小區計劃-琉球白沙線,22.3424706,120.3730882,41.66,mH2O,synthetic
2026-09-02T17:15:00,PL-01-IN,1350-00-01-01,東港所琉球鄉本福村等小區計劃-琉球白沙線,22.3424706,120.3730882,41.17,mH2O,synthetic
2026-09-02T17:30:00,PL-01-IN,1350-00-01-01,東港所琉球鄉本福村等小區計劃-琉球白沙線,22.3424706,120.3730882,40.86,mH2O,synthetic
2026-09-02T17:45:00,PL-01-IN,1350-00-01-01,東港所琉球鄉本福村等小區計劃-琉球白沙線,22.3424706,120.3730882,40.76,mH2O,synthetic
2026-09-02T18:00:00,PL-01-IN,1350-00-01-01,東港所琉球鄉本福村等小區計劃-琉球白沙線,22.3424706,120.3730882,40.07,mH2O,synthetic
2026-09-02T18:15:00,PL-01-IN,1350-00-01-01,東港所琉球鄉本福村等小區計劃-琉球白沙線,22.3424706,120.3730882,39.81,mH2O,synthetic
2026-09-02T18:30:00,PL-01-IN,1350-00-01-01,東港所琉球鄉本福村等小區計劃-琉球白沙線,22.3424706,120.3730882,39.69,mH2O,synthetic
2026-09-02T18:45:00,PL-01-IN,1350-00-01-01,東港所琉球鄉本福村等小區計劃-琉球白沙線,22.3424706,120.3730882,39.15,mH2O,synthetic
2026-09-02T19:00:00,PL-01-IN,1350-00-01-01,東港所琉球鄉本福村等小區計劃-琉球白沙線,22.3424706,120.3730882,38.82,mH2O,synthetic
2026-09-02T19:15:00,PL-01-IN,1350-00-01-01,東港所琉球鄉本福村等小區計劃-琉球白沙線,22.3424706,120.3730882,39.32,mH2O,synthetic
2026-09-02T19:30:00,PL-01-IN,1350-00-01-01,東港所琉球鄉本福村等小區計劃-琉球白沙線,22.3424706,120.3730882,39.48,mH2O,synthetic
2026-09-02T19:45:00,PL-01-IN,1350-00-01-01,東港所琉球鄉本福村等小區計劃-琉球白沙線,22.3424706,120.3730882,39.56,mH2O,synthetic
2026-09-02T20:00:00,PL-01-IN,1350-00-01-01,東港所琉球鄉本福村等小區計劃-琉球白沙線,22.3424706,120.3730882,40.23,mH2O,synthetic
2026-09-02T20:15:00,PL-01-IN,1350-00-01-01,東港所琉球鄉本福村等小區計劃-琉球白沙線,22.3424706,120.3730882,40.56,mH2O,synthetic
2026-09-02T20:30:00,PL-01-IN,1350-00-01-01,東港所琉球鄉本福村等小區計劃-琉球白沙線,22.3424706,120.3730882,40.62,mH2O,synthetic
2026-09-02T20:45:00,PL-01-IN,1350-00-01-01,東港所琉球鄉本福村等小區計劃-琉球白沙線,22.3424706,120.3730882,41.35,mH2O,synthetic
2026-09-02T21:00:00,PL-01-IN,1350-00-01-01,東港所琉球鄉本福村等小區計劃-琉球白沙線,22.3424706,120.3730882,41.56,mH2O,synthetic
2026-09-02T21:15:00,PL-01-IN,1350-00-01-01,東港所琉球鄉本福村等小區計劃-琉球白沙線,22.3424706,120.3730882,41.6,mH2O,synthetic
2026-09-02T21:30:00,PL-01-IN,1350-00-01-01,東港所琉球鄉本福村等小區計劃-琉球白沙線,22.3424706,120.3730882,42.3,mH2O,synthetic
2026-09-02T21:45:00,PL-01-IN,1350-00-01-01,東港所琉球鄉本福村等小區計劃-琉球白沙線,22.3424706,120.3730882,42.42,mH2O,synthetic
2026-09-02T22:00:00,PL-01-IN,1350-00-01-01,東港所琉球鄉本福村等小區計劃-琉球白沙線,22.3424706,120.3730882,42.44,mH2O,synthetic
2026-09-02T22:15:00,PL-01-IN,1350-00-01-01,東港所琉球鄉本福村等小區計劃-琉球白沙線,22.3424706,120.3730882,42.84,mH2O,synthetic
2026-09-02T22:30:00,PL-01-IN,1350-00-01-01,東港所琉球鄉本福村等小區計劃-琉球白沙線,22.3424706,120.3730882,42.93,mH2O,synthetic
2026-09-02T22:45:00,PL-01-IN,1350-00-01-01,東港所琉球鄉本福村等小區計劃-琉球白沙線,22.3424706,120.3730882,42.76,mH2O,synthetic
2026-09-02T23:00:00,PL-01-IN,1350-00-01-01,東港所琉球鄉本福村等小區計劃-琉球白沙線,22.3424706,120.3730882,43.02,mH2O,synthetic
2026-09-02T23:15:00,PL-01-IN,1350-00-01-01,東港所琉球鄉本福村等小區計劃-琉球白沙線,22.3424706,120.3730882,43.18,mH2O,synthetic
2026-09-02T23:30:00,PL-01-IN,1350-00-01-01,東港所琉球鄉本福村等小區計劃-琉球白沙線,22.3424706,120.3730882,42.82,mH2O,synthetic
2026-09-02T23:45:00,PL-01-IN,1350-00-01-01,東港所琉球鄉本福村等小區計劃-琉球白沙線,22.3424706,120.3730882,43.07,mH2O,synthetic
2026-09-03T00:00:00,PL-01-IN,1350-00-01-01,東港所琉球鄉本福村等小區計劃-琉球白沙線,22.3424706,120.3730882,43.38,mH2O,synthetic
2026-09-03T00:15:00,PL-01-IN,1350-00-01-01,東港所琉球鄉本福村等小區計劃-琉球白沙線,22.3424706,120.3730882,44.0,mH2O,synthetic
2026-09-03T00:30:00,PL-01-IN,1350-00-01-01,東港所琉球鄉本福村等小區計劃-琉球白沙線,22.3424706,120.3730882,43.23,mH2O,synthetic
2026-09-03T00:45:00,PL-01-IN,1350-00-01-01,東港所琉球鄉本福村等小區計劃-琉球白沙線,22.3424706,120.3730882,43.96,mH2O,synthetic
2026-09-03T01:00:00,PL-01-IN,1350-00-01-01,東港所琉球鄉本福村等小區計劃-琉球白沙線,22.3424706,120.3730882,43.92,mH2O,synthetic
2026-09-03T01:15:00,PL-01-IN,1350-00-01-01,東港所琉球鄉本福村等小區計劃-琉球白沙線,22.3424706,120.3730882,44.16,mH2O,synthetic
2026-09-03T01:30:00,PL-01-IN,1350-00-01-01,東港所琉球鄉本福村等小區計劃-琉球白沙線,22.3424706,120.3730882,44.79,mH2O,synthetic
2026-09-03T01:45:00,PL-01-IN,1350-00-01-01,東港所琉球鄉本福村等小區計劃-琉球白沙線,22.3424706,120.3730882,44.56,mH2O,synthetic
2026-09-03T02:00:00,PL-01-IN,1350-00-01-01,東港所琉球鄉本福村等小區計劃-琉球白沙線,22.3424706,120.3730882,45.23,mH2O,synthetic
2026-09-03T02:15:00,PL-01-IN,1350-00-01-01,東港所琉球鄉本福村等小區計劃-琉球白沙線,22.3424706,120.3730882,44.79,mH2O,synthetic
2026-09-03T02:30:00,PL-01-IN,1350-00-01-01,東港所琉球鄉本福村等小區計劃-琉球白沙線,22.3424706,120.3730882,45.08,mH2O,synthetic
2026-09-03T02:45:00,PL-01-IN,1350-00-01-01,東港所琉球鄉本福村等小區計劃-琉球白沙線,22.3424706,120.3730882,44.97,mH2O,synthetic
2026-09-03T03:00:00,PL-01-IN,1350-00-01-01,東港所琉球鄉本福村等小區計劃-琉球白沙線,22.3424706,120.3730882,44.95,mH2O,synthetic
2026-09-03T03:15:00,PL-01-IN,1350-00-01-01,東港所琉球鄉本福村等小區計劃-琉球白沙線,22.3424706,120.3730882,45.09,mH2O,synthetic
2026-09-03T03:30:00,PL-01-IN,1350-00-01-01,東港所琉球鄉本福村等小區計劃-琉球白沙線,22.3424706,120.3730882,44.93,mH2O,synthetic
2026-09-03T03:45:00,PL-01-IN,1350-00-01-01,東港所琉球鄉本福村等小區計劃-琉球白沙線,22.3424706,120.3730882,44.92,mH2O,synthetic
2026-09-03T04:00:00,PL-01-IN,1350-00-01-01,東港所琉球鄉本福村等小區計劃-琉球白沙線,22.3424706,120.3730882,44.25,mH2O,synthetic
2026-09-03T04:15:00,PL-01-IN,1350-00-01-01,東港所琉球鄉本福村等小區計劃-琉球白沙線,22.3424706,120.3730882,44.95,mH2O,synthetic
2026-09-03T04:30:00,PL-01-IN,1350-00-01-01,東港所琉球鄉本福村等小區計劃-琉球白沙線,22.3424706,120.3730882,44.24,mH2O,synthetic
2026-09-03T04:45:00,PL-01-IN,1350-00-01-01,東港所琉球鄉本福村等小區計劃-琉球白沙線,22.3424706,120.3730882,44.39,mH2O,synthetic
2026-09-03T05:00:00,PL-01-IN,1350-00-01-01,東港所琉球鄉本福村等小區計劃-琉球白沙線,22.3424706,120.3730882,43.48,mH2O,synthetic
2026-09-03T05:15:00,PL-01-IN,1350-00-01-01,東港所琉球鄉本福村等小區計劃-琉球白沙線,22.3424706,120.3730882,43.41,mH2O,synthetic
2026-09-03T05:30:00,PL-01-IN,1350-00-01-01,東港所琉球鄉本福村等小區計劃-琉球白沙線,22.3424706,120.3730882,43.65,mH2O,synthetic
2026-09-03T05:45:00,PL-01-IN,1350-00-01-01,東港所琉球鄉本福村等小區計劃-琉球白沙線,22.3424706,120.3730882,42.31,mH2O,synthetic
2026-09-03T06:00:00,PL-01-IN,1350-00-01-01,東港所琉球鄉本福村等小區計劃-琉球白沙線,22.3424706,120.3730882,41.68,mH2O,synthetic
2026-09-03T06:15:00,PL-01-IN,1350-00-01-01,東港所琉球鄉本福村等小區計劃-琉球白沙線,22.3424706,120.3730882,41.37,mH2O,synthetic
2026-09-03T06:30:00,PL-01-IN,1350-00-01-01,東港所琉球鄉本福村等小區計劃-琉球白沙線,22.3424706,120.3730882,41.08,mH2O,synthetic
2026-09-03T06:45:00,PL-01-IN,1350-00-01-01,東港所琉球鄉本福村等小區計劃-琉球白沙線,22.3424706,120.3730882,40.65,mH2O,synthetic
2026-09-03T07:00:00,PL-01-IN,1350-00-01-01,東港所琉球鄉本福村等小區計劃-琉球白沙線,22.3424706,120.3730882,40.39,mH2O,synthetic
2026-09-03T07:15:00,PL-01-IN,1350-00-01-01,東港所琉球鄉本福村等小區計劃-琉球白沙線,22.3424706,120.3730882,39.79,mH2O,synthetic
2026-09-03T07:30:00,PL-01-IN,1350-00-01-01,東港所琉球鄉本福村等小區計劃-琉球白沙線,22.3424706,120.3730882,39.39,mH2O,synthetic
2026-09-03T07:45:00,PL-01-IN,1350-00-01-01,東港所琉球鄉本福村等小區計劃-琉球白沙線,22.3424706,120.3730882,39.71,mH2O,synthetic
2026-09-03T08:00:00,PL-01-IN,1350-00-01-01,東港所琉球鄉本福村等小區計劃-琉球白沙線,22.3424706,120.3730882,40.3,mH2O,synthetic
2026-09-03T08:15:00,PL-01-IN,1350-00-01-01,東港所琉球鄉本福村等小區計劃-琉球白沙線,22.3424706,120.3730882,40.46,mH2O,synthetic
2026-09-03T08:30:00,PL-01-IN,1350-00-01-01,東港所琉球鄉本福村等小區計劃-琉球白沙線,22.3424706,120.3730882,40.34,mH2O,synthetic
2026-09-03T08:45:00,PL-01-IN,1350-00-01-01,東港所琉球鄉本福村等小區計劃-琉球白沙線,22.3424706,120.3730882,41.2,mH2O,synthetic
2026-09-03T09:00:00,PL-01-IN,1350-00-01-01,東港所琉球鄉本福村等小區計劃-琉球白沙線,22.3424706,120.3730882,41.94,mH2O,synthetic
2026-09-03T09:15:00,PL-01-IN,1350-00-01-01,東港所琉球鄉本福村等小區計劃-琉球白沙線,22.3424706,120.3730882,42.47,mH2O,synthetic
2026-09-03T09:30:00,PL-01-IN,1350-00-01-01,東港所琉球鄉本福村等小區計劃-琉球白沙線,22.3424706,120.3730882,42.43,mH2O,synthetic
2026-09-03T09:45:00,PL-01-IN,1350-00-01-01,東港所琉球鄉本福村等小區計劃-琉球白沙線,22.3424706,120.3730882,42.61,mH2O,synthetic
2026-09-03T10:00:00,PL-01-IN,1350-00-01-01,東港所琉球鄉本福村等小區計劃-琉球白沙線,22.3424706,120.3730882,42.44,mH2O,synthetic
2026-09-03T10:15:00,PL-01-IN,1350-00-01-01,東港所琉球鄉本福村等小區計劃-琉球白沙線,22.3424706,120.3730882,42.64,mH2O,synthetic
2026-09-03T10:30:00,PL-01-IN,1350-00-01-01,東港所琉球鄉本福村等小區計劃-琉球白沙線,22.3424706,120.3730882,42.91,mH2O,synthetic
2026-09-03T10:45:00,PL-01-IN,1350-00-01-01,東港所琉球鄉本福村等小區計劃-琉球白沙線,22.3424706,120.3730882,43.06,mH2O,synthetic
2026-09-03T11:00:00,PL-01-IN,1350-00-01-01,東港所琉球鄉本福村等小區計劃-琉球白沙線,22.3424706,120.3730882,43.1,mH2O,synthetic
2026-09-03T11:15:00,PL-01-IN,1350-00-01-01,東港所琉球鄉本福村等小區計劃-琉球白沙線,22.3424706,120.3730882,42.88,mH2O,synthetic
2026-09-03T11:30:00,PL-01-IN,1350-00-01-01,東港所琉球鄉本福村等小區計劃-琉球白沙線,22.3424706,120.3730882,42.74,mH2O,synthetic
2026-09-03T11:45:00,PL-01-IN,1350-00-01-01,東港所琉球鄉本福村等小區計劃-琉球白沙線,22.3424706,120.3730882,42.83,mH2O,synthetic
2026-09-03T12:00:00,PL-01-IN,1350-00-01-01,東港所琉球鄉本福村等小區計劃-琉球白沙線,22.3424706,120.3730882,42.74,mH2O,synthetic
2026-09-03T12:15:00,PL-01-IN,1350-00-01-01,東港所琉球鄉本福村等小區計劃-琉球白沙線,22.3424706,120.3730882,43.14,mH2O,synthetic
2026-09-03T12:30:00,PL-01-IN,1350-00-01-01,東港所琉球鄉本福村等小區計劃-琉球白沙線,22.3424706,120.3730882,42.49,mH2O,synthetic
2026-09-03T12:45:00,PL-01-IN,1350-00-01-01,東港所琉球鄉本福村等小區計劃-琉球白沙線,22.3424706,120.3730882,42.93,mH2O,synthetic
2026-09-03T13:00:00,PL-01-IN,1350-00-01-01,東港所琉球鄉本福村等小區計劃-琉球白沙線,22.3424706,120.3730882,43.1,mH2O,synthetic
2026-09-03T13:15:00,PL-01-IN,1350-00-01-01,東港所琉球鄉本福村等小區計劃-琉球白沙線,22.3424706,120.3730882,43.33,mH2O,synthetic
2026-09-03T13:30:00,PL-01-IN,1350-00-01-01,東港所琉球鄉本福村等小區計劃-琉球白沙線,22.3424706,120.3730882,43.01,mH2O,synthetic
2026-09-03T13:45:00,PL-01-IN,1350-00-01-01,東港所琉球鄉本福村等小區計劃-琉球白沙線,22.3424706,120.3730882,43.22,mH2O,synthetic
2026-09-03T14:00:00,PL-01-IN,1350-00-01-01,東港所琉球鄉本福村等小區計劃-琉球白沙線,22.3424706,120.3730882,42.9,mH2O,synthetic
2026-09-03T14:15:00,PL-01-IN,1350-00-01-01,東港所琉球鄉本福村等小區計劃-琉球白沙線,22.3424706,120.3730882,42.82,mH2O,synthetic
2026-09-03T14:30:00,PL-01-IN,1350-00-01-01,東港所琉球鄉本福村等小區計劃-琉球白沙線,22.3424706,120.3730882,42.83,mH2O,synthetic
2026-09-03T14:45:00,PL-01-IN,1350-00-01-01,東港所琉球鄉本福村等小區計劃-琉球白沙線,22.3424706,120.3730882,43.29,mH2O,synthetic
2026-09-03T15:00:00,PL-01-IN,1350-00-01-01,東港所琉球鄉本福村等小區計劃-琉球白沙線,22.3424706,120.3730882,43.15,mH2O,synthetic
2026-09-03T15:15:00,PL-01-IN,1350-00-01-01,東港所琉球鄉本福村等小區計劃-琉球白沙線,22.3424706,120.3730882,42.99,mH2O,synthetic
2026-09-03T15:30:00,PL-01-IN,1350-00-01-01,東港所琉球鄉本福村等小區計劃-琉球白沙線,22.3424706,120.3730882,43.55,mH2O,synthetic
2026-09-03T15:45:00,PL-01-IN,1350-00-01-01,東港所琉球鄉本福村等小區計劃-琉球白沙線,22.3424706,120.3730882,42.72,mH2O,synthetic
2026-09-03T16:00:00,PL-01-IN,1350-00-01-01,東港所琉球鄉本福村等小區計劃-琉球白沙線,22.3424706,120.3730882,42.74,mH2O,synthetic
2026-09-03T16:15:00,PL-01-IN,1350-00-01-01,東港所琉球鄉本福村等小區計劃-琉球白沙線,22.3424706,120.3730882,42.49,mH2O,synthetic
2026-09-03T16:30:00,PL-01-IN,1350-00-01-01,東港所琉球鄉本福村等小區計劃-琉球白沙線,22.3424706,120.3730882,42.15,mH2O,synthetic
2026-09-03T16:45:00,PL-01-IN,1350-00-01-01,東港所琉球鄉本福村等小區計劃-琉球白沙線,22.3424706,120.3730882,42.44,mH2O,synthetic
2026-09-03T17:00:00,PL-01-IN,1350-00-01-01,東港所琉球鄉本福村等小區計劃-琉球白沙線,22.3424706,120.3730882,41.93,mH2O,synthetic
2026-09-03T17:15:00,PL-01-IN,1350-00-01-01,東港所琉球鄉本福村等小區計劃-琉球白沙線,22.3424706,120.3730882,40.92,mH2O,synthetic
2026-09-03T17:30:00,PL-01-IN,1350-00-01-01,東港所琉球鄉本福村等小區計劃-琉球白沙線,22.3424706,120.3730882,40.75,mH2O,synthetic
2026-09-03T17:45:00,PL-01-IN,1350-00-01-01,東港所琉球鄉本福村等小區計劃-琉球白沙線,22.3424706,120.3730882,40.52,mH2O,synthetic
2026-09-03T18:00:00,PL-01-IN,1350-00-01-01,東港所琉球鄉本福村等小區計劃-琉球白沙線,22.3424706,120.3730882,40.21,mH2O,synthetic
2026-09-03T18:15:00,PL-01-IN,1350-00-01-01,東港所琉球鄉本福村等小區計劃-琉球白沙線,22.3424706,120.3730882,39.4,mH2O,synthetic
2026-09-03T18:30:00,PL-01-IN,1350-00-01-01,東港所琉球鄉本福村等小區計劃-琉球白沙線,22.3424706,120.3730882,38.93,mH2O,synthetic
2026-09-03T18:45:00,PL-01-IN,1350-00-01-01,東港所琉球鄉本福村等小區計劃-琉球白沙線,22.3424706,120.3730882,38.84,mH2O,synthetic
2026-09-03T19:00:00,PL-01-IN,1350-00-01-01,東港所琉球鄉本福村等小區計劃-琉球白沙線,22.3424706,120.3730882,39.18,mH2O,synthetic
2026-09-03T19:15:00,PL-01-IN,1350-00-01-01,東港所琉球鄉本福村等小區計劃-琉球白沙線,22.3424706,120.3730882,39.24,mH2O,synthetic
2026-09-03T19:30:00,PL-01-IN,1350-00-01-01,東港所琉球鄉本福村等小區計劃-琉球白沙線,22.3424706,120.3730882,39.51,mH2O,synthetic
2026-09-03T19:45:00,PL-01-IN,1350-00-01-01,東港所琉球鄉本福村等小區計劃-琉球白沙線,22.3424706,120.3730882,39.53,mH2O,synthetic
2026-09-03T20:00:00,PL-01-IN,1350-00-01-01,東港所琉球鄉本福村等小區計劃-琉球白沙線,22.3424706,120.3730882,39.77,mH2O,synthetic
2026-09-03T20:15:00,PL-01-IN,1350-00-01-01,東港所琉球鄉本福村等小區計劃-琉球白沙線,22.3424706,120.3730882,39.98,mH2O,synthetic
2026-09-03T20:30:00,PL-01-IN,1350-00-01-01,東港所琉球鄉本福村等小區計劃-琉球白沙線,22.3424706,120.3730882,40.91,mH2O,synthetic
2026-09-03T20:45:00,PL-01-IN,1350-00-01-01,東港所琉球鄉本福村等小區計劃-琉球白沙線,22.3424706,120.3730882,41.31,mH2O,synthetic
2026-09-03T21:00:00,PL-01-IN,1350-00-01-01,東港所琉球鄉本福村等小區計劃-琉球白沙線,22.3424706,120.3730882,41.82,mH2O,synthetic
2026-09-03T21:15:00,PL-01-IN,1350-00-01-01,東港所琉球鄉本福村等小區計劃-琉球白沙線,22.3424706,120.3730882,42.1,mH2O,synthetic
2026-09-03T21:30:00,PL-01-IN,1350-00-01-01,東港所琉球鄉本福村等小區計劃-琉球白沙線,22.3424706,120.3730882,42.16,mH2O,synthetic
2026-09-03T21:45:00,PL-01-IN,1350-00-01-01,東港所琉球鄉本福村等小區計劃-琉球白沙線,22.3424706,120.3730882,42.72,mH2O,synthetic
2026-09-03T22:00:00,PL-01-IN,1350-00-01-01,東港所琉球鄉本福村等小區計劃-琉球白沙線,22.3424706,120.3730882,42.57,mH2O,synthetic
2026-09-03T22:15:00,PL-01-IN,1350-00-01-01,東港所琉球鄉本福村等小區計劃-琉球白沙線,22.3424706,120.3730882,42.58,mH2O,synthetic
2026-09-03T22:30:00,PL-01-IN,1350-00-01-01,東港所琉球鄉本福村等小區計劃-琉球白沙線,22.3424706,120.3730882,42.71,mH2O,synthetic
2026-09-03T22:45:00,PL-01-IN,1350-00-01-01,東港所琉球鄉本福村等小區計劃-琉球白沙線,22.3424706,120.3730882,42.76,mH2O,synthetic
2026-09-03T23:00:00,PL-01-IN,1350-00-01-01,東港所琉球鄉本福村等小區計劃-琉球白沙線,22.3424706,120.3730882,42.45,mH2O,synthetic
2026-09-03T23:15:00,PL-01-IN,1350-00-01-01,東港所琉球鄉本福村等小區計劃-琉球白沙線,22.3424706,120.3730882,42.99,mH2O,synthetic
2026-09-03T23:30:00,PL-01-IN,1350-00-01-01,東港所琉球鄉本福村等小區計劃-琉球白沙線,22.3424706,120.3730882,43.03,mH2O,synthetic
2026-09-03T23:45:00,PL-01-IN,1350-00-01-01,東港所琉球鄉本福村等小區計劃-琉球白沙線,22.3424706,120.3730882,42.91,mH2O,synthetic
2026-09-01T00:00:00,PL-01-MID,1350-00-01-01,東港所琉球鄉本福村等小區計劃-琉球白沙線,22.3460534,120.3832664,38.23,mH2O,synthetic
2026-09-01T00:15:00,PL-01-MID,1350-00-01-01,東港所琉球鄉本福村等小區計劃-琉球白沙線,22.3460534,120.3832664,38.58,mH2O,synthetic
2026-09-01T00:30:00,PL-01-MID,1350-00-01-01,東港所琉球鄉本福村等小區計劃-琉球白沙線,22.3460534,120.3832664,39.02,mH2O,synthetic
2026-09-01T00:45:00,PL-01-MID,1350-00-01-01,東港所琉球鄉本福村等小區計劃-琉球白沙線,22.3460534,120.3832664,38.81,mH2O,synthetic
2026-09-01T01:00:00,PL-01-MID,1350-00-01-01,東港所琉球鄉本福村等小區計劃-琉球白沙線,22.3460534,120.3832664,38.87,mH2O,synthetic
2026-09-01T01:15:00,PL-01-MID,1350-00-01-01,東港所琉球鄉本福村等小區計劃-琉球白沙線,22.3460534,120.3832664,39.05,mH2O,synthetic
2026-09-01T01:30:00,PL-01-MID,1350-00-01-01,東港所琉球鄉本福村等小區計劃-琉球白沙線,22.3460534,120.3832664,39.36,mH2O,synthetic
2026-09-01T01:45:00,PL-01-MID,1350-00-01-01,東港所琉球鄉本福村等小區計劃-琉球白沙線,22.3460534,120.3832664,39.28,mH2O,synthetic
2026-09-01T02:00:00,PL-01-MID,1350-00-01-01,東港所琉球鄉本福村等小區計劃-琉球白沙線,22.3460534,120.3832664,39.71,mH2O,synthetic
2026-09-01T02:15:00,PL-01-MID,1350-00-01-01,東港所琉球鄉本福村等小區計劃-琉球白沙線,22.3460534,120.3832664,39.9,mH2O,synthetic
2026-09-01T02:30:00,PL-01-MID,1350-00-01-01,東港所琉球鄉本福村等小區計劃-琉球白沙線,22.3460534,120.3832664,40.41,mH2O,synthetic
2026-09-01T02:45:00,PL-01-MID,1350-00-01-01,東港所琉球鄉本福村等小區計劃-琉球白沙線,22.3460534,120.3832664,40.28,mH2O,synthetic
2026-09-01T03:00:00,PL-01-MID,1350-00-01-01,東港所琉球鄉本福村等小區計劃-琉球白沙線,22.3460534,120.3832664,40.33,mH2O,synthetic
2026-09-01T03:15:00,PL-01-MID,1350-00-01-01,東港所琉球鄉本福村等小區計劃-琉球白沙線,22.3460534,120.3832664,39.92,mH2O,synthetic
2026-09-01T03:30:00,PL-01-MID,1350-00-01-01,東港所琉球鄉本福村等小區計劃-琉球白沙線,22.3460534,120.3832664,40.14,mH2O,synthetic
2026-09-01T03:45:00,PL-01-MID,1350-00-01-01,東港所琉球鄉本福村等小區計劃-琉球白沙線,22.3460534,120.3832664,39.62,mH2O,synthetic
2026-09-01T04:00:00,PL-01-MID,1350-00-01-01,東港所琉球鄉本福村等小區計劃-琉球白沙線,22.3460534,120.3832664,39.78,mH2O,synthetic
2026-09-01T04:15:00,PL-01-MID,1350-00-01-01,東港所琉球鄉本福村等小區計劃-琉球白沙線,22.3460534,120.3832664,39.6,mH2O,synthetic
2026-09-01T04:30:00,PL-01-MID,1350-00-01-01,東港所琉球鄉本福村等小區計劃-琉球白沙線,22.3460534,120.3832664,39.11,mH2O,synthetic
2026-09-01T04:45:00,PL-01-MID,1350-00-01-01,東港所琉球鄉本福村等小區計劃-琉球白沙線,22.3460534,120.3832664,39.44,mH2O,synthetic
2026-09-01T05:00:00,PL-01-MID,1350-00-01-01,東港所琉球鄉本福村等小區計劃-琉球白沙線,22.3460534,120.3832664,38.82,mH2O,synthetic
2026-09-01T05:15:00,PL-01-MID,1350-00-01-01,東港所琉球鄉本福村等小區計劃-琉球白沙線,22.3460534,120.3832664,37.93,mH2O,synthetic
2026-09-01T05:30:00,PL-01-MID,1350-00-01-01,東港所琉球鄉本福村等小區計劃-琉球白沙線,22.3460534,120.3832664,38.07,mH2O,synthetic
2026-09-01T05:45:00,PL-01-MID,1350-00-01-01,東港所琉球鄉本福村等小區計劃-琉球白沙線,22.3460534,120.3832664,37.42,mH2O,synthetic
2026-09-01T06:00:00,PL-01-MID,1350-00-01-01,東港所琉球鄉本福村等小區計劃-琉球白沙線,22.3460534,120.3832664,37.01,mH2O,synthetic
2026-09-01T06:15:00,PL-01-MID,1350-00-01-01,東港所琉球鄉本福村等小區計劃-琉球白沙線,22.3460534,120.3832664,36.6,mH2O,synthetic
2026-09-01T06:30:00,PL-01-MID,1350-00-01-01,東港所琉球鄉本福村等小區計劃-琉球白沙線,22.3460534,120.3832664,36.06,mH2O,synthetic
2026-09-01T06:45:00,PL-01-MID,1350-00-01-01,東港所琉球鄉本福村等小區計劃-琉球白沙線,22.3460534,120.3832664,35.05,mH2O,synthetic
2026-09-01T07:00:00,PL-01-MID,1350-00-01-01,東港所琉球鄉本福村等小區計劃-琉球白沙線,22.3460534,120.3832664,34.85,mH2O,synthetic
2026-09-01T07:15:00,PL-01-MID,1350-00-01-01,東港所琉球鄉本福村等小區計劃-琉球白沙線,22.3460534,120.3832664,35.02,mH2O,synthetic
2026-09-01T07:30:00,PL-01-MID,1350-00-01-01,東港所琉球鄉本福村等小區計劃-琉球白沙線,22.3460534,120.3832664,35.03,mH2O,synthetic
2026-09-01T07:45:00,PL-01-MID,1350-00-01-01,東港所琉球鄉本福村等小區計劃-琉球白沙線,22.3460534,120.3832664,35.23,mH2O,synthetic
2026-09-01T08:00:00,PL-01-MID,1350-00-01-01,東港所琉球鄉本福村等小區計劃-琉球白沙線,22.3460534,120.3832664,35.42,mH2O,synthetic
2026-09-01T08:15:00,PL-01-MID,1350-00-01-01,東港所琉球鄉本福村等小區計劃-琉球白沙線,22.3460534,120.3832664,34.91,mH2O,synthetic
2026-09-01T08:30:00,PL-01-MID,1350-00-01-01,東港所琉球鄉本福村等小區計劃-琉球白沙線,22.3460534,120.3832664,35.94,mH2O,synthetic
2026-09-01T08:45:00,PL-01-MID,1350-00-01-01,東港所琉球鄉本福村等小區計劃-琉球白沙線,22.3460534,120.3832664,35.79,mH2O,synthetic
2026-09-01T09:00:00,PL-01-MID,1350-00-01-01,東港所琉球鄉本福村等小區計劃-琉球白沙線,22.3460534,120.3832664,36.99,mH2O,synthetic
2026-09-01T09:15:00,PL-01-MID,1350-00-01-01,東港所琉球鄉本福村等小區計劃-琉球白沙線,22.3460534,120.3832664,37.06,mH2O,synthetic
2026-09-01T09:30:00,PL-01-MID,1350-00-01-01,東港所琉球鄉本福村等小區計劃-琉球白沙線,22.3460534,120.3832664,37.06,mH2O,synthetic
2026-09-01T09:45:00,PL-01-MID,1350-00-01-01,東港所琉球鄉本福村等小區計劃-琉球白沙線,22.3460534,120.3832664,37.99,mH2O,synthetic
2026-09-01T10:00:00,PL-01-MID,1350-00-01-01,東港所琉球鄉本福村等小區計劃-琉球白沙線,22.3460534,120.3832664,37.85,mH2O,synthetic
2026-09-01T10:15:00,PL-01-MID,1350-00-01-01,東港所琉球鄉本福村等小區計劃-琉球白沙線,22.3460534,120.3832664,37.41,mH2O,synthetic
2026-09-01T10:30:00,PL-01-MID,1350-00-01-01,東港所琉球鄉本福村等小區計劃-琉球白沙線,22.3460534,120.3832664,37.97,mH2O,synthetic
2026-09-01T10:45:00,PL-01-MID,1350-00-01-01,東港所琉球鄉本福村等小區計劃-琉球白沙線,22.3460534,120.3832664,37.79,mH2O,synthetic
2026-09-01T11:00:00,PL-01-MID,1350-00-01-01,東港所琉球鄉本福村等小區計劃-琉球白沙線,22.3460534,120.3832664,38.0,mH2O,synthetic
2026-09-01T11:15:00,PL-01-MID,1350-00-01-01,東港所琉球鄉本福村等小區計劃-琉球白沙線,22.3460534,120.3832664,37.88,mH2O,synthetic
2026-09-01T11:30:00,PL-01-MID,1350-00-01-01,東港所琉球鄉本福村等小區計劃-琉球白沙線,22.3460534,120.3832664,38.3,mH2O,synthetic
2026-09-01T11:45:00,PL-01-MID,1350-00-01-01,東港所琉球鄉本福村等小區計劃-琉球白沙線,22.3460534,120.3832664,37.68,mH2O,synthetic
2026-09-01T12:00:00,PL-01-MID,1350-00-01-01,東港所琉球鄉本福村等小區計劃-琉球白沙線,22.3460534,120.3832664,38.07,mH2O,synthetic
2026-09-01T12:15:00,PL-01-MID,1350-00-01-01,東港所琉球鄉本福村等小區計劃-琉球白沙線,22.3460534,120.3832664,38.4,mH2O,synthetic
2026-09-01T12:30:00,PL-01-MID,1350-00-01-01,東港所琉球鄉本福村等小區計劃-琉球白沙線,22.3460534,120.3832664,37.82,mH2O,synthetic
2026-09-01T12:45:00,PL-01-MID,1350-00-01-01,東港所琉球鄉本福村等小區計劃-琉球白沙線,22.3460534,120.3832664,38.05,mH2O,synthetic
2026-09-01T13:00:00,PL-01-MID,1350-00-01-01,東港所琉球鄉本福村等小區計劃-琉球白沙線,22.3460534,120.3832664,38.04,mH2O,synthetic
2026-09-01T13:15:00,PL-01-MID,1350-00-01-01,東港所琉球鄉本福村等小區計劃-琉球白沙線,22.3460534,120.3832664,37.85,mH2O,synthetic
2026-09-01T13:30:00,PL-01-MID,1350-00-01-01,東港所琉球鄉本福村等小區計劃-琉球白沙線,22.3460534,120.3832664,38.14,mH2O,synthetic
2026-09-01T13:45:00,PL-01-MID,1350-00-01-01,東港所琉球鄉本福村等小區計劃-琉球白沙線,22.3460534,120.3832664,38.02,mH2O,synthetic
2026-09-01T14:00:00,PL-01-MID,1350-00-01-01,東港所琉球鄉本福村等小區計劃-琉球白沙線,22.3460534,120.3832664,37.79,mH2O,synthetic
2026-09-01T14:15:00,PL-01-MID,1350-00-01-01,東港所琉球鄉本福村等小區計劃-琉球白沙線,22.3460534,120.3832664,38.37,mH2O,synthetic
2026-09-01T14:30:00,PL-01-MID,1350-00-01-01,東港所琉球鄉本福村等小區計劃-琉球白沙線,22.3460534,120.3832664,38.15,mH2O,synthetic
2026-09-01T14:45:00,PL-01-MID,1350-00-01-01,東港所琉球鄉本福村等小區計劃-琉球白沙線,22.3460534,120.3832664,37.92,mH2O,synthetic
2026-09-01T15:00:00,PL-01-MID,1350-00-01-01,東港所琉球鄉本福村等小區計劃-琉球白沙線,22.3460534,120.3832664,37.79,mH2O,synthetic
2026-09-01T15:15:00,PL-01-MID,1350-00-01-01,東港所琉球鄉本福村等小區計劃-琉球白沙線,22.3460534,120.3832664,37.71,mH2O,synthetic
2026-09-01T15:30:00,PL-01-MID,1350-00-01-01,東港所琉球鄉本福村等小區計劃-琉球白沙線,22.3460534,120.3832664,38.09,mH2O,synthetic
2026-09-01T15:45:00,PL-01-MID,1350-00-01-01,東港所琉球鄉本福村等小區計劃-琉球白沙線,22.3460534,120.3832664,37.7,mH2O,synthetic
2026-09-01T16:00:00,PL-01-MID,1350-00-01-01,東港所琉球鄉本福村等小區計劃-琉球白沙線,22.3460534,120.3832664,37.7,mH2O,synthetic
2026-09-01T16:15:00,PL-01-MID,1350-00-01-01,東港所琉球鄉本福村等小區計劃-琉球白沙線,22.3460534,120.3832664,37.39,mH2O,synthetic
2026-09-01T16:30:00,PL-01-MID,1350-00-01-01,東港所琉球鄉本福村等小區計劃-琉球白沙線,22.3460534,120.3832664,37.34,mH2O,synthetic
2026-09-01T16:45:00,PL-01-MID,1350-00-01-01,東港所琉球鄉本福村等小區計劃-琉球白沙線,22.3460534,120.3832664,36.9,mH2O,synthetic
2026-09-01T17:00:00,PL-01-MID,1350-00-01-01,東港所琉球鄉本福村等小區計劃-琉球白沙線,22.3460534,120.3832664,36.77,mH2O,synthetic
2026-09-01T17:15:00,PL-01-MID,1350-00-01-01,東港所琉球鄉本福村等小區計劃-琉球白沙線,22.3460534,120.3832664,36.19,mH2O,synthetic
2026-09-01T17:30:00,PL-01-MID,1350-00-01-01,東港所琉球鄉本福村等小區計劃-琉球白沙線,22.3460534,120.3832664,36.02,mH2O,synthetic
2026-09-01T17:45:00,PL-01-MID,1350-00-01-01,東港所琉球鄉本福村等小區計劃-琉球白沙線,22.3460534,120.3832664,35.58,mH2O,synthetic
2026-09-01T18:00:00,PL-01-MID,1350-00-01-01,東港所琉球鄉本福村等小區計劃-琉球白沙線,22.3460534,120.3832664,35.01,mH2O,synthetic
2026-09-01T18:15:00,PL-01-MID,1350-00-01-01,東港所琉球鄉本福村等小區計劃-琉球白沙線,22.3460534,120.3832664,34.51,mH2O,synthetic
2026-09-01T18:30:00,PL-01-MID,1350-00-01-01,東港所琉球鄉本福村等小區計劃-琉球白沙線,22.3460534,120.3832664,34.22,mH2O,synthetic
2026-09-01T18:45:00,PL-01-MID,1350-00-01-01,東港所琉球鄉本福村等小區計劃-琉球白沙線,22.3460534,120.3832664,34.1,mH2O,synthetic
2026-09-01T19:00:00,PL-01-MID,1350-00-01-01,東港所琉球鄉本福村等小區計劃-琉球白沙線,22.3460534,120.3832664,33.98,mH2O,synthetic
2026-09-01T19:15:00,PL-01-MID,1350-00-01-01,東港所琉球鄉本福村等小區計劃-琉球白沙線,22.3460534,120.3832664,34.45,mH2O,synthetic
2026-09-01T19:30:00,PL-01-MID,1350-00-01-01,東港所琉球鄉本福村等小區計劃-琉球白沙線,22.3460534,120.3832664,34.42,mH2O,synthetic
2026-09-01T19:45:00,PL-01-MID,1350-00-01-01,東港所琉球鄉本福村等小區計劃-琉球白沙線,22.3460534,120.3832664,35.04,mH2O,synthetic
2026-09-01T20:00:00,PL-01-MID,1350-00-01-01,東港所琉球鄉本福村等小區計劃-琉球白沙線,22.3460534,120.3832664,35.54,mH2O,synthetic
2026-09-01T20:15:00,PL-01-MID,1350-00-01-01,東港所琉球鄉本福村等小區計劃-琉球白沙線,22.3460534,120.3832664,35.43,mH2O,synthetic
2026-09-01T20:30:00,PL-01-MID,1350-00-01-01,東港所琉球鄉本福村等小區計劃-琉球白沙線,22.3460534,120.3832664,35.49,mH2O,synthetic
2026-09-01T20:45:00,PL-01-MID,1350-00-01-01,東港所琉球鄉本福村等小區計劃-琉球白沙線,22.3460534,120.3832664,36.15,mH2O,synthetic
2026-09-01T21:00:00,PL-01-MID,1350-00-01-01,東港所琉球鄉本福村等小區計劃-琉球白沙線,22.3460534,120.3832664,36.59,mH2O,synthetic
2026-09-01T21:15:00,PL-01-MID,1350-00-01-01,東港所琉球鄉本福村等小區計劃-琉球白沙線,22.3460534,120.3832664,36.6,mH2O,synthetic
2026-09-01T21:30:00,PL-01-MID,1350-00-01-01,東港所琉球鄉本福村等小區計劃-琉球白沙線,22.3460534,120.3832664,37.15,mH2O,synthetic
2026-09-01T21:45:00,PL-01-MID,1350-00-01-01,東港所琉球鄉本福村等小區計劃-琉球白沙線,22.3460534,120.3832664,37.49,mH2O,synthetic
2026-09-01T22:00:00,PL-01-MID,1350-00-01-01,東港所琉球鄉本福村等小區計劃-琉球白沙線,22.3460534,120.3832664,37.5,mH2O,synthetic
2026-09-01T22:15:00,PL-01-MID,1350-00-01-01,東港所琉球鄉本福村等小區計劃-琉球白沙線,22.3460534,120.3832664,37.56,mH2O,synthetic
2026-09-01T22:30:00,PL-01-MID,1350-00-01-01,東港所琉球鄉本福村等小區計劃-琉球白沙線,22.3460534,120.3832664,37.66,mH2O,synthetic
2026-09-01T22:45:00,PL-01-MID,1350-00-01-01,東港所琉球鄉本福村等小區計劃-琉球白沙線,22.3460534,120.3832664,38.28,mH2O,synthetic
2026-09-01T23:00:00,PL-01-MID,1350-00-01-01,東港所琉球鄉本福村等小區計劃-琉球白沙線,22.3460534,120.3832664,37.9,mH2O,synthetic
2026-09-01T23:15:00,PL-01-MID,1350-00-01-01,東港所琉球鄉本福村等小區計劃-琉球白沙線,22.3460534,120.3832664,37.78,mH2O,synthetic
2026-09-01T23:30:00,PL-01-MID,1350-00-01-01,東港所琉球鄉本福村等小區計劃-琉球白沙線,22.3460534,120.3832664,37.89,mH2O,synthetic
2026-09-01T23:45:00,PL-01-MID,1350-00-01-01,東港所琉球鄉本福村等小區計劃-琉球白沙線,22.3460534,120.3832664,38.2,mH2O,synthetic
2026-09-02T00:00:00,PL-01-MID,1350-00-01-01,東港所琉球鄉本福村等小區計劃-琉球白沙線,22.3460534,120.3832664,38.23,mH2O,synthetic
2026-09-02T00:15:00,PL-01-MID,1350-00-01-01,東港所琉球鄉本福村等小區計劃-琉球白沙線,22.3460534,120.3832664,38.61,mH2O,synthetic
2026-09-02T00:30:00,PL-01-MID,1350-00-01-01,東港所琉球鄉本福村等小區計劃-琉球白沙線,22.3460534,120.3832664,38.8,mH2O,synthetic
2026-09-02T00:45:00,PL-01-MID,1350-00-01-01,東港所琉球鄉本福村等小區計劃-琉球白沙線,22.3460534,120.3832664,38.97,mH2O,synthetic
2026-09-02T01:00:00,PL-01-MID,1350-00-01-01,東港所琉球鄉本福村等小區計劃-琉球白沙線,22.3460534,120.3832664,39.29,mH2O,synthetic
2026-09-02T01:15:00,PL-01-MID,1350-00-01-01,東港所琉球鄉本福村等小區計劃-琉球白沙線,22.3460534,120.3832664,39.06,mH2O,synthetic
2026-09-02T01:30:00,PL-01-MID,1350-00-01-01,東港所琉球鄉本福村等小區計劃-琉球白沙線,22.3460534,120.3832664,39.62,mH2O,synthetic
2026-09-02T01:45:00,PL-01-MID,1350-00-01-01,東港所琉球鄉本福村等小區計劃-琉球白沙線,22.3460534,120.3832664,39.39,mH2O,synthetic
2026-09-02T02:00:00,PL-01-MID,1350-00-01-01,東港所琉球鄉本福村等小區計劃-琉球白沙線,22.3460534,120.3832664,39.65,mH2O,synthetic
2026-09-02T02:15:00,PL-01-MID,1350-00-01-01,東港所琉球鄉本福村等小區計劃-琉球白沙線,22.3460534,120.3832664,40.15,mH2O,synthetic
2026-09-02T02:30:00,PL-01-MID,1350-00-01-01,東港所琉球鄉本福村等小區計劃-琉球白沙線,22.3460534,120.3832664,40.18,mH2O,synthetic
2026-09-02T02:45:00,PL-01-MID,1350-00-01-01,東港所琉球鄉本福村等小區計劃-琉球白沙線,22.3460534,120.3832664,40.08,mH2O,synthetic
2026-09-02T03:00:00,PL-01-MID,1350-00-01-01,東港所琉球鄉本福村等小區計劃-琉球白沙線,22.3460534,120.3832664,39.84,mH2O,synthetic
2026-09-02T03:15:00,PL-01-MID,1350-00-01-01,東港所琉球鄉本福村等小區計劃-琉球白沙線,22.3460534,120.3832664,40.2,mH2O,synthetic
2026-09-02T03:30:00,PL-01-MID,1350-00-01-01,東港所琉球鄉本福村等小區計劃-琉球白沙線,22.3460534,120.3832664,39.86,mH2O,synthetic
2026-09-02T03:45:00,PL-01-MID,1350-00-01-01,東港所琉球鄉本福村等小區計劃-琉球白沙線,22.3460534,120.3832664,39.67,mH2O,synthetic
2026-09-02T04:00:00,PL-01-MID,1350-00-01-01,東港所琉球鄉本福村等小區計劃-琉球白沙線,22.3460534,120.3832664,39.57,mH2O,synthetic
2026-09-02T04:15:00,PL-01-MID,1350-00-01-01,東港所琉球鄉本福村等小區計劃-琉球白沙線,22.3460534,120.3832664,39.56,mH2O,synthetic
2026-09-02T04:30:00,PL-01-MID,1350-00-01-01,東港所琉球鄉本福村等小區計劃-琉球白沙線,22.3460534,120.3832664,38.81,mH2O,synthetic
2026-09-02T04:45:00,PL-01-MID,1350-00-01-01,東港所琉球鄉本福村等小區計劃-琉球白沙線,22.3460534,120.3832664,39.08,mH2O,synthetic
2026-09-02T05:00:00,PL-01-MID,1350-00-01-01,東港所琉球鄉本福村等小區計劃-琉球白沙線,22.3460534,120.3832664,38.74,mH2O,synthetic
2026-09-02T05:15:00,PL-01-MID,1350-00-01-01,東港所琉球鄉本福村等小區計劃-琉球白沙線,22.3460534,120.3832664,38.22,mH2O,synthetic
2026-09-02T05:30:00,PL-01-MID,1350-00-01-01,東港所琉球鄉本福村等小區計劃-琉球白沙線,22.3460534,120.3832664,38.18,mH2O,synthetic
2026-09-02T05:45:00,PL-01-MID,1350-00-01-01,東港所琉球鄉本福村等小區計劃-琉球白沙線,22.3460534,120.3832664,37.64,mH2O,synthetic
2026-09-02T06:00:00,PL-01-MID,1350-00-01-01,東港所琉球鄉本福村等小區計劃-琉球白沙線,22.3460534,120.3832664,36.88,mH2O,synthetic
2026-09-02T06:15:00,PL-01-MID,1350-00-01-01,東港所琉球鄉本福村等小區計劃-琉球白沙線,22.3460534,120.3832664,36.35,mH2O,synthetic
2026-09-02T06:30:00,PL-01-MID,1350-00-01-01,東港所琉球鄉本福村等小區計劃-琉球白沙線,22.3460534,120.3832664,36.13,mH2O,synthetic
2026-09-02T06:45:00,PL-01-MID,1350-00-01-01,東港所琉球鄉本福村等小區計劃-琉球白沙線,22.3460534,120.3832664,35.16,mH2O,synthetic
2026-09-02T07:00:00,PL-01-MID,1350-00-01-01,東港所琉球鄉本福村等小區計劃-琉球白沙線,22.3460534,120.3832664,35.04,mH2O,synthetic
2026-09-02T07:15:00,PL-01-MID,1350-00-01-01,東港所琉球鄉本福村等小區計劃-琉球白沙線,22.3460534,120.3832664,34.71,mH2O,synthetic
2026-09-02T07:30:00,PL-01-MID,1350-00-01-01,東港所琉球鄉本福村等小區計劃-琉球白沙線,22.3460534,120.3832664,34.76,mH2O,synthetic
2026-09-02T07:45:00,PL-01-MID,1350-00-01-01,東港所琉球鄉本福村等小區計劃-琉球白沙線,22.3460534,120.3832664,34.86,mH2O,synthetic
2026-09-02T08:00:00,PL-01-MID,1350-00-01-01,東港所琉球鄉本福村等小區計劃-琉球白沙線,22.3460534,120.3832664,35.03,mH2O,synthetic
2026-09-02T08:15:00,PL-01-MID,1350-00-01-01,東港所琉球鄉本福村等小區計劃-琉球白沙線,22.3460534,120.3832664,35.61,mH2O,synthetic
2026-09-02T08:30:00,PL-01-MID,1350-00-01-01,東港所琉球鄉本福村等小區計劃-琉球白沙線,22.3460534,120.3832664,35.82,mH2O,synthetic
2026-09-02T08:45:00,PL-01-MID,1350-00-01-01,東港所琉球鄉本福村等小區計劃-琉球白沙線,22.3460534,120.3832664,36.14,mH2O,synthetic
2026-09-02T09:00:00,PL-01-MID,1350-00-01-01,東港所琉球鄉本福村等小區計劃-琉球白沙線,22.3460534,120.3832664,36.37,mH2O,synthetic
2026-09-02T09:15:00,PL-01-MID,1350-00-01-01,東港所琉球鄉本福村等小區計劃-琉球白沙線,22.3460534,120.3832664,37.16,mH2O,synthetic
2026-09-02T09:30:00,PL-01-MID,1350-00-01-01,東港所琉球鄉本福村等小區計劃-琉球白沙線,22.3460534,120.3832664,37.43,mH2O,synthetic
2026-09-02T09:45:00,PL-01-MID,1350-00-01-01,東港所琉球鄉本福村等小區計劃-琉球白沙線,22.3460534,120.3832664,37.86,mH2O,synthetic
2026-09-02T10:00:00,PL-01-MID,1350-00-01-01,東港所琉球鄉本福村等小區計劃-琉球白沙線,22.3460534,120.3832664,37.55,mH2O,synthetic
2026-09-02T10:15:00,PL-01-MID,1350-00-01-01,東港所琉球鄉本福村等小區計劃-琉球白沙線,22.3460534,120.3832664,37.83,mH2O,synthetic
2026-09-02T10:30:00,PL-01-MID,1350-00-01-01,東港所琉球鄉本福村等小區計劃-琉球白沙線,22.3460534,120.3832664,37.89,mH2O,synthetic
2026-09-02T10:45:00,PL-01-MID,1350-00-01-01,東港所琉球鄉本福村等小區計劃-琉球白沙線,22.3460534,120.3832664,37.93,mH2O,synthetic
2026-09-02T11:00:00,PL-01-MID,1350-00-01-01,東港所琉球鄉本福村等小區計劃-琉球白沙線,22.3460534,120.3832664,37.97,mH2O,synthetic
2026-09-02T11:15:00,PL-01-MID,1350-00-01-01,東港所琉球鄉本福村等小區計劃-琉球白沙線,22.3460534,120.3832664,37.61,mH2O,synthetic
2026-09-02T11:30:00,PL-01-MID,1350-00-01-01,東港所琉球鄉本福村等小區計劃-琉球白沙線,22.3460534,120.3832664,38.18,mH2O,synthetic
2026-09-02T11:45:00,PL-01-MID,1350-00-01-01,東港所琉球鄉本福村等小區計劃-琉球白沙線,22.3460534,120.3832664,38.14,mH2O,synthetic
2026-09-02T12:00:00,PL-01-MID,1350-00-01-01,東港所琉球鄉本福村等小區計劃-琉球白沙線,22.3460534,120.3832664,38.25,mH2O,synthetic
2026-09-02T12:15:00,PL-01-MID,1350-00-01-01,東港所琉球鄉本福村等小區計劃-琉球白沙線,22.3460534,120.3832664,38.49,mH2O,synthetic
2026-09-02T12:30:00,PL-01-MID,1350-00-01-01,東港所琉球鄉本福村等小區計劃-琉球白沙線,22.3460534,120.3832664,37.93,mH2O,synthetic
2026-09-02T12:45:00,PL-01-MID,1350-00-01-01,東港所琉球鄉本福村等小區計劃-琉球白沙線,22.3460534,120.3832664,37.99,mH2O,synthetic
2026-09-02T13:00:00,PL-01-MID,1350-00-01-01,東港所琉球鄉本福村等小區計劃-琉球白沙線,22.3460534,120.3832664,38.0,mH2O,synthetic
2026-09-02T13:15:00,PL-01-MID,1350-00-01-01,東港所琉球鄉本福村等小區計劃-琉球白沙線,22.3460534,120.3832664,38.43,mH2O,synthetic
2026-09-02T13:30:00,PL-01-MID,1350-00-01-01,東港所琉球鄉本福村等小區計劃-琉球白沙線,22.3460534,120.3832664,37.62,mH2O,synthetic
2026-09-02T13:45:00,PL-01-MID,1350-00-01-01,東港所琉球鄉本福村等小區計劃-琉球白沙線,22.3460534,120.3832664,38.1,mH2O,synthetic
2026-09-02T14:00:00,PL-01-MID,1350-00-01-01,東港所琉球鄉本福村等小區計劃-琉球白沙線,22.3460534,120.3832664,37.67,mH2O,synthetic
2026-09-02T14:15:00,PL-01-MID,1350-00-01-01,東港所琉球鄉本福村等小區計劃-琉球白沙線,22.3460534,120.3832664,37.42,mH2O,synthetic
2026-09-02T14:30:00,PL-01-MID,1350-00-01-01,東港所琉球鄉本福村等小區計劃-琉球白沙線,22.3460534,120.3832664,37.53,mH2O,synthetic
2026-09-02T14:45:00,PL-01-MID,1350-00-01-01,東港所琉球鄉本福村等小區計劃-琉球白沙線,22.3460534,120.3832664,37.65,mH2O,synthetic
2026-09-02T15:00:00,PL-01-MID,1350-00-01-01,東港所琉球鄉本福村等小區計劃-琉球白沙線,22.3460534,120.3832664,38.17,mH2O,synthetic
2026-09-02T15:15:00,PL-01-MID,1350-00-01-01,東港所琉球鄉本福村等小區計劃-琉球白沙線,22.3460534,120.3832664,37.7,mH2O,synthetic
2026-09-02T15:30:00,PL-01-MID,1350-00-01-01,東港所琉球鄉本福村等小區計劃-琉球白沙線,22.3460534,120.3832664,37.77,mH2O,synthetic
2026-09-02T15:45:00,PL-01-MID,1350-00-01-01,東港所琉球鄉本福村等小區計劃-琉球白沙線,22.3460534,120.3832664,37.47,mH2O,synthetic
2026-09-02T16:00:00,PL-01-MID,1350-00-01-01,東港所琉球鄉本福村等小區計劃-琉球白沙線,22.3460534,120.3832664,37.73,mH2O,synthetic
2026-09-02T16:15:00,PL-01-MID,1350-00-01-01,東港所琉球鄉本福村等小區計劃-琉球白沙線,22.3460534,120.3832664,37.18,mH2O,synthetic
2026-09-02T16:30:00,PL-01-MID,1350-00-01-01,東港所琉球鄉本福村等小區計劃-琉球白沙線,22.3460534,120.3832664,37.49,mH2O,synthetic
2026-09-02T16:45:00,PL-01-MID,1350-00-01-01,東港所琉球鄉本福村等小區計劃-琉球白沙線,22.3460534,120.3832664,36.71,mH2O,synthetic
2026-09-02T17:00:00,PL-01-MID,1350-00-01-01,東港所琉球鄉本福村等小區計劃-琉球白沙線,22.3460534,120.3832664,36.43,mH2O,synthetic
2026-09-02T17:15:00,PL-01-MID,1350-00-01-01,東港所琉球鄉本福村等小區計劃-琉球白沙線,22.3460534,120.3832664,36.26,mH2O,synthetic
2026-09-02T17:30:00,PL-01-MID,1350-00-01-01,東港所琉球鄉本福村等小區計劃-琉球白沙線,22.3460534,120.3832664,35.84,mH2O,synthetic
2026-09-02T17:45:00,PL-01-MID,1350-00-01-01,東港所琉球鄉本福村等小區計劃-琉球白沙線,22.3460534,120.3832664,35.74,mH2O,synthetic
2026-09-02T18:00:00,PL-01-MID,1350-00-01-01,東港所琉球鄉本福村等小區計劃-琉球白沙線,22.3460534,120.3832664,35.07,mH2O,synthetic
2026-09-02T18:15:00,PL-01-MID,1350-00-01-01,東港所琉球鄉本福村等小區計劃-琉球白沙線,22.3460534,120.3832664,34.43,mH2O,synthetic
2026-09-02T18:30:00,PL-01-MID,1350-00-01-01,東港所琉球鄉本福村等小區計劃-琉球白沙線,22.3460534,120.3832664,34.31,mH2O,synthetic
2026-09-02T18:45:00,PL-01-MID,1350-00-01-01,東港所琉球鄉本福村等小區計劃-琉球白沙線,22.3460534,120.3832664,34.13,mH2O,synthetic
2026-09-02T19:00:00,PL-01-MID,1350-00-01-01,東港所琉球鄉本福村等小區計劃-琉球白沙線,22.3460534,120.3832664,34.36,mH2O,synthetic
2026-09-02T19:15:00,PL-01-MID,1350-00-01-01,東港所琉球鄉本福村等小區計劃-琉球白沙線,22.3460534,120.3832664,34.34,mH2O,synthetic
2026-09-02T19:30:00,PL-01-MID,1350-00-01-01,東港所琉球鄉本福村等小區計劃-琉球白沙線,22.3460534,120.3832664,34.4,mH2O,synthetic
2026-09-02T19:45:00,PL-01-MID,1350-00-01-01,東港所琉球鄉本福村等小區計劃-琉球白沙線,22.3460534,120.3832664,34.89,mH2O,synthetic
2026-09-02T20:00:00,PL-01-MID,1350-00-01-01,東港所琉球鄉本福村等小區計劃-琉球白沙線,22.3460534,120.3832664,34.92,mH2O,synthetic
2026-09-02T20:15:00,PL-01-MID,1350-00-01-01,東港所琉球鄉本福村等小區計劃-琉球白沙線,22.3460534,120.3832664,35.4,mH2O,synthetic
2026-09-02T20:30:00,PL-01-MID,1350-00-01-01,東港所琉球鄉本福村等小區計劃-琉球白沙線,22.3460534,120.3832664,35.87,mH2O,synthetic
2026-09-02T20:45:00,PL-01-MID,1350-00-01-01,東港所琉球鄉本福村等小區計劃-琉球白沙線,22.3460534,120.3832664,36.57,mH2O,synthetic
2026-09-02T21:00:00,PL-01-MID,1350-00-01-01,東港所琉球鄉本福村等小區計劃-琉球白沙線,22.3460534,120.3832664,36.58,mH2O,synthetic
2026-09-02T21:15:00,PL-01-MID,1350-00-01-01,東港所琉球鄉本福村等小區計劃-琉球白沙線,22.3460534,120.3832664,36.85,mH2O,synthetic
2026-09-02T21:30:00,PL-01-MID,1350-00-01-01,東港所琉球鄉本福村等小區計劃-琉球白沙線,22.3460534,120.3832664,36.97,mH2O,synthetic
2026-09-02T21:45:00,PL-01-MID,1350-00-01-01,東港所琉球鄉本福村等小區計劃-琉球白沙線,22.3460534,120.3832664,37.58,mH2O,synthetic
2026-09-02T22:00:00,PL-01-MID,1350-00-01-01,東港所琉球鄉本福村等小區計劃-琉球白沙線,22.3460534,120.3832664,37.47,mH2O,synthetic
2026-09-02T22:15:00,PL-01-MID,1350-00-01-01,東港所琉球鄉本福村等小區計劃-琉球白沙線,22.3460534,120.3832664,37.8,mH2O,synthetic
2026-09-02T22:30:00,PL-01-MID,1350-00-01-01,東港所琉球鄉本福村等小區計劃-琉球白沙線,22.3460534,120.3832664,37.4,mH2O,synthetic
2026-09-02T22:45:00,PL-01-MID,1350-00-01-01,東港所琉球鄉本福村等小區計劃-琉球白沙線,22.3460534,120.3832664,38.12,mH2O,synthetic
2026-09-02T23:00:00,PL-01-MID,1350-00-01-01,東港所琉球鄉本福村等小區計劃-琉球白沙線,22.3460534,120.3832664,37.64,mH2O,synthetic
2026-09-02T23:15:00,PL-01-MID,1350-00-01-01,東港所琉球鄉本福村等小區計劃-琉球白沙線,22.3460534,120.3832664,37.79,mH2O,synthetic
2026-09-02T23:30:00,PL-01-MID,1350-00-01-01,東港所琉球鄉本福村等小區計劃-琉球白沙線,22.3460534,120.3832664,38.21,mH2O,synthetic
2026-09-02T23:45:00,PL-01-MID,1350-00-01-01,東港所琉球鄉本福村等小區計劃-琉球白沙線,22.3460534,120.3832664,37.69,mH2O,synthetic
2026-09-03T00:00:00,PL-01-MID,1350-00-01-01,東港所琉球鄉本福村等小區計劃-琉球白沙線,22.3460534,120.3832664,38.37,mH2O,synthetic
2026-09-03T00:15:00,PL-01-MID,1350-00-01-01,東港所琉球鄉本福村等小區計劃-琉球白沙線,22.3460534,120.3832664,38.52,mH2O,synthetic
2026-09-03T00:30:00,PL-01-MID,1350-00-01-01,東港所琉球鄉本福村等小區計劃-琉球白沙線,22.3460534,120.3832664,38.42,mH2O,synthetic
2026-09-03T00:45:00,PL-01-MID,1350-00-01-01,東港所琉球鄉本福村等小區計劃-琉球白沙線,22.3460534,120.3832664,39.1,mH2O,synthetic
2026-09-03T01:00:00,PL-01-MID,1350-00-01-01,東港所琉球鄉本福村等小區計劃-琉球白沙線,22.3460534,120.3832664,39.32,mH2O,synthetic
2026-09-03T01:15:00,PL-01-MID,1350-00-01-01,東港所琉球鄉本福村等小區計劃-琉球白沙線,22.3460534,120.3832664,38.74,mH2O,synthetic
2026-09-03T01:30:00,PL-01-MID,1350-00-01-01,東港所琉球鄉本福村等小區計劃-琉球白沙線,22.3460534,120.3832664,39.05,mH2O,synthetic
2026-09-03T01:45:00,PL-01-MID,1350-00-01-01,東港所琉球鄉本福村等小區計劃-琉球白沙線,22.3460534,120.3832664,39.74,mH2O,synthetic
2026-09-03T02:00:00,PL-01-MID,1350-00-01-01,東港所琉球鄉本福村等小區計劃-琉球白沙線,22.3460534,120.3832664,39.45,mH2O,synthetic
2026-09-03T02:15:00,PL-01-MID,1350-00-01-01,東港所琉球鄉本福村等小區計劃-琉球白沙線,22.3460534,120.3832664,39.8,mH2O,synthetic
2026-09-03T02:30:00,PL-01-MID,1350-00-01-01,東港所琉球鄉本福村等小區計劃-琉球白沙線,22.3460534,120.3832664,40.03,mH2O,synthetic
2026-09-03T02:45:00,PL-01-MID,1350-00-01-01,東港所琉球鄉本福村等小區計劃-琉球白沙線,22.3460534,120.3832664,40.23,mH2O,synthetic
2026-09-03T03:00:00,PL-01-MID,1350-00-01-01,東港所琉球鄉本福村等小區計劃-琉球白沙線,22.3460534,120.3832664,40.05,mH2O,synthetic
2026-09-03T03:15:00,PL-01-MID,1350-00-01-01,東港所琉球鄉本福村等小區計劃-琉球白沙線,22.3460534,120.3832664,40.09,mH2O,synthetic
2026-09-03T03:30:00,PL-01-MID,1350-00-01-01,東港所琉球鄉本福村等小區計劃-琉球白沙線,22.3460534,120.3832664,39.83,mH2O,synthetic
2026-09-03T03:45:00,PL-01-MID,1350-00-01-01,東港所琉球鄉本福村等小區計劃-琉球白沙線,22.3460534,120.3832664,40.16,mH2O,synthetic
2026-09-03T04:00:00,PL-01-MID,1350-00-01-01,東港所琉球鄉本福村等小區計劃-琉球白沙線,22.3460534,120.3832664,39.6,mH2O,synthetic
2026-09-03T04:15:00,PL-01-MID,1350-00-01-01,東港所琉球鄉本福村等小區計劃-琉球白沙線,22.3460534,120.3832664,39.58,mH2O,synthetic
2026-09-03T04:30:00,PL-01-MID,1350-00-01-01,東港所琉球鄉本福村等小區計劃-琉球白沙線,22.3460534,120.3832664,39.16,mH2O,synthetic
2026-09-03T04:45:00,PL-01-MID,1350-00-01-01,東港所琉球鄉本福村等小區計劃-琉球白沙線,22.3460534,120.3832664,39.03,mH2O,synthetic
2026-09-03T05:00:00,PL-01-MID,1350-00-01-01,東港所琉球鄉本福村等小區計劃-琉球白沙線,22.3460534,120.3832664,38.66,mH2O,synthetic
2026-09-03T05:15:00,PL-01-MID,1350-00-01-01,東港所琉球鄉本福村等小區計劃-琉球白沙線,22.3460534,120.3832664,38.31,mH2O,synthetic
2026-09-03T05:30:00,PL-01-MID,1350-00-01-01,東港所琉球鄉本福村等小區計劃-琉球白沙線,22.3460534,120.3832664,37.73,mH2O,synthetic
2026-09-03T05:45:00,PL-01-MID,1350-00-01-01,東港所琉球鄉本福村等小區計劃-琉球白沙線,22.3460534,120.3832664,37.68,mH2O,synthetic
2026-09-03T06:00:00,PL-01-MID,1350-00-01-01,東港所琉球鄉本福村等小區計劃-琉球白沙線,22.3460534,120.3832664,37.32,mH2O,synthetic
2026-09-03T06:15:00,PL-01-MID,1350-00-01-01,東港所琉球鄉本福村等小區計劃-琉球白沙線,22.3460534,120.3832664,36.55,mH2O,synthetic
2026-09-03T06:30:00,PL-01-MID,1350-00-01-01,東港所琉球鄉本福村等小區計劃-琉球白沙線,22.3460534,120.3832664,36.14,mH2O,synthetic
2026-09-03T06:45:00,PL-01-MID,1350-00-01-01,東港所琉球鄉本福村等小區計劃-琉球白沙線,22.3460534,120.3832664,35.68,mH2O,synthetic
2026-09-03T07:00:00,PL-01-MID,1350-00-01-01,東港所琉球鄉本福村等小區計劃-琉球白沙線,22.3460534,120.3832664,35.31,mH2O,synthetic
2026-09-03T07:15:00,PL-01-MID,1350-00-01-01,東港所琉球鄉本福村等小區計劃-琉球白沙線,22.3460534,120.3832664,34.92,mH2O,synthetic
2026-09-03T07:30:00,PL-01-MID,1350-00-01-01,東港所琉球鄉本福村等小區計劃-琉球白沙線,22.3460534,120.3832664,34.79,mH2O,synthetic
2026-09-03T07:45:00,PL-01-MID,1350-00-01-01,東港所琉球鄉本福村等小區計劃-琉球白沙線,22.3460534,120.3832664,35.0,mH2O,synthetic
2026-09-03T08:00:00,PL-01-MID,1350-00-01-01,東港所琉球鄉本福村等小區計劃-琉球白沙線,22.3460534,120.3832664,35.04,mH2O,synthetic
2026-09-03T08:15:00,PL-01-MID,1350-00-01-01,東港所琉球鄉本福村等小區計劃-琉球白沙線,22.3460534,120.3832664,35.15,mH2O,synthetic
2026-09-03T08:30:00,PL-01-MID,1350-00-01-01,東港所琉球鄉本福村等小區計劃-琉球白沙線,22.3460534,120.3832664,35.78,mH2O,synthetic
2026-09-03T08:45:00,PL-01-MID,1350-00-01-01,東港所琉球鄉本福村等小區計劃-琉球白沙線,22.3460534,120.3832664,35.8,mH2O,synthetic
2026-09-03T09:00:00,PL-01-MID,1350-00-01-01,東港所琉球鄉本福村等小區計劃-琉球白沙線,22.3460534,120.3832664,36.63,mH2O,synthetic
2026-09-03T09:15:00,PL-01-MID,1350-00-01-01,東港所琉球鄉本福村等小區計劃-琉球白沙線,22.3460534,120.3832664,37.09,mH2O,synthetic
2026-09-03T09:30:00,PL-01-MID,1350-00-01-01,東港所琉球鄉本福村等小區計劃-琉球白沙線,22.3460534,120.3832664,37.58,mH2O,synthetic
2026-09-03T09:45:00,PL-01-MID,1350-00-01-01,東港所琉球鄉本福村等小區計劃-琉球白沙線,22.3460534,120.3832664,37.58,mH2O,synthetic
2026-09-03T10:00:00,PL-01-MID,1350-00-01-01,東港所琉球鄉本福村等小區計劃-琉球白沙線,22.3460534,120.3832664,37.92,mH2O,synthetic
2026-09-03T10:15:00,PL-01-MID,1350-00-01-01,東港所琉球鄉本福村等小區計劃-琉球白沙線,22.3460534,120.3832664,37.83,mH2O,synthetic
2026-09-03T10:30:00,PL-01-MID,1350-00-01-01,東港所琉球鄉本福村等小區計劃-琉球白沙線,22.3460534,120.3832664,37.68,mH2O,synthetic
2026-09-03T10:45:00,PL-01-MID,1350-00-01-01,東港所琉球鄉本福村等小區計劃-琉球白沙線,22.3460534,120.3832664,37.64,mH2O,synthetic
2026-09-03T11:00:00,PL-01-MID,1350-00-01-01,東港所琉球鄉本福村等小區計劃-琉球白沙線,22.3460534,120.3832664,37.76,mH2O,synthetic
2026-09-03T11:15:00,PL-01-MID,1350-00-01-01,東港所琉球鄉本福村等小區計劃-琉球白沙線,22.3460534,120.3832664,37.69,mH2O,synthetic
2026-09-03T11:30:00,PL-01-MID,1350-00-01-01,東港所琉球鄉本福村等小區計劃-琉球白沙線,22.3460534,120.3832664,38.13,mH2O,synthetic
2026-09-03T11:45:00,PL-01-MID,1350-00-01-01,東港所琉球鄉本福村等小區計劃-琉球白沙線,22.3460534,120.3832664,37.95,mH2O,synthetic
2026-09-03T12:00:00,PL-01-MID,1350-00-01-01,東港所琉球鄉本福村等小區計劃-琉球白沙線,22.3460534,120.3832664,38.12,mH2O,synthetic
2026-09-03T12:15:00,PL-01-MID,1350-00-01-01,東港所琉球鄉本福村等小區計劃-琉球白沙線,22.3460534,120.3832664,38.02,mH2O,synthetic
2026-09-03T12:30:00,PL-01-MID,1350-00-01-01,東港所琉球鄉本福村等小區計劃-琉球白沙線,22.3460534,120.3832664,38.23,mH2O,synthetic
2026-09-03T12:45:00,PL-01-MID,1350-00-01-01,東港所琉球鄉本福村等小區計劃-琉球白沙線,22.3460534,120.3832664,38.23,mH2O,synthetic
2026-09-03T13:00:00,PL-01-MID,1350-00-01-01,東港所琉球鄉本福村等小區計劃-琉球白沙線,22.3460534,120.3832664,37.86,mH2O,synthetic
2026-09-03T13:15:00,PL-01-MID,1350-00-01-01,東港所琉球鄉本福村等小區計劃-琉球白沙線,22.3460534,120.3832664,37.94,mH2O,synthetic
2026-09-03T13:30:00,PL-01-MID,1350-00-01-01,東港所琉球鄉本福村等小區計劃-琉球白沙線,22.3460534,120.3832664,37.88,mH2O,synthetic
2026-09-03T13:45:00,PL-01-MID,1350-00-01-01,東港所琉球鄉本福村等小區計劃-琉球白沙線,22.3460534,120.3832664,37.64,mH2O,synthetic
2026-09-03T14:00:00,PL-01-MID,1350-00-01-01,東港所琉球鄉本福村等小區計劃-琉球白沙線,22.3460534,120.3832664,38.14,mH2O,synthetic
2026-09-03T14:15:00,PL-01-MID,1350-00-01-01,東港所琉球鄉本福村等小區計劃-琉球白沙線,22.3460534,120.3832664,38.25,mH2O,synthetic
2026-09-03T14:30:00,PL-01-MID,1350-00-01-01,東港所琉球鄉本福村等小區計劃-琉球白沙線,22.3460534,120.3832664,37.97,mH2O,synthetic
2026-09-03T14:45:00,PL-01-MID,1350-00-01-01,東港所琉球鄉本福村等小區計劃-琉球白沙線,22.3460534,120.3832664,37.85,mH2O,synthetic
2026-09-03T15:00:00,PL-01-MID,1350-00-01-01,東港所琉球鄉本福村等小區計劃-琉球白沙線,22.3460534,120.3832664,38.17,mH2O,synthetic
2026-09-03T15:15:00,PL-01-MID,1350-00-01-01,東港所琉球鄉本福村等小區計劃-琉球白沙線,22.3460534,120.3832664,37.37,mH2O,synthetic
2026-09-03T15:30:00,PL-01-MID,1350-00-01-01,東港所琉球鄉本福村等小區計劃-琉球白沙線,22.3460534,120.3832664,37.86,mH2O,synthetic
2026-09-03T15:45:00,PL-01-MID,1350-00-01-01,東港所琉球鄉本福村等小區計劃-琉球白沙線,22.3460534,120.3832664,37.76,mH2O,synthetic
2026-09-03T16:00:00,PL-01-MID,1350-00-01-01,東港所琉球鄉本福村等小區計劃-琉球白沙線,22.3460534,120.3832664,37.47,mH2O,synthetic
2026-09-03T16:15:00,PL-01-MID,1350-00-01-01,東港所琉球鄉本福村等小區計劃-琉球白沙線,22.3460534,120.3832664,37.73,mH2O,synthetic
2026-09-03T16:30:00,PL-01-MID,1350-00-01-01,東港所琉球鄉本福村等小區計劃-琉球白沙線,22.3460534,120.3832664,37.42,mH2O,synthetic
2026-09-03T16:45:00,PL-01-MID,1350-00-01-01,東港所琉球鄉本福村等小區計劃-琉球白沙線,22.3460534,120.3832664,36.87,mH2O,synthetic
2026-09-03T17:00:00,PL-01-MID,1350-00-01-01,東港所琉球鄉本福村等小區計劃-琉球白沙線,22.3460534,120.3832664,36.58,mH2O,synthetic
2026-09-03T17:15:00,PL-01-MID,1350-00-01-01,東港所琉球鄉本福村等小區計劃-琉球白沙線,22.3460534,120.3832664,36.15,mH2O,synthetic
2026-09-03T17:30:00,PL-01-MID,1350-00-01-01,東港所琉球鄉本福村等小區計劃-琉球白沙線,22.3460534,120.3832664,35.72,mH2O,synthetic
2026-09-03T17:45:00,PL-01-MID,1350-00-01-01,東港所琉球鄉本福村等小區計劃-琉球白沙線,22.3460534,120.3832664,35.14,mH2O,synthetic
2026-09-03T18:00:00,PL-01-MID,1350-00-01-01,東港所琉球鄉本福村等小區計劃-琉球白沙線,22.3460534,120.3832664,35.34,mH2O,synthetic
2026-09-03T18:15:00,PL-01-MID,1350-00-01-01,東港所琉球鄉本福村等小區計劃-琉球白沙線,22.3460534,120.3832664,34.92,mH2O,synthetic
2026-09-03T18:30:00,PL-01-MID,1350-00-01-01,東港所琉球鄉本福村等小區計劃-琉球白沙線,22.3460534,120.3832664,34.61,mH2O,synthetic
2026-09-03T18:45:00,PL-01-MID,1350-00-01-01,東港所琉球鄉本福村等小區計劃-琉球白沙線,22.3460534,120.3832664,34.02,mH2O,synthetic
2026-09-03T19:00:00,PL-01-MID,1350-00-01-01,東港所琉球鄉本福村等小區計劃-琉球白沙線,22.3460534,120.3832664,34.66,mH2O,synthetic
2026-09-03T19:15:00,PL-01-MID,1350-00-01-01,東港所琉球鄉本福村等小區計劃-琉球白沙線,22.3460534,120.3832664,34.69,mH2O,synthetic
2026-09-03T19:30:00,PL-01-MID,1350-00-01-01,東港所琉球鄉本福村等小區計劃-琉球白沙線,22.3460534,120.3832664,34.47,mH2O,synthetic
2026-09-03T19:45:00,PL-01-MID,1350-00-01-01,東港所琉球鄉本福村等小區計劃-琉球白沙線,22.3460534,120.3832664,34.5,mH2O,synthetic
2026-09-03T20:00:00,PL-01-MID,1350-00-01-01,東港所琉球鄉本福村等小區計劃-琉球白沙線,22.3460534,120.3832664,34.85,mH2O,synthetic
2026-09-03T20:15:00,PL-01-MID,1350-00-01-01,東港所琉球鄉本福村等小區計劃-琉球白沙線,22.3460534,120.3832664,35.52,mH2O,synthetic
2026-09-03T20:30:00,PL-01-MID,1350-00-01-01,東港所琉球鄉本福村等小區計劃-琉球白沙線,22.3460534,120.3832664,35.63,mH2O,synthetic
2026-09-03T20:45:00,PL-01-MID,1350-00-01-01,東港所琉球鄉本福村等小區計劃-琉球白沙線,22.3460534,120.3832664,36.23,mH2O,synthetic
2026-09-03T21:00:00,PL-01-MID,1350-00-01-01,東港所琉球鄉本福村等小區計劃-琉球白沙線,22.3460534,120.3832664,36.84,mH2O,synthetic
2026-09-03T21:15:00,PL-01-MID,1350-00-01-01,東港所琉球鄉本福村等小區計劃-琉球白沙線,22.3460534,120.3832664,36.6,mH2O,synthetic
2026-09-03T21:30:00,PL-01-MID,1350-00-01-01,東港所琉球鄉本福村等小區計劃-琉球白沙線,22.3460534,120.3832664,37.64,mH2O,synthetic
2026-09-03T21:45:00,PL-01-MID,1350-00-01-01,東港所琉球鄉本福村等小區計劃-琉球白沙線,22.3460534,120.3832664,37.77,mH2O,synthetic
2026-09-03T22:00:00,PL-01-MID,1350-00-01-01,東港所琉球鄉本福村等小區計劃-琉球白沙線,22.3460534,120.3832664,37.33,mH2O,synthetic
2026-09-03T22:15:00,PL-01-MID,1350-00-01-01,東港所琉球鄉本福村等小區計劃-琉球白沙線,22.3460534,120.3832664,37.42,mH2O,synthetic
2026-09-03T22:30:00,PL-01-MID,1350-00-01-01,東港所琉球鄉本福村等小區計劃-琉球白沙線,22.3460534,120.3832664,37.76,mH2O,synthetic
2026-09-03T22:45:00,PL-01-MID,1350-00-01-01,東港所琉球鄉本福村等小區計劃-琉球白沙線,22.3460534,120.3832664,37.66,mH2O,synthetic
2026-09-03T23:00:00,PL-01-MID,1350-00-01-01,東港所琉球鄉本福村等小區計劃-琉球白沙線,22.3460534,120.3832664,37.87,mH2O,synthetic
2026-09-03T23:15:00,PL-01-MID,1350-00-01-01,東港所琉球鄉本福村等小區計劃-琉球白沙線,22.3460534,120.3832664,37.39,mH2O,synthetic
2026-09-03T23:30:00,PL-01-MID,1350-00-01-01,東港所琉球鄉本福村等小區計劃-琉球白沙線,22.3460534,120.3832664,37.93,mH2O,synthetic
2026-09-03T23:45:00,PL-01-MID,1350-00-01-01,東港所琉球鄉本福村等小區計劃-琉球白沙線,22.3460534,120.3832664,38.38,mH2O,synthetic
2026-09-01T00:00:00,PL-01-DIST,1350-00-01-01,東港所琉球鄉本福村等小區計劃-琉球白沙線,22.3484574,120.3887195,33.23,mH2O,synthetic
2026-09-01T00:15:00,PL-01-DIST,1350-00-01-01,東港所琉球鄉本福村等小區計劃-琉球白沙線,22.3484574,120.3887195,33.56,mH2O,synthetic
2026-09-01T00:30:00,PL-01-DIST,1350-00-01-01,東港所琉球鄉本福村等小區計劃-琉球白沙線,22.3484574,120.3887195,33.47,mH2O,synthetic
2026-09-01T00:45:00,PL-01-DIST,1350-00-01-01,東港所琉球鄉本福村等小區計劃-琉球白沙線,22.3484574,120.3887195,34.14,mH2O,synthetic
2026-09-01T01:00:00,PL-01-DIST,1350-00-01-01,東港所琉球鄉本福村等小區計劃-琉球白沙線,22.3484574,120.3887195,34.17,mH2O,synthetic
2026-09-01T01:15:00,PL-01-DIST,1350-00-01-01,東港所琉球鄉本福村等小區計劃-琉球白沙線,22.3484574,120.3887195,34.88,mH2O,synthetic
2026-09-01T01:30:00,PL-01-DIST,1350-00-01-01,東港所琉球鄉本福村等小區計劃-琉球白沙線,22.3484574,120.3887195,34.74,mH2O,synthetic
2026-09-01T01:45:00,PL-01-DIST,1350-00-01-01,東港所琉球鄉本福村等小區計劃-琉球白沙線,22.3484574,120.3887195,34.85,mH2O,synthetic
2026-09-01T02:00:00,PL-01-DIST,1350-00-01-01,東港所琉球鄉本福村等小區計劃-琉球白沙線,22.3484574,120.3887195,35.27,mH2O,synthetic
2026-09-01T02:15:00,PL-01-DIST,1350-00-01-01,東港所琉球鄉本福村等小區計劃-琉球白沙線,22.3484574,120.3887195,35.23,mH2O,synthetic
2026-09-01T02:30:00,PL-01-DIST,1350-00-01-01,東港所琉球鄉本福村等小區計劃-琉球白沙線,22.3484574,120.3887195,35.19,mH2O,synthetic
2026-09-01T02:45:00,PL-01-DIST,1350-00-01-01,東港所琉球鄉本福村等小區計劃-琉球白沙線,22.3484574,120.3887195,35.64,mH2O,synthetic
2026-09-01T03:00:00,PL-01-DIST,1350-00-01-01,東港所琉球鄉本福村等小區計劃-琉球白沙線,22.3484574,120.3887195,35.56,mH2O,synthetic
2026-09-01T03:15:00,PL-01-DIST,1350-00-01-01,東港所琉球鄉本福村等小區計劃-琉球白沙線,22.3484574,120.3887195,35.6,mH2O,synthetic
2026-09-01T03:30:00,PL-01-DIST,1350-00-01-01,東港所琉球鄉本福村等小區計劃-琉球白沙線,22.3484574,120.3887195,35.55,mH2O,synthetic
2026-09-01T03:45:00,PL-01-DIST,1350-00-01-01,東港所琉球鄉本福村等小區計劃-琉球白沙線,22.3484574,120.3887195,35.21,mH2O,synthetic
2026-09-01T04:00:00,PL-01-DIST,1350-00-01-01,東港所琉球鄉本福村等小區計劃-琉球白沙線,22.3484574,120.3887195,35.2,mH2O,synthetic
2026-09-01T04:15:00,PL-01-DIST,1350-00-01-01,東港所琉球鄉本福村等小區計劃-琉球白沙線,22.3484574,120.3887195,35.24,mH2O,synthetic
2026-09-01T04:30:00,PL-01-DIST,1350-00-01-01,東港所琉球鄉本福村等小區計劃-琉球白沙線,22.3484574,120.3887195,34.31,mH2O,synthetic
2026-09-01T04:45:00,PL-01-DIST,1350-00-01-01,東港所琉球鄉本福村等小區計劃-琉球白沙線,22.3484574,120.3887195,34.59,mH2O,synthetic
2026-09-01T05:00:00,PL-01-DIST,1350-00-01-01,東港所琉球鄉本福村等小區計劃-琉球白沙線,22.3484574,120.3887195,33.75,mH2O,synthetic
2026-09-01T05:15:00,PL-01-DIST,1350-00-01-01,東港所琉球鄉本福村等小區計劃-琉球白沙線,22.3484574,120.3887195,33.17,mH2O,synthetic
2026-09-01T05:30:00,PL-01-DIST,1350-00-01-01,東港所琉球鄉本福村等小區計劃-琉球白沙線,22.3484574,120.3887195,33.33,mH2O,synthetic
2026-09-01T05:45:00,PL-01-DIST,1350-00-01-01,東港所琉球鄉本福村等小區計劃-琉球白沙線,22.3484574,120.3887195,32.21,mH2O,synthetic
2026-09-01T06:00:00,PL-01-DIST,1350-00-01-01,東港所琉球鄉本福村等小區計劃-琉球白沙線,22.3484574,120.3887195,31.78,mH2O,synthetic
2026-09-01T06:15:00,PL-01-DIST,1350-00-01-01,東港所琉球鄉本福村等小區計劃-琉球白沙線,22.3484574,120.3887195,30.93,mH2O,synthetic
2026-09-01T06:30:00,PL-01-DIST,1350-00-01-01,東港所琉球鄉本福村等小區計劃-琉球白沙線,22.3484574,120.3887195,29.64,mH2O,synthetic
2026-09-01T06:45:00,PL-01-DIST,1350-00-01-01,東港所琉球鄉本福村等小區計劃-琉球白沙線,22.3484574,120.3887195,29.36,mH2O,synthetic
2026-09-01T07:00:00,PL-01-DIST,1350-00-01-01,東港所琉球鄉本福村等小區計劃-琉球白沙線,22.3484574,120.3887195,28.66,mH2O,synthetic
2026-09-01T07:15:00,PL-01-DIST,1350-00-01-01,東港所琉球鄉本福村等小區計劃-琉球白沙線,22.3484574,120.3887195,28.11,mH2O,synthetic
2026-09-01T07:30:00,PL-01-DIST,1350-00-01-01,東港所琉球鄉本福村等小區計劃-琉球白沙線,22.3484574,120.3887195,27.87,mH2O,synthetic
2026-09-01T07:45:00,PL-01-DIST,1350-00-01-01,東港所琉球鄉本福村等小區計劃-琉球白沙線,22.3484574,120.3887195,28.37,mH2O,synthetic
2026-09-01T08:00:00,PL-01-DIST,1350-00-01-01,東港所琉球鄉本福村等小區計劃-琉球白沙線,22.3484574,120.3887195,28.8,mH2O,synthetic
2026-09-01T08:15:00,PL-01-DIST,1350-00-01-01,東港所琉球鄉本福村等小區計劃-琉球白沙線,22.3484574,120.3887195,29.25,mH2O,synthetic
2026-09-01T08:30:00,PL-01-DIST,1350-00-01-01,東港所琉球鄉本福村等小區計劃-琉球白沙線,22.3484574,120.3887195,29.69,mH2O,synthetic
2026-09-01T08:45:00,PL-01-DIST,1350-00-01-01,東港所琉球鄉本福村等小區計劃-琉球白沙線,22.3484574,120.3887195,30.22,mH2O,synthetic
2026-09-01T09:00:00,PL-01-DIST,1350-00-01-01,東港所琉球鄉本福村等小區計劃-琉球白沙線,22.3484574,120.3887195,30.79,mH2O,synthetic
2026-09-01T09:15:00,PL-01-DIST,1350-00-01-01,東港所琉球鄉本福村等小區計劃-琉球白沙線,22.3484574,120.3887195,31.43,mH2O,synthetic
2026-09-01T09:30:00,PL-01-DIST,1350-00-01-01,東港所琉球鄉本福村等小區計劃-琉球白沙線,22.3484574,120.3887195,31.77,mH2O,synthetic
2026-09-01T09:45:00,PL-01-DIST,1350-00-01-01,東港所琉球鄉本福村等小區計劃-琉球白沙線,22.3484574,120.3887195,32.29,mH2O,synthetic
2026-09-01T10:00:00,PL-01-DIST,1350-00-01-01,東港所琉球鄉本福村等小區計劃-琉球白沙線,22.3484574,120.3887195,32.58,mH2O,synthetic
2026-09-01T10:15:00,PL-01-DIST,1350-00-01-01,東港所琉球鄉本福村等小區計劃-琉球白沙線,22.3484574,120.3887195,32.55,mH2O,synthetic
2026-09-01T10:30:00,PL-01-DIST,1350-00-01-01,東港所琉球鄉本福村等小區計劃-琉球白沙線,22.3484574,120.3887195,32.81,mH2O,synthetic
2026-09-01T10:45:00,PL-01-DIST,1350-00-01-01,東港所琉球鄉本福村等小區計劃-琉球白沙線,22.3484574,120.3887195,32.76,mH2O,synthetic
2026-09-01T11:00:00,PL-01-DIST,1350-00-01-01,東港所琉球鄉本福村等小區計劃-琉球白沙線,22.3484574,120.3887195,32.96,mH2O,synthetic
2026-09-01T11:15:00,PL-01-DIST,1350-00-01-01,東港所琉球鄉本福村等小區計劃-琉球白沙線,22.3484574,120.3887195,33.09,mH2O,synthetic
2026-09-01T11:30:00,PL-01-DIST,1350-00-01-01,東港所琉球鄉本福村等小區計劃-琉球白沙線,22.3484574,120.3887195,33.03,mH2O,synthetic
2026-09-01T11:45:00,PL-01-DIST,1350-00-01-01,東港所琉球鄉本福村等小區計劃-琉球白沙線,22.3484574,120.3887195,33.1,mH2O,synthetic
2026-09-01T12:00:00,PL-01-DIST,1350-00-01-01,東港所琉球鄉本福村等小區計劃-琉球白沙線,22.3484574,120.3887195,32.63,mH2O,synthetic
2026-09-01T12:15:00,PL-01-DIST,1350-00-01-01,東港所琉球鄉本福村等小區計劃-琉球白沙線,22.3484574,120.3887195,32.92,mH2O,synthetic
2026-09-01T12:30:00,PL-01-DIST,1350-00-01-01,東港所琉球鄉本福村等小區計劃-琉球白沙線,22.3484574,120.3887195,33.06,mH2O,synthetic
2026-09-01T12:45:00,PL-01-DIST,1350-00-01-01,東港所琉球鄉本福村等小區計劃-琉球白沙線,22.3484574,120.3887195,33.14,mH2O,synthetic
2026-09-01T13:00:00,PL-01-DIST,1350-00-01-01,東港所琉球鄉本福村等小區計劃-琉球白沙線,22.3484574,120.3887195,32.65,mH2O,synthetic
2026-09-01T13:15:00,PL-01-DIST,1350-00-01-01,東港所琉球鄉本福村等小區計劃-琉球白沙線,22.3484574,120.3887195,33.03,mH2O,synthetic
2026-09-01T13:30:00,PL-01-DIST,1350-00-01-01,東港所琉球鄉本福村等小區計劃-琉球白沙線,22.3484574,120.3887195,33.26,mH2O,synthetic
2026-09-01T13:45:00,PL-01-DIST,1350-00-01-01,東港所琉球鄉本福村等小區計劃-琉球白沙線,22.3484574,120.3887195,32.96,mH2O,synthetic
2026-09-01T14:00:00,PL-01-DIST,1350-00-01-01,東港所琉球鄉本福村等小區計劃-琉球白沙線,22.3484574,120.3887195,32.97,mH2O,synthetic
2026-09-01T14:15:00,PL-01-DIST,1350-00-01-01,東港所琉球鄉本福村等小區計劃-琉球白沙線,22.3484574,120.3887195,33.08,mH2O,synthetic
2026-09-01T14:30:00,PL-01-DIST,1350-00-01-01,東港所琉球鄉本福村等小區計劃-琉球白沙線,22.3484574,120.3887195,33.02,mH2O,synthetic
2026-09-01T14:45:00,PL-01-DIST,1350-00-01-01,東港所琉球鄉本福村等小區計劃-琉球白沙線,22.3484574,120.3887195,33.09,mH2O,synthetic
2026-09-01T15:00:00,PL-01-DIST,1350-00-01-01,東港所琉球鄉本福村等小區計劃-琉球白沙線,22.3484574,120.3887195,32.91,mH2O,synthetic
2026-09-01T15:15:00,PL-01-DIST,1350-00-01-01,東港所琉球鄉本福村等小區計劃-琉球白沙線,22.3484574,120.3887195,32.87,mH2O,synthetic
2026-09-01T15:30:00,PL-01-DIST,1350-00-01-01,東港所琉球鄉本福村等小區計劃-琉球白沙線,22.3484574,120.3887195,32.57,mH2O,synthetic
2026-09-01T15:45:00,PL-01-DIST,1350-00-01-01,東港所琉球鄉本福村等小區計劃-琉球白沙線,22.3484574,120.3887195,32.56,mH2O,synthetic
2026-09-01T16:00:00,PL-01-DIST,1350-00-01-01,東港所琉球鄉本福村等小區計劃-琉球白沙線,22.3484574,120.3887195,32.69,mH2O,synthetic
2026-09-01T16:15:00,PL-01-DIST,1350-00-01-01,東港所琉球鄉本福村等小區計劃-琉球白沙線,22.3484574,120.3887195,32.11,mH2O,synthetic
2026-09-01T16:30:00,PL-01-DIST,1350-00-01-01,東港所琉球鄉本福村等小區計劃-琉球白沙線,22.3484574,120.3887195,31.79,mH2O,synthetic
2026-09-01T16:45:00,PL-01-DIST,1350-00-01-01,東港所琉球鄉本福村等小區計劃-琉球白沙線,22.3484574,120.3887195,31.31,mH2O,synthetic
2026-09-01T17:00:00,PL-01-DIST,1350-00-01-01,東港所琉球鄉本福村等小區計劃-琉球白沙線,22.3484574,120.3887195,31.11,mH2O,synthetic
2026-09-01T17:15:00,PL-01-DIST,1350-00-01-01,東港所琉球鄉本福村等小區計劃-琉球白沙線,22.3484574,120.3887195,30.21,mH2O,synthetic
2026-09-01T17:30:00,PL-01-DIST,1350-00-01-01,東港所琉球鄉本福村等小區計劃-琉球白沙線,22.3484574,120.3887195,30.01,mH2O,synthetic
2026-09-01T17:45:00,PL-01-DIST,1350-00-01-01,東港所琉球鄉本福村等小區計劃-琉球白沙線,22.3484574,120.3887195,29.0,mH2O,synthetic
2026-09-01T18:00:00,PL-01-DIST,1350-00-01-01,東港所琉球鄉本福村等小區計劃-琉球白沙線,22.3484574,120.3887195,28.41,mH2O,synthetic
2026-09-01T18:15:00,PL-01-DIST,1350-00-01-01,東港所琉球鄉本福村等小區計劃-琉球白沙線,22.3484574,120.3887195,28.18,mH2O,synthetic
2026-09-01T18:30:00,PL-01-DIST,1350-00-01-01,東港所琉球鄉本福村等小區計劃-琉球白沙線,22.3484574,120.3887195,27.77,mH2O,synthetic
2026-09-01T18:45:00,PL-01-DIST,1350-00-01-01,東港所琉球鄉本福村等小區計劃-琉球白沙線,22.3484574,120.3887195,27.55,mH2O,synthetic
2026-09-01T19:00:00,PL-01-DIST,1350-00-01-01,東港所琉球鄉本福村等小區計劃-琉球白沙線,22.3484574,120.3887195,27.63,mH2O,synthetic
2026-09-01T19:15:00,PL-01-DIST,1350-00-01-01,東港所琉球鄉本福村等小區計劃-琉球白沙線,22.3484574,120.3887195,27.4,mH2O,synthetic
2026-09-01T19:30:00,PL-01-DIST,1350-00-01-01,東港所琉球鄉本福村等小區計劃-琉球白沙線,22.3484574,120.3887195,27.84,mH2O,synthetic
2026-09-01T19:45:00,PL-01-DIST,1350-00-01-01,東港所琉球鄉本福村等小區計劃-琉球白沙線,22.3484574,120.3887195,27.93,mH2O,synthetic
2026-09-01T20:00:00,PL-01-DIST,1350-00-01-01,東港所琉球鄉本福村等小區計劃-琉球白沙線,22.3484574,120.3887195,28.92,mH2O,synthetic
2026-09-01T20:15:00,PL-01-DIST,1350-00-01-01,東港所琉球鄉本福村等小區計劃-琉球白沙線,22.3484574,120.3887195,29.35,mH2O,synthetic
2026-09-01T20:30:00,PL-01-DIST,1350-00-01-01,東港所琉球鄉本福村等小區計劃-琉球白沙線,22.3484574,120.3887195,29.93,mH2O,synthetic
2026-09-01T20:45:00,PL-01-DIST,1350-00-01-01,東港所琉球鄉本福村等小區計劃-琉球白沙線,22.3484574,120.3887195,30.44,mH2O,synthetic
2026-09-01T21:00:00,PL-01-DIST,1350-00-01-01,東港所琉球鄉本福村等小區計劃-琉球白沙線,22.3484574,120.3887195,30.77,mH2O,synthetic
2026-09-01T21:15:00,PL-01-DIST,1350-00-01-01,東港所琉球鄉本福村等小區計劃-琉球白沙線,22.3484574,120.3887195,31.35,mH2O,synthetic
2026-09-01T21:30:00,PL-01-DIST,1350-00-01-01,東港所琉球鄉本福村等小區計劃-琉球白沙線,22.3484574,120.3887195,31.94,mH2O,synthetic
2026-09-01T21:45:00,PL-01-DIST,1350-00-01-01,東港所琉球鄉本福村等小區計劃-琉球白沙線,22.3484574,120.3887195,32.15,mH2O,synthetic
2026-09-01T22:00:00,PL-01-DIST,1350-00-01-01,東港所琉球鄉本福村等小區計劃-琉球白沙線,22.3484574,120.3887195,32.44,mH2O,synthetic
2026-09-01T22:15:00,PL-01-DIST,1350-00-01-01,東港所琉球鄉本福村等小區計劃-琉球白沙線,22.3484574,120.3887195,32.3,mH2O,synthetic
2026-09-01T22:30:00,PL-01-DIST,1350-00-01-01,東港所琉球鄉本福村等小區計劃-琉球白沙線,22.3484574,120.3887195,32.78,mH2O,synthetic
2026-09-01T22:45:00,PL-01-DIST,1350-00-01-01,東港所琉球鄉本福村等小區計劃-琉球白沙線,22.3484574,120.3887195,32.68,mH2O,synthetic
2026-09-01T23:00:00,PL-01-DIST,1350-00-01-01,東港所琉球鄉本福村等小區計劃-琉球白沙線,22.3484574,120.3887195,32.66,mH2O,synthetic
2026-09-01T23:15:00,PL-01-DIST,1350-00-01-01,東港所琉球鄉本福村等小區計劃-琉球白沙線,22.3484574,120.3887195,32.9,mH2O,synthetic
2026-09-01T23:30:00,PL-01-DIST,1350-00-01-01,東港所琉球鄉本福村等小區計劃-琉球白沙線,22.3484574,120.3887195,32.56,mH2O,synthetic
2026-09-01T23:45:00,PL-01-DIST,1350-00-01-01,東港所琉球鄉本福村等小區計劃-琉球白沙線,22.3484574,120.3887195,33.13,mH2O,synthetic
2026-09-02T00:00:00,PL-01-DIST,1350-00-01-01,東港所琉球鄉本福村等小區計劃-琉球白沙線,22.3484574,120.3887195,33.66,mH2O,synthetic
2026-09-02T00:15:00,PL-01-DIST,1350-00-01-01,東港所琉球鄉本福村等小區計劃-琉球白沙線,22.3484574,120.3887195,33.61,mH2O,synthetic
2026-09-02T00:30:00,PL-01-DIST,1350-00-01-01,東港所琉球鄉本福村等小區計劃-琉球白沙線,22.3484574,120.3887195,33.58,mH2O,synthetic
2026-09-02T00:45:00,PL-01-DIST,1350-00-01-01,東港所琉球鄉本福村等小區計劃-琉球白沙線,22.3484574,120.3887195,33.79,mH2O,synthetic
2026-09-02T01:00:00,PL-01-DIST,1350-00-01-01,東港所琉球鄉本福村等小區計劃-琉球白沙線,22.3484574,120.3887195,34.19,mH2O,synthetic
2026-09-02T01:15:00,PL-01-DIST,1350-00-01-01,東港所琉球鄉本福村等小區計劃-琉球白沙線,22.3484574,120.3887195,33.92,mH2O,synthetic
2026-09-02T01:30:00,PL-01-DIST,1350-00-01-01,東港所琉球鄉本福村等小區計劃-琉球白沙線,22.3484574,120.3887195,34.74,mH2O,synthetic
2026-09-02T01:45:00,PL-01-DIST,1350-00-01-01,東港所琉球鄉本福村等小區計劃-琉球白沙線,22.3484574,120.3887195,35.08,mH2O,synthetic
2026-09-02T02:00:00,PL-01-DIST,1350-00-01-01,東港所琉球鄉本福村等小區計劃-琉球白沙線,22.3484574,120.3887195,35.08,mH2O,synthetic
2026-09-02T02:15:00,PL-01-DIST,1350-00-01-01,東港所琉球鄉本福村等小區計劃-琉球白沙線,22.3484574,120.3887195,35.23,mH2O,synthetic
2026-09-02T02:30:00,PL-01-DIST,1350-00-01-01,東港所琉球鄉本福村等小區計劃-琉球白沙線,22.3484574,120.3887195,35.52,mH2O,synthetic
2026-09-02T02:45:00,PL-01-DIST,1350-00-01-01,東港所琉球鄉本福村等小區計劃-琉球白沙線,22.3484574,120.3887195,35.65,mH2O,synthetic
2026-09-02T03:00:00,PL-01-DIST,1350-00-01-01,東港所琉球鄉本福村等小區計劃-琉球白沙線,22.3484574,120.3887195,35.84,mH2O,synthetic
2026-09-02T03:15:00,PL-01-DIST,1350-00-01-01,東港所琉球鄉本福村等小區計劃-琉球白沙線,22.3484574,120.3887195,35.57,mH2O,synthetic
2026-09-02T03:30:00,PL-01-DIST,1350-00-01-01,東港所琉球鄉本福村等小區計劃-琉球白沙線,22.3484574,120.3887195,35.32,mH2O,synthetic
2026-09-02T03:45:00,PL-01-DIST,1350-00-01-01,東港所琉球鄉本福村等小區計劃-琉球白沙線,22.3484574,120.3887195,35.22,mH2O,synthetic
2026-09-02T04:00:00,PL-01-DIST,1350-00-01-01,東港所琉球鄉本福村等小區計劃-琉球白沙線,22.3484574,120.3887195,35.15,mH2O,synthetic
2026-09-02T04:15:00,PL-01-DIST,1350-00-01-01,東港所琉球鄉本福村等小區計劃-琉球白沙線,22.3484574,120.3887195,35.2,mH2O,synthetic
2026-09-02T04:30:00,PL-01-DIST,1350-00-01-01,東港所琉球鄉本福村等小區計劃-琉球白沙線,22.3484574,120.3887195,34.49,mH2O,synthetic
2026-09-02T04:45:00,PL-01-DIST,1350-00-01-01,東港所琉球鄉本福村等小區計劃-琉球白沙線,22.3484574,120.3887195,33.98,mH2O,synthetic
2026-09-02T05:00:00,PL-01-DIST,1350-00-01-01,東港所琉球鄉本福村等小區計劃-琉球白沙線,22.3484574,120.3887195,33.61,mH2O,synthetic
2026-09-02T05:15:00,PL-01-DIST,1350-00-01-01,東港所琉球鄉本福村等小區計劃-琉球白沙線,22.3484574,120.3887195,32.87,mH2O,synthetic
2026-09-02T05:30:00,PL-01-DIST,1350-00-01-01,東港所琉球鄉本福村等小區計劃-琉球白沙線,22.3484574,120.3887195,32.86,mH2O,synthetic
2026-09-02T05:45:00,PL-01-DIST,1350-00-01-01,東港所琉球鄉本福村等小區計劃-琉球白沙線,22.3484574,120.3887195,31.87,mH2O,synthetic
2026-09-02T06:00:00,PL-01-DIST,1350-00-01-01,東港所琉球鄉本福村等小區計劃-琉球白沙線,22.3484574,120.3887195,31.21,mH2O,synthetic
2026-09-02T06:15:00,PL-01-DIST,1350-00-01-01,東港所琉球鄉本福村等小區計劃-琉球白沙線,22.3484574,120.3887195,30.31,mH2O,synthetic
2026-09-02T06:30:00,PL-01-DIST,1350-00-01-01,東港所琉球鄉本福村等小區計劃-琉球白沙線,22.3484574,120.3887195,29.76,mH2O,synthetic
2026-09-02T06:45:00,PL-01-DIST,1350-00-01-01,東港所琉球鄉本福村等小區計劃-琉球白沙線,22.3484574,120.3887195,29.45,mH2O,synthetic
2026-09-02T07:00:00,PL-01-DIST,1350-00-01-01,東港所琉球鄉本福村等小區計劃-琉球白沙線,22.3484574,120.3887195,28.48,mH2O,synthetic
2026-09-02T07:15:00,PL-01-DIST,1350-00-01-01,東港所琉球鄉本福村等小區計劃-琉球白沙線,22.3484574,120.3887195,28.02,mH2O,synthetic
2026-09-02T07:30:00,PL-01-DIST,1350-00-01-01,東港所琉球鄉本福村等小區計劃-琉球白沙線,22.3484574,120.3887195,28.3,mH2O,synthetic
2026-09-02T07:45:00,PL-01-DIST,1350-00-01-01,東港所琉球鄉本福村等小區計劃-琉球白沙線,22.3484574,120.3887195,28.28,mH2O,synthetic
2026-09-02T08:00:00,PL-01-DIST,1350-00-01-01,東港所琉球鄉本福村等小區計劃-琉球白沙線,22.3484574,120.3887195,28.76,mH2O,synthetic
2026-09-02T08:15:00,PL-01-DIST,1350-00-01-01,東港所琉球鄉本福村等小區計劃-琉球白沙線,22.3484574,120.3887195,29.32,mH2O,synthetic
2026-09-02T08:30:00,PL-01-DIST,1350-00-01-01,東港所琉球鄉本福村等小區計劃-琉球白沙線,22.3484574,120.3887195,29.76,mH2O,synthetic
2026-09-02T08:45:00,PL-01-DIST,1350-00-01-01,東港所琉球鄉本福村等小區計劃-琉球白沙線,22.3484574,120.3887195,30.11,mH2O,synthetic
2026-09-02T09:00:00,PL-01-DIST,1350-00-01-01,東港所琉球鄉本福村等小區計劃-琉球白沙線,22.3484574,120.3887195,30.98,mH2O,synthetic
2026-09-02T09:15:00,PL-01-DIST,1350-00-01-01,東港所琉球鄉本福村等小區計劃-琉球白沙線,22.3484574,120.3887195,31.66,mH2O,synthetic
2026-09-02T09:30:00,PL-01-DIST,1350-00-01-01,東港所琉球鄉本福村等小區計劃-琉球白沙線,22.3484574,120.3887195,31.87,mH2O,synthetic
2026-09-02T09:45:00,PL-01-DIST,1350-00-01-01,東港所琉球鄉本福村等小區計劃-琉球白沙線,22.3484574,120.3887195,32.02,mH2O,synthetic
2026-09-02T10:00:00,PL-01-DIST,1350-00-01-01,東港所琉球鄉本福村等小區計劃-琉球白沙線,22.3484574,120.3887195,32.83,mH2O,synthetic
2026-09-02T10:15:00,PL-01-DIST,1350-00-01-01,東港所琉球鄉本福村等小區計劃-琉球白沙線,22.3484574,120.3887195,32.66,mH2O,synthetic
2026-09-02T10:30:00,PL-01-DIST,1350-00-01-01,東港所琉球鄉本福村等小區計劃-琉球白沙線,22.3484574,120.3887195,32.77,mH2O,synthetic
2026-09-02T10:45:00,PL-01-DIST,1350-00-01-01,東港所琉球鄉本福村等小區計劃-琉球白沙線,22.3484574,120.3887195,32.93,mH2O,synthetic
2026-09-02T11:00:00,PL-01-DIST,1350-00-01-01,東港所琉球鄉本福村等小區計劃-琉球白沙線,22.3484574,120.3887195,33.19,mH2O,synthetic
2026-09-02T11:15:00,PL-01-DIST,1350-00-01-01,東港所琉球鄉本福村等小區計劃-琉球白沙線,22.3484574,120.3887195,33.04,mH2O,synthetic
2026-09-02T11:30:00,PL-01-DIST,1350-00-01-01,東港所琉球鄉本福村等小區計劃-琉球白沙線,22.3484574,120.3887195,32.92,mH2O,synthetic
2026-09-02T11:45:00,PL-01-DIST,1350-00-01-01,東港所琉球鄉本福村等小區計劃-琉球白沙線,22.3484574,120.3887195,33.15,mH2O,synthetic
2026-09-02T12:00:00,PL-01-DIST,1350-00-01-01,東港所琉球鄉本福村等小區計劃-琉球白沙線,22.3484574,120.3887195,33.47,mH2O,synthetic
2026-09-02T12:15:00,PL-01-DIST,1350-00-01-01,東港所琉球鄉本福村等小區計劃-琉球白沙線,22.3484574,120.3887195,33.3,mH2O,synthetic
2026-09-02T12:30:00,PL-01-DIST,1350-00-01-01,東港所琉球鄉本福村等小區計劃-琉球白沙線,22.3484574,120.3887195,33.15,mH2O,synthetic
2026-09-02T12:45:00,PL-01-DIST,1350-00-01-01,東港所琉球鄉本福村等小區計劃-琉球白沙線,22.3484574,120.3887195,32.75,mH2O,synthetic
2026-09-02T13:00:00,PL-01-DIST,1350-00-01-01,東港所琉球鄉本福村等小區計劃-琉球白沙線,22.3484574,120.3887195,33.82,mH2O,synthetic
2026-09-02T13:15:00,PL-01-DIST,1350-00-01-01,東港所琉球鄉本福村等小區計劃-琉球白沙線,22.3484574,120.3887195,32.73,mH2O,synthetic
2026-09-02T13:30:00,PL-01-DIST,1350-00-01-01,東港所琉球鄉本福村等小區計劃-琉球白沙線,22.3484574,120.3887195,32.92,mH2O,synthetic
2026-09-02T13:45:00,PL-01-DIST,1350-00-01-01,東港所琉球鄉本福村等小區計劃-琉球白沙線,22.3484574,120.3887195,32.84,mH2O,synthetic
2026-09-02T14:00:00,PL-01-DIST,1350-00-01-01,東港所琉球鄉本福村等小區計劃-琉球白沙線,22.3484574,120.3887195,33.35,mH2O,synthetic
2026-09-02T14:15:00,PL-01-DIST,1350-00-01-01,東港所琉球鄉本福村等小區計劃-琉球白沙線,22.3484574,120.3887195,33.07,mH2O,synthetic
2026-09-02T14:30:00,PL-01-DIST,1350-00-01-01,東港所琉球鄉本福村等小區計劃-琉球白沙線,22.3484574,120.3887195,32.65,mH2O,synthetic
2026-09-02T14:45:00,PL-01-DIST,1350-00-01-01,東港所琉球鄉本福村等小區計劃-琉球白沙線,22.3484574,120.3887195,33.0,mH2O,synthetic
2026-09-02T15:00:00,PL-01-DIST,1350-00-01-01,東港所琉球鄉本福村等小區計劃-琉球白沙線,22.3484574,120.3887195,33.02,mH2O,synthetic
2026-09-02T15:15:00,PL-01-DIST,1350-00-01-01,東港所琉球鄉本福村等小區計劃-琉球白沙線,22.3484574,120.3887195,32.76,mH2O,synthetic
2026-09-02T15:30:00,PL-01-DIST,1350-00-01-01,東港所琉球鄉本福村等小區計劃-琉球白沙線,22.3484574,120.3887195,32.47,mH2O,synthetic
2026-09-02T15:45:00,PL-01-DIST,1350-00-01-01,東港所琉球鄉本福村等小區計劃-琉球白沙線,22.3484574,120.3887195,32.44,mH2O,synthetic
2026-09-02T16:00:00,PL-01-DIST,1350-00-01-01,東港所琉球鄉本福村等小區計劃-琉球白沙線,22.3484574,120.3887195,32.31,mH2O,synthetic
2026-09-02T16:15:00,PL-01-DIST,1350-00-01-01,東港所琉球鄉本福村等小區計劃-琉球白沙線,22.3484574,120.3887195,32.16,mH2O,synthetic
2026-09-02T16:30:00,PL-01-DIST,1350-00-01-01,東港所琉球鄉本福村等小區計劃-琉球白沙線,22.3484574,120.3887195,31.71,mH2O,synthetic
2026-09-02T16:45:00,PL-01-DIST,1350-00-01-01,東港所琉球鄉本福村等小區計劃-琉球白沙線,22.3484574,120.3887195,31.58,mH2O,synthetic
2026-09-02T17:00:00,PL-01-DIST,1350-00-01-01,東港所琉球鄉本福村等小區計劃-琉球白沙線,22.3484574,120.3887195,30.73,mH2O,synthetic
2026-09-02T17:15:00,PL-01-DIST,1350-00-01-01,東港所琉球鄉本福村等小區計劃-琉球白沙線,22.3484574,120.3887195,30.01,mH2O,synthetic
2026-09-02T17:30:00,PL-01-DIST,1350-00-01-01,東港所琉球鄉本福村等小區計劃-琉球白沙線,22.3484574,120.3887195,29.65,mH2O,synthetic
2026-09-02T17:45:00,PL-01-DIST,1350-00-01-01,東港所琉球鄉本福村等小區計劃-琉球白沙線,22.3484574,120.3887195,29.51,mH2O,synthetic
2026-09-02T18:00:00,PL-01-DIST,1350-00-01-01,東港所琉球鄉本福村等小區計劃-琉球白沙線,22.3484574,120.3887195,28.51,mH2O,synthetic
2026-09-02T18:15:00,PL-01-DIST,1350-00-01-01,東港所琉球鄉本福村等小區計劃-琉球白沙線,22.3484574,120.3887195,28.65,mH2O,synthetic
2026-09-02T18:30:00,PL-01-DIST,1350-00-01-01,東港所琉球鄉本福村等小區計劃-琉球白沙線,22.3484574,120.3887195,27.85,mH2O,synthetic
2026-09-02T18:45:00,PL-01-DIST,1350-00-01-01,東港所琉球鄉本福村等小區計劃-琉球白沙線,22.3484574,120.3887195,27.23,mH2O,synthetic
2026-09-02T19:00:00,PL-01-DIST,1350-00-01-01,東港所琉球鄉本福村等小區計劃-琉球白沙線,22.3484574,120.3887195,27.22,mH2O,synthetic
2026-09-02T19:15:00,PL-01-DIST,1350-00-01-01,東港所琉球鄉本福村等小區計劃-琉球白沙線,22.3484574,120.3887195,27.54,mH2O,synthetic
2026-09-02T19:30:00,PL-01-DIST,1350-00-01-01,東港所琉球鄉本福村等小區計劃-琉球白沙線,22.3484574,120.3887195,27.48,mH2O,synthetic
2026-09-02T19:45:00,PL-01-DIST,1350-00-01-01,東港所琉球鄉本福村等小區計劃-琉球白沙線,22.3484574,120.3887195,28.66,mH2O,synthetic
2026-09-02T20:00:00,PL-01-DIST,1350-00-01-01,東港所琉球鄉本福村等小區計劃-琉球白沙線,22.3484574,120.3887195,28.42,mH2O,synthetic
2026-09-02T20:15:00,PL-01-DIST,1350-00-01-01,東港所琉球鄉本福村等小區計劃-琉球白沙線,22.3484574,120.3887195,29.36,mH2O,synthetic
2026-09-02T20:30:00,PL-01-DIST,1350-00-01-01,東港所琉球鄉本福村等小區計劃-琉球白沙線,22.3484574,120.3887195,30.13,mH2O,synthetic
2026-09-02T20:45:00,PL-01-DIST,1350-00-01-01,東港所琉球鄉本福村等小區計劃-琉球白沙線,22.3484574,120.3887195,30.37,mH2O,synthetic
2026-09-02T21:00:00,PL-01-DIST,1350-00-01-01,東港所琉球鄉本福村等小區計劃-琉球白沙線,22.3484574,120.3887195,30.72,mH2O,synthetic
2026-09-02T21:15:00,PL-01-DIST,1350-00-01-01,東港所琉球鄉本福村等小區計劃-琉球白沙線,22.3484574,120.3887195,31.36,mH2O,synthetic
2026-09-02T21:30:00,PL-01-DIST,1350-00-01-01,東港所琉球鄉本福村等小區計劃-琉球白沙線,22.3484574,120.3887195,31.91,mH2O,synthetic
2026-09-02T21:45:00,PL-01-DIST,1350-00-01-01,東港所琉球鄉本福村等小區計劃-琉球白沙線,22.3484574,120.3887195,32.35,mH2O,synthetic
2026-09-02T22:00:00,PL-01-DIST,1350-00-01-01,東港所琉球鄉本福村等小區計劃-琉球白沙線,22.3484574,120.3887195,32.42,mH2O,synthetic
2026-09-02T22:15:00,PL-01-DIST,1350-00-01-01,東港所琉球鄉本福村等小區計劃-琉球白沙線,22.3484574,120.3887195,32.29,mH2O,synthetic
2026-09-02T22:30:00,PL-01-DIST,1350-00-01-01,東港所琉球鄉本福村等小區計劃-琉球白沙線,22.3484574,120.3887195,32.75,mH2O,synthetic
2026-09-02T22:45:00,PL-01-DIST,1350-00-01-01,東港所琉球鄉本福村等小區計劃-琉球白沙線,22.3484574,120.3887195,32.69,mH2O,synthetic
2026-09-02T23:00:00,PL-01-DIST,1350-00-01-01,東港所琉球鄉本福村等小區計劃-琉球白沙線,22.3484574,120.3887195,32.42,mH2O,synthetic
2026-09-02T23:15:00,PL-01-DIST,1350-00-01-01,東港所琉球鄉本福村等小區計劃-琉球白沙線,22.3484574,120.3887195,32.79,mH2O,synthetic
2026-09-02T23:30:00,PL-01-DIST,1350-00-01-01,東港所琉球鄉本福村等小區計劃-琉球白沙線,22.3484574,120.3887195,32.65,mH2O,synthetic
2026-09-02T23:45:00,PL-01-DIST,1350-00-01-01,東港所琉球鄉本福村等小區計劃-琉球白沙線,22.3484574,120.3887195,33.11,mH2O,synthetic
2026-09-03T00:00:00,PL-01-DIST,1350-00-01-01,東港所琉球鄉本福村等小區計劃-琉球白沙線,22.3484574,120.3887195,33.9,mH2O,synthetic
2026-09-03T00:15:00,PL-01-DIST,1350-00-01-01,東港所琉球鄉本福村等小區計劃-琉球白沙線,22.3484574,120.3887195,34.03,mH2O,synthetic
2026-09-03T00:30:00,PL-01-DIST,1350-00-01-01,東港所琉球鄉本福村等小區計劃-琉球白沙線,22.3484574,120.3887195,33.67,mH2O,synthetic
2026-09-03T00:45:00,PL-01-DIST,1350-00-01-01,東港所琉球鄉本福村等小區計劃-琉球白沙線,22.3484574,120.3887195,33.9,mH2O,synthetic
2026-09-03T01:00:00,PL-01-DIST,1350-00-01-01,東港所琉球鄉本福村等小區計劃-琉球白沙線,22.3484574,120.3887195,34.37,mH2O,synthetic
2026-09-03T01:15:00,PL-01-DIST,1350-00-01-01,東港所琉球鄉本福村等小區計劃-琉球白沙線,22.3484574,120.3887195,34.69,mH2O,synthetic
2026-09-03T01:30:00,PL-01-DIST,1350-00-01-01,東港所琉球鄉本福村等小區計劃-琉球白沙線,22.3484574,120.3887195,34.61,mH2O,synthetic
2026-09-03T01:45:00,PL-01-DIST,1350-00-01-01,東港所琉球鄉本福村等小區計劃-琉球白沙線,22.3484574,120.3887195,34.9,mH2O,synthetic
2026-09-03T02:00:00,PL-01-DIST,1350-00-01-01,東港所琉球鄉本福村等小區計劃-琉球白沙線,22.3484574,120.3887195,35.64,mH2O,synthetic
2026-09-03T02:15:00,PL-01-DIST,1350-00-01-01,東港所琉球鄉本福村等小區計劃-琉球白沙線,22.3484574,120.3887195,35.31,mH2O,synthetic
2026-09-03T02:30:00,PL-01-DIST,1350-00-01-01,東港所琉球鄉本福村等小區計劃-琉球白沙線,22.3484574,120.3887195,35.37,mH2O,synthetic
2026-09-03T02:45:00,PL-01-DIST,1350-00-01-01,東港所琉球鄉本福村等小區計劃-琉球白沙線,22.3484574,120.3887195,35.6,mH2O,synthetic
2026-09-03T03:00:00,PL-01-DIST,1350-00-01-01,東港所琉球鄉本福村等小區計劃-琉球白沙線,22.3484574,120.3887195,35.73,mH2O,synthetic
2026-09-03T03:15:00,PL-01-DIST,1350-00-01-01,東港所琉球鄉本福村等小區計劃-琉球白沙線,22.3484574,120.3887195,35.34,mH2O,synthetic
2026-09-03T03:30:00,PL-01-DIST,1350-00-01-01,東港所琉球鄉本福村等小區計劃-琉球白沙線,22.3484574,120.3887195,35.42,mH2O,synthetic
2026-09-03T03:45:00,PL-01-DIST,1350-00-01-01,東港所琉球鄉本福村等小區計劃-琉球白沙線,22.3484574,120.3887195,35.06,mH2O,synthetic
2026-09-03T04:00:00,PL-01-DIST,1350-00-01-01,東港所琉球鄉本福村等小區計劃-琉球白沙線,22.3484574,120.3887195,35.05,mH2O,synthetic
2026-09-03T04:15:00,PL-01-DIST,1350-00-01-01,東港所琉球鄉本福村等小區計劃-琉球白沙線,22.3484574,120.3887195,35.27,mH2O,synthetic
2026-09-03T04:30:00,PL-01-DIST,1350-00-01-01,東港所琉球鄉本福村等小區計劃-琉球白沙線,22.3484574,120.3887195,34.72,mH2O,synthetic
2026-09-03T04:45:00,PL-01-DIST,1350-00-01-01,東港所琉球鄉本福村等小區計劃-琉球白沙線,22.3484574,120.3887195,34.19,mH2O,synthetic
2026-09-03T05:00:00,PL-01-DIST,1350-00-01-01,東港所琉球鄉本福村等小區計劃-琉球白沙線,22.3484574,120.3887195,33.6,mH2O,synthetic
2026-09-03T05:15:00,PL-01-DIST,1350-00-01-01,東港所琉球鄉本福村等小區計劃-琉球白沙線,22.3484574,120.3887195,33.27,mH2O,synthetic
2026-09-03T05:30:00,PL-01-DIST,1350-00-01-01,東港所琉球鄉本福村等小區計劃-琉球白沙線,22.3484574,120.3887195,33.02,mH2O,synthetic
2026-09-03T05:45:00,PL-01-DIST,1350-00-01-01,東港所琉球鄉本福村等小區計劃-琉球白沙線,22.3484574,120.3887195,32.05,mH2O,synthetic
2026-09-03T06:00:00,PL-01-DIST,1350-00-01-01,東港所琉球鄉本福村等小區計劃-琉球白沙線,22.3484574,120.3887195,31.8,mH2O,synthetic
2026-09-03T06:15:00,PL-01-DIST,1350-00-01-01,東港所琉球鄉本福村等小區計劃-琉球白沙線,22.3484574,120.3887195,30.44,mH2O,synthetic
2026-09-03T06:30:00,PL-01-DIST,1350-00-01-01,東港所琉球鄉本福村等小區計劃-琉球白沙線,22.3484574,120.3887195,29.94,mH2O,synthetic
2026-09-03T06:45:00,PL-01-DIST,1350-00-01-01,東港所琉球鄉本福村等小區計劃-琉球白沙線,22.3484574,120.3887195,29.71,mH2O,synthetic
2026-09-03T07:00:00,PL-01-DIST,1350-00-01-01,東港所琉球鄉本福村等小區計劃-琉球白沙線,22.3484574,120.3887195,28.33,mH2O,synthetic
2026-09-03T07:15:00,PL-01-DIST,1350-00-01-01,東港所琉球鄉本福村等小區計劃-琉球白沙線,22.3484574,120.3887195,28.66,mH2O,synthetic
2026-09-03T07:30:00,PL-01-DIST,1350-00-01-01,東港所琉球鄉本福村等小區計劃-琉球白沙線,22.3484574,120.3887195,27.85,mH2O,synthetic
2026-09-03T07:45:00,PL-01-DIST,1350-00-01-01,東港所琉球鄉本福村等小區計劃-琉球白沙線,22.3484574,120.3887195,28.33,mH2O,synthetic
2026-09-03T08:00:00,PL-01-DIST,1350-00-01-01,東港所琉球鄉本福村等小區計劃-琉球白沙線,22.3484574,120.3887195,28.63,mH2O,synthetic
2026-09-03T08:15:00,PL-01-DIST,1350-00-01-01,東港所琉球鄉本福村等小區計劃-琉球白沙線,22.3484574,120.3887195,29.34,mH2O,synthetic
2026-09-03T08:30:00,PL-01-DIST,1350-00-01-01,東港所琉球鄉本福村等小區計劃-琉球白沙線,22.3484574,120.3887195,29.07,mH2O,synthetic
2026-09-03T08:45:00,PL-01-DIST,1350-00-01-01,東港所琉球鄉本福村等小區計劃-琉球白沙線,22.3484574,120.3887195,29.98,mH2O,synthetic
2026-09-03T09:00:00,PL-01-DIST,1350-00-01-01,東港所琉球鄉本福村等小區計劃-琉球白沙線,22.3484574,120.3887195,30.89,mH2O,synthetic
2026-09-03T09:15:00,PL-01-DIST,1350-00-01-01,東港所琉球鄉本福村等小區計劃-琉球白沙線,22.3484574,120.3887195,31.56,mH2O,synthetic
2026-09-03T09:30:00,PL-01-DIST,1350-00-01-01,東港所琉球鄉本福村等小區計劃-琉球白沙線,22.3484574,120.3887195,31.8,mH2O,synthetic
2026-09-03T09:45:00,PL-01-DIST,1350-00-01-01,東港所琉球鄉本福村等小區計劃-琉球白沙線,22.3484574,120.3887195,32.29,mH2O,synthetic
2026-09-03T10:00:00,PL-01-DIST,1350-00-01-01,東港所琉球鄉本福村等小區計劃-琉球白沙線,22.3484574,120.3887195,32.32,mH2O,synthetic
2026-09-03T10:15:00,PL-01-DIST,1350-00-01-01,東港所琉球鄉本福村等小區計劃-琉球白沙線,22.3484574,120.3887195,32.66,mH2O,synthetic
2026-09-03T10:30:00,PL-01-DIST,1350-00-01-01,東港所琉球鄉本福村等小區計劃-琉球白沙線,22.3484574,120.3887195,32.67,mH2O,synthetic
2026-09-03T10:45:00,PL-01-DIST,1350-00-01-01,東港所琉球鄉本福村等小區計劃-琉球白沙線,22.3484574,120.3887195,32.98,mH2O,synthetic
2026-09-03T11:00:00,PL-01-DIST,1350-00-01-01,東港所琉球鄉本福村等小區計劃-琉球白沙線,22.3484574,120.3887195,33.09,mH2O,synthetic
2026-09-03T11:15:00,PL-01-DIST,1350-00-01-01,東港所琉球鄉本福村等小區計劃-琉球白沙線,22.3484574,120.3887195,33.3,mH2O,synthetic
2026-09-03T11:30:00,PL-01-DIST,1350-00-01-01,東港所琉球鄉本福村等小區計劃-琉球白沙線,22.3484574,120.3887195,32.85,mH2O,synthetic
2026-09-03T11:45:00,PL-01-DIST,1350-00-01-01,東港所琉球鄉本福村等小區計劃-琉球白沙線,22.3484574,120.3887195,32.93,mH2O,synthetic
2026-09-03T12:00:00,PL-01-DIST,1350-00-01-01,東港所琉球鄉本福村等小區計劃-琉球白沙線,22.3484574,120.3887195,33.01,mH2O,synthetic
2026-09-03T12:15:00,PL-01-DIST,1350-00-01-01,東港所琉球鄉本福村等小區計劃-琉球白沙線,22.3484574,120.3887195,32.93,mH2O,synthetic
2026-09-03T12:30:00,PL-01-DIST,1350-00-01-01,東港所琉球鄉本福村等小區計劃-琉球白沙線,22.3484574,120.3887195,32.99,mH2O,synthetic
2026-09-03T12:45:00,PL-01-DIST,1350-00-01-01,東港所琉球鄉本福村等小區計劃-琉球白沙線,22.3484574,120.3887195,32.66,mH2O,synthetic
2026-09-03T13:00:00,PL-01-DIST,1350-00-01-01,東港所琉球鄉本福村等小區計劃-琉球白沙線,22.3484574,120.3887195,33.08,mH2O,synthetic
2026-09-03T13:15:00,PL-01-DIST,1350-00-01-01,東港所琉球鄉本福村等小區計劃-琉球白沙線,22.3484574,120.3887195,32.8,mH2O,synthetic
2026-09-03T13:30:00,PL-01-DIST,1350-00-01-01,東港所琉球鄉本福村等小區計劃-琉球白沙線,22.3484574,120.3887195,32.79,mH2O,synthetic
2026-09-03T13:45:00,PL-01-DIST,1350-00-01-01,東港所琉球鄉本福村等小區計劃-琉球白沙線,22.3484574,120.3887195,32.64,mH2O,synthetic
2026-09-03T14:00:00,PL-01-DIST,1350-00-01-01,東港所琉球鄉本福村等小區計劃-琉球白沙線,22.3484574,120.3887195,33.24,mH2O,synthetic
2026-09-03T14:15:00,PL-01-DIST,1350-00-01-01,東港所琉球鄉本福村等小區計劃-琉球白沙線,22.3484574,120.3887195,32.95,mH2O,synthetic
2026-09-03T14:30:00,PL-01-DIST,1350-00-01-01,東港所琉球鄉本福村等小區計劃-琉球白沙線,22.3484574,120.3887195,33.22,mH2O,synthetic
2026-09-03T14:45:00,PL-01-DIST,1350-00-01-01,東港所琉球鄉本福村等小區計劃-琉球白沙線,22.3484574,120.3887195,33.0,mH2O,synthetic
2026-09-03T15:00:00,PL-01-DIST,1350-00-01-01,東港所琉球鄉本福村等小區計劃-琉球白沙線,22.3484574,120.3887195,32.52,mH2O,synthetic
2026-09-03T15:15:00,PL-01-DIST,1350-00-01-01,東港所琉球鄉本福村等小區計劃-琉球白沙線,22.3484574,120.3887195,32.6,mH2O,synthetic
2026-09-03T15:30:00,PL-01-DIST,1350-00-01-01,東港所琉球鄉本福村等小區計劃-琉球白沙線,22.3484574,120.3887195,32.9,mH2O,synthetic
2026-09-03T15:45:00,PL-01-DIST,1350-00-01-01,東港所琉球鄉本福村等小區計劃-琉球白沙線,22.3484574,120.3887195,32.43,mH2O,synthetic
2026-09-03T16:00:00,PL-01-DIST,1350-00-01-01,東港所琉球鄉本福村等小區計劃-琉球白沙線,22.3484574,120.3887195,32.17,mH2O,synthetic
2026-09-03T16:15:00,PL-01-DIST,1350-00-01-01,東港所琉球鄉本福村等小區計劃-琉球白沙線,22.3484574,120.3887195,32.12,mH2O,synthetic
2026-09-03T16:30:00,PL-01-DIST,1350-00-01-01,東港所琉球鄉本福村等小區計劃-琉球白沙線,22.3484574,120.3887195,31.79,mH2O,synthetic
2026-09-03T16:45:00,PL-01-DIST,1350-00-01-01,東港所琉球鄉本福村等小區計劃-琉球白沙線,22.3484574,120.3887195,31.2,mH2O,synthetic
2026-09-03T17:00:00,PL-01-DIST,1350-00-01-01,東港所琉球鄉本福村等小區計劃-琉球白沙線,22.3484574,120.3887195,30.87,mH2O,synthetic
2026-09-03T17:15:00,PL-01-DIST,1350-00-01-01,東港所琉球鄉本福村等小區計劃-琉球白沙線,22.3484574,120.3887195,30.29,mH2O,synthetic
2026-09-03T17:30:00,PL-01-DIST,1350-00-01-01,東港所琉球鄉本福村等小區計劃-琉球白沙線,22.3484574,120.3887195,29.24,mH2O,synthetic
2026-09-03T17:45:00,PL-01-DIST,1350-00-01-01,東港所琉球鄉本福村等小區計劃-琉球白沙線,22.3484574,120.3887195,29.32,mH2O,synthetic
2026-09-03T18:00:00,PL-01-DIST,1350-00-01-01,東港所琉球鄉本福村等小區計劃-琉球白沙線,22.3484574,120.3887195,28.46,mH2O,synthetic
2026-09-03T18:15:00,PL-01-DIST,1350-00-01-01,東港所琉球鄉本福村等小區計劃-琉球白沙線,22.3484574,120.3887195,28.42,mH2O,synthetic
2026-09-03T18:30:00,PL-01-DIST,1350-00-01-01,東港所琉球鄉本福村等小區計劃-琉球白沙線,22.3484574,120.3887195,27.49,mH2O,synthetic
2026-09-03T18:45:00,PL-01-DIST,1350-00-01-01,東港所琉球鄉本福村等小區計劃-琉球白沙線,22.3484574,120.3887195,27.14,mH2O,synthetic
2026-09-03T19:00:00,PL-01-DIST,1350-00-01-01,東港所琉球鄉本福村等小區計劃-琉球白沙線,22.3484574,120.3887195,27.66,mH2O,synthetic
2026-09-03T19:15:00,PL-01-DIST,1350-00-01-01,東港所琉球鄉本福村等小區計劃-琉球白沙線,22.3484574,120.3887195,27.14,mH2O,synthetic
2026-09-03T19:30:00,PL-01-DIST,1350-00-01-01,東港所琉球鄉本福村等小區計劃-琉球白沙線,22.3484574,120.3887195,27.6,mH2O,synthetic
2026-09-03T19:45:00,PL-01-DIST,1350-00-01-01,東港所琉球鄉本福村等小區計劃-琉球白沙線,22.3484574,120.3887195,28.27,mH2O,synthetic
2026-09-03T20:00:00,PL-01-DIST,1350-00-01-01,東港所琉球鄉本福村等小區計劃-琉球白沙線,22.3484574,120.3887195,28.57,mH2O,synthetic
2026-09-03T20:15:00,PL-01-DIST,1350-00-01-01,東港所琉球鄉本福村等小區計劃-琉球白沙線,22.3484574,120.3887195,28.85,mH2O,synthetic
2026-09-03T20:30:00,PL-01-DIST,1350-00-01-01,東港所琉球鄉本福村等小區計劃-琉球白沙線,22.3484574,120.3887195,29.85,mH2O,synthetic
2026-09-03T20:45:00,PL-01-DIST,1350-00-01-01,東港所琉球鄉本福村等小區計劃-琉球白沙線,22.3484574,120.3887195,30.35,mH2O,synthetic
2026-09-03T21:00:00,PL-01-DIST,1350-00-01-01,東港所琉球鄉本福村等小區計劃-琉球白沙線,22.3484574,120.3887195,31.22,mH2O,synthetic
2026-09-03T21:15:00,PL-01-DIST,1350-00-01-01,東港所琉球鄉本福村等小區計劃-琉球白沙線,22.3484574,120.3887195,31.55,mH2O,synthetic
2026-09-03T21:30:00,PL-01-DIST,1350-00-01-01,東港所琉球鄉本福村等小區計劃-琉球白沙線,22.3484574,120.3887195,32.49,mH2O,synthetic
2026-09-03T21:45:00,PL-01-DIST,1350-00-01-01,東港所琉球鄉本福村等小區計劃-琉球白沙線,22.3484574,120.3887195,31.79,mH2O,synthetic
2026-09-03T22:00:00,PL-01-DIST,1350-00-01-01,東港所琉球鄉本福村等小區計劃-琉球白沙線,22.3484574,120.3887195,32.4,mH2O,synthetic
2026-09-03T22:15:00,PL-01-DIST,1350-00-01-01,東港所琉球鄉本福村等小區計劃-琉球白沙線,22.3484574,120.3887195,32.37,mH2O,synthetic
2026-09-03T22:30:00,PL-01-DIST,1350-00-01-01,東港所琉球鄉本福村等小區計劃-琉球白沙線,22.3484574,120.3887195,32.99,mH2O,synthetic
2026-09-03T22:45:00,PL-01-DIST,1350-00-01-01,東港所琉球鄉本福村等小區計劃-琉球白沙線,22.3484574,120.3887195,33.01,mH2O,synthetic
2026-09-03T23:00:00,PL-01-DIST,1350-00-01-01,東港所琉球鄉本福村等小區計劃-琉球白沙線,22.3484574,120.3887195,33.06,mH2O,synthetic
2026-09-03T23:15:00,PL-01-DIST,1350-00-01-01,東港所琉球鄉本福村等小區計劃-琉球白沙線,22.3484574,120.3887195,32.77,mH2O,synthetic
2026-09-03T23:30:00,PL-01-DIST,1350-00-01-01,東港所琉球鄉本福村等小區計劃-琉球白沙線,22.3484574,120.3887195,32.8,mH2O,synthetic
2026-09-03T23:45:00,PL-01-DIST,1350-00-01-01,東港所琉球鄉本福村等小區計劃-琉球白沙線,22.3484574,120.3887195,32.53,mH2O,synthetic
2026-09-01T00:00:00,PL-02-IN,1350-00-01-02,東港所琉球大南線小區,22.3414178,120.3723567,39.76,mH2O,synthetic
2026-09-01T00:15:00,PL-02-IN,1350-00-01-02,東港所琉球大南線小區,22.3414178,120.3723567,39.61,mH2O,synthetic
2026-09-01T00:30:00,PL-02-IN,1350-00-01-02,東港所琉球大南線小區,22.3414178,120.3723567,39.59,mH2O,synthetic
2026-09-01T00:45:00,PL-02-IN,1350-00-01-02,東港所琉球大南線小區,22.3414178,120.3723567,40.01,mH2O,synthetic
2026-09-01T01:00:00,PL-02-IN,1350-00-01-02,東港所琉球大南線小區,22.3414178,120.3723567,40.15,mH2O,synthetic
2026-09-01T01:15:00,PL-02-IN,1350-00-01-02,東港所琉球大南線小區,22.3414178,120.3723567,40.39,mH2O,synthetic
2026-09-01T01:30:00,PL-02-IN,1350-00-01-02,東港所琉球大南線小區,22.3414178,120.3723567,40.02,mH2O,synthetic
2026-09-01T01:45:00,PL-02-IN,1350-00-01-02,東港所琉球大南線小區,22.3414178,120.3723567,40.41,mH2O,synthetic
2026-09-01T02:00:00,PL-02-IN,1350-00-01-02,東港所琉球大南線小區,22.3414178,120.3723567,40.78,mH2O,synthetic
2026-09-01T02:15:00,PL-02-IN,1350-00-01-02,東港所琉球大南線小區,22.3414178,120.3723567,40.97,mH2O,synthetic
2026-09-01T02:30:00,PL-02-IN,1350-00-01-02,東港所琉球大南線小區,22.3414178,120.3723567,41.21,mH2O,synthetic
2026-09-01T02:45:00,PL-02-IN,1350-00-01-02,東港所琉球大南線小區,22.3414178,120.3723567,40.85,mH2O,synthetic
2026-09-01T03:00:00,PL-02-IN,1350-00-01-02,東港所琉球大南線小區,22.3414178,120.3723567,41.13,mH2O,synthetic
2026-09-01T03:15:00,PL-02-IN,1350-00-01-02,東港所琉球大南線小區,22.3414178,120.3723567,41.56,mH2O,synthetic
2026-09-01T03:30:00,PL-02-IN,1350-00-01-02,東港所琉球大南線小區,22.3414178,120.3723567,41.15,mH2O,synthetic
2026-09-01T03:45:00,PL-02-IN,1350-00-01-02,東港所琉球大南線小區,22.3414178,120.3723567,41.07,mH2O,synthetic
2026-09-01T04:00:00,PL-02-IN,1350-00-01-02,東港所琉球大南線小區,22.3414178,120.3723567,40.71,mH2O,synthetic
2026-09-01T04:15:00,PL-02-IN,1350-00-01-02,東港所琉球大南線小區,22.3414178,120.3723567,40.68,mH2O,synthetic
2026-09-01T04:30:00,PL-02-IN,1350-00-01-02,東港所琉球大南線小區,22.3414178,120.3723567,40.67,mH2O,synthetic
2026-09-01T04:45:00,PL-02-IN,1350-00-01-02,東港所琉球大南線小區,22.3414178,120.3723567,40.03,mH2O,synthetic
2026-09-01T05:00:00,PL-02-IN,1350-00-01-02,東港所琉球大南線小區,22.3414178,120.3723567,39.97,mH2O,synthetic
2026-09-01T05:15:00,PL-02-IN,1350-00-01-02,東港所琉球大南線小區,22.3414178,120.3723567,39.16,mH2O,synthetic
2026-09-01T05:30:00,PL-02-IN,1350-00-01-02,東港所琉球大南線小區,22.3414178,120.3723567,39.08,mH2O,synthetic
2026-09-01T05:45:00,PL-02-IN,1350-00-01-02,東港所琉球大南線小區,22.3414178,120.3723567,38.7,mH2O,synthetic
2026-09-01T06:00:00,PL-02-IN,1350-00-01-02,東港所琉球大南線小區,22.3414178,120.3723567,37.85,mH2O,synthetic
2026-09-01T06:15:00,PL-02-IN,1350-00-01-02,東港所琉球大南線小區,22.3414178,120.3723567,37.73,mH2O,synthetic
2026-09-01T06:30:00,PL-02-IN,1350-00-01-02,東港所琉球大南線小區,22.3414178,120.3723567,36.83,mH2O,synthetic
2026-09-01T06:45:00,PL-02-IN,1350-00-01-02,東港所琉球大南線小區,22.3414178,120.3723567,36.32,mH2O,synthetic
2026-09-01T07:00:00,PL-02-IN,1350-00-01-02,東港所琉球大南線小區,22.3414178,120.3723567,36.11,mH2O,synthetic
2026-09-01T07:15:00,PL-02-IN,1350-00-01-02,東港所琉球大南線小區,22.3414178,120.3723567,36.27,mH2O,synthetic
2026-09-01T07:30:00,PL-02-IN,1350-00-01-02,東港所琉球大南線小區,22.3414178,120.3723567,35.81,mH2O,synthetic
2026-09-01T07:45:00,PL-02-IN,1350-00-01-02,東港所琉球大南線小區,22.3414178,120.3723567,36.01,mH2O,synthetic
2026-09-01T08:00:00,PL-02-IN,1350-00-01-02,東港所琉球大南線小區,22.3414178,120.3723567,35.86,mH2O,synthetic
2026-09-01T08:15:00,PL-02-IN,1350-00-01-02,東港所琉球大南線小區,22.3414178,120.3723567,36.38,mH2O,synthetic
2026-09-01T08:30:00,PL-02-IN,1350-00-01-02,東港所琉球大南線小區,22.3414178,120.3723567,36.52,mH2O,synthetic
2026-09-01T08:45:00,PL-02-IN,1350-00-01-02,東港所琉球大南線小區,22.3414178,120.3723567,37.09,mH2O,synthetic
2026-09-01T09:00:00,PL-02-IN,1350-00-01-02,東港所琉球大南線小區,22.3414178,120.3723567,37.82,mH2O,synthetic
2026-09-01T09:15:00,PL-02-IN,1350-00-01-02,東港所琉球大南線小區,22.3414178,120.3723567,38.0,mH2O,synthetic
2026-09-01T09:30:00,PL-02-IN,1350-00-01-02,東港所琉球大南線小區,22.3414178,120.3723567,38.63,mH2O,synthetic
2026-09-01T09:45:00,PL-02-IN,1350-00-01-02,東港所琉球大南線小區,22.3414178,120.3723567,38.5,mH2O,synthetic
2026-09-01T10:00:00,PL-02-IN,1350-00-01-02,東港所琉球大南線小區,22.3414178,120.3723567,38.67,mH2O,synthetic
2026-09-01T10:15:00,PL-02-IN,1350-00-01-02,東港所琉球大南線小區,22.3414178,120.3723567,39.11,mH2O,synthetic
2026-09-01T10:30:00,PL-02-IN,1350-00-01-02,東港所琉球大南線小區,22.3414178,120.3723567,38.76,mH2O,synthetic
2026-09-01T10:45:00,PL-02-IN,1350-00-01-02,東港所琉球大南線小區,22.3414178,120.3723567,38.61,mH2O,synthetic
2026-09-01T11:00:00,PL-02-IN,1350-00-01-02,東港所琉球大南線小區,22.3414178,120.3723567,39.26,mH2O,synthetic
2026-09-01T11:15:00,PL-02-IN,1350-00-01-02,東港所琉球大南線小區,22.3414178,120.3723567,39.08,mH2O,synthetic
2026-09-01T11:30:00,PL-02-IN,1350-00-01-02,東港所琉球大南線小區,22.3414178,120.3723567,38.52,mH2O,synthetic
2026-09-01T11:45:00,PL-02-IN,1350-00-01-02,東港所琉球大南線小區,22.3414178,120.3723567,39.01,mH2O,synthetic
2026-09-01T12:00:00,PL-02-IN,1350-00-01-02,東港所琉球大南線小區,22.3414178,120.3723567,38.91,mH2O,synthetic
2026-09-01T12:15:00,PL-02-IN,1350-00-01-02,東港所琉球大南線小區,22.3414178,120.3723567,39.38,mH2O,synthetic
2026-09-01T12:30:00,PL-02-IN,1350-00-01-02,東港所琉球大南線小區,22.3414178,120.3723567,38.84,mH2O,synthetic
2026-09-01T12:45:00,PL-02-IN,1350-00-01-02,東港所琉球大南線小區,22.3414178,120.3723567,38.87,mH2O,synthetic
2026-09-01T13:00:00,PL-02-IN,1350-00-01-02,東港所琉球大南線小區,22.3414178,120.3723567,38.8,mH2O,synthetic
2026-09-01T13:15:00,PL-02-IN,1350-00-01-02,東港所琉球大南線小區,22.3414178,120.3723567,38.77,mH2O,synthetic
2026-09-01T13:30:00,PL-02-IN,1350-00-01-02,東港所琉球大南線小區,22.3414178,120.3723567,38.84,mH2O,synthetic
2026-09-01T13:45:00,PL-02-IN,1350-00-01-02,東港所琉球大南線小區,22.3414178,120.3723567,38.68,mH2O,synthetic
2026-09-01T14:00:00,PL-02-IN,1350-00-01-02,東港所琉球大南線小區,22.3414178,120.3723567,38.77,mH2O,synthetic
2026-09-01T14:15:00,PL-02-IN,1350-00-01-02,東港所琉球大南線小區,22.3414178,120.3723567,38.63,mH2O,synthetic
2026-09-01T14:30:00,PL-02-IN,1350-00-01-02,東港所琉球大南線小區,22.3414178,120.3723567,38.65,mH2O,synthetic
2026-09-01T14:45:00,PL-02-IN,1350-00-01-02,東港所琉球大南線小區,22.3414178,120.3723567,38.62,mH2O,synthetic
2026-09-01T15:00:00,PL-02-IN,1350-00-01-02,東港所琉球大南線小區,22.3414178,120.3723567,38.82,mH2O,synthetic
2026-09-01T15:15:00,PL-02-IN,1350-00-01-02,東港所琉球大南線小區,22.3414178,120.3723567,38.74,mH2O,synthetic
2026-09-01T15:30:00,PL-02-IN,1350-00-01-02,東港所琉球大南線小區,22.3414178,120.3723567,38.55,mH2O,synthetic
2026-09-01T15:45:00,PL-02-IN,1350-00-01-02,東港所琉球大南線小區,22.3414178,120.3723567,38.83,mH2O,synthetic
2026-09-01T16:00:00,PL-02-IN,1350-00-01-02,東港所琉球大南線小區,22.3414178,120.3723567,38.59,mH2O,synthetic
2026-09-01T16:15:00,PL-02-IN,1350-00-01-02,東港所琉球大南線小區,22.3414178,120.3723567,38.33,mH2O,synthetic
2026-09-01T16:30:00,PL-02-IN,1350-00-01-02,東港所琉球大南線小區,22.3414178,120.3723567,38.1,mH2O,synthetic
2026-09-01T16:45:00,PL-02-IN,1350-00-01-02,東港所琉球大南線小區,22.3414178,120.3723567,38.28,mH2O,synthetic
2026-09-01T17:00:00,PL-02-IN,1350-00-01-02,東港所琉球大南線小區,22.3414178,120.3723567,37.65,mH2O,synthetic
2026-09-01T17:15:00,PL-02-IN,1350-00-01-02,東港所琉球大南線小區,22.3414178,120.3723567,37.34,mH2O,synthetic
2026-09-01T17:30:00,PL-02-IN,1350-00-01-02,東港所琉球大南線小區,22.3414178,120.3723567,36.27,mH2O,synthetic
2026-09-01T17:45:00,PL-02-IN,1350-00-01-02,東港所琉球大南線小區,22.3414178,120.3723567,36.28,mH2O,synthetic
2026-09-01T18:00:00,PL-02-IN,1350-00-01-02,東港所琉球大南線小區,22.3414178,120.3723567,35.56,mH2O,synthetic
2026-09-01T18:15:00,PL-02-IN,1350-00-01-02,東港所琉球大南線小區,22.3414178,120.3723567,35.6,mH2O,synthetic
2026-09-01T18:30:00,PL-02-IN,1350-00-01-02,東港所琉球大南線小區,22.3414178,120.3723567,35.51,mH2O,synthetic
2026-09-01T18:45:00,PL-02-IN,1350-00-01-02,東港所琉球大南線小區,22.3414178,120.3723567,35.11,mH2O,synthetic
2026-09-01T19:00:00,PL-02-IN,1350-00-01-02,東港所琉球大南線小區,22.3414178,120.3723567,35.31,mH2O,synthetic
2026-09-01T19:15:00,PL-02-IN,1350-00-01-02,東港所琉球大南線小區,22.3414178,120.3723567,35.03,mH2O,synthetic
2026-09-01T19:30:00,PL-02-IN,1350-00-01-02,東港所琉球大南線小區,22.3414178,120.3723567,35.56,mH2O,synthetic
2026-09-01T19:45:00,PL-02-IN,1350-00-01-02,東港所琉球大南線小區,22.3414178,120.3723567,35.36,mH2O,synthetic
2026-09-01T20:00:00,PL-02-IN,1350-00-01-02,東港所琉球大南線小區,22.3414178,120.3723567,35.98,mH2O,synthetic
2026-09-01T20:15:00,PL-02-IN,1350-00-01-02,東港所琉球大南線小區,22.3414178,120.3723567,36.52,mH2O,synthetic
2026-09-01T20:30:00,PL-02-IN,1350-00-01-02,東港所琉球大南線小區,22.3414178,120.3723567,36.95,mH2O,synthetic
2026-09-01T20:45:00,PL-02-IN,1350-00-01-02,東港所琉球大南線小區,22.3414178,120.3723567,37.2,mH2O,synthetic
2026-09-01T21:00:00,PL-02-IN,1350-00-01-02,東港所琉球大南線小區,22.3414178,120.3723567,38.03,mH2O,synthetic
2026-09-01T21:15:00,PL-02-IN,1350-00-01-02,東港所琉球大南線小區,22.3414178,120.3723567,37.84,mH2O,synthetic
2026-09-01T21:30:00,PL-02-IN,1350-00-01-02,東港所琉球大南線小區,22.3414178,120.3723567,38.1,mH2O,synthetic
2026-09-01T21:45:00,PL-02-IN,1350-00-01-02,東港所琉球大南線小區,22.3414178,120.3723567,37.82,mH2O,synthetic
2026-09-01T22:00:00,PL-02-IN,1350-00-01-02,東港所琉球大南線小區,22.3414178,120.3723567,38.99,mH2O,synthetic
2026-09-01T22:15:00,PL-02-IN,1350-00-01-02,東港所琉球大南線小區,22.3414178,120.3723567,38.65,mH2O,synthetic
2026-09-01T22:30:00,PL-02-IN,1350-00-01-02,東港所琉球大南線小區,22.3414178,120.3723567,38.56,mH2O,synthetic
2026-09-01T22:45:00,PL-02-IN,1350-00-01-02,東港所琉球大南線小區,22.3414178,120.3723567,39.18,mH2O,synthetic
2026-09-01T23:00:00,PL-02-IN,1350-00-01-02,東港所琉球大南線小區,22.3414178,120.3723567,39.2,mH2O,synthetic
2026-09-01T23:15:00,PL-02-IN,1350-00-01-02,東港所琉球大南線小區,22.3414178,120.3723567,38.98,mH2O,synthetic
2026-09-01T23:30:00,PL-02-IN,1350-00-01-02,東港所琉球大南線小區,22.3414178,120.3723567,38.66,mH2O,synthetic
2026-09-01T23:45:00,PL-02-IN,1350-00-01-02,東港所琉球大南線小區,22.3414178,120.3723567,39.08,mH2O,synthetic
2026-09-02T00:00:00,PL-02-IN,1350-00-01-02,東港所琉球大南線小區,22.3414178,120.3723567,39.25,mH2O,synthetic
2026-09-02T00:15:00,PL-02-IN,1350-00-01-02,東港所琉球大南線小區,22.3414178,120.3723567,39.25,mH2O,synthetic
2026-09-02T00:30:00,PL-02-IN,1350-00-01-02,東港所琉球大南線小區,22.3414178,120.3723567,39.87,mH2O,synthetic
2026-09-02T00:45:00,PL-02-IN,1350-00-01-02,東港所琉球大南線小區,22.3414178,120.3723567,39.34,mH2O,synthetic
2026-09-02T01:00:00,PL-02-IN,1350-00-01-02,東港所琉球大南線小區,22.3414178,120.3723567,40.11,mH2O,synthetic
2026-09-02T01:15:00,PL-02-IN,1350-00-01-02,東港所琉球大南線小區,22.3414178,120.3723567,40.28,mH2O,synthetic
2026-09-02T01:30:00,PL-02-IN,1350-00-01-02,東港所琉球大南線小區,22.3414178,120.3723567,40.82,mH2O,synthetic
2026-09-02T01:45:00,PL-02-IN,1350-00-01-02,東港所琉球大南線小區,22.3414178,120.3723567,40.63,mH2O,synthetic
2026-09-02T02:00:00,PL-02-IN,1350-00-01-02,東港所琉球大南線小區,22.3414178,120.3723567,40.29,mH2O,synthetic
2026-09-02T02:15:00,PL-02-IN,1350-00-01-02,東港所琉球大南線小區,22.3414178,120.3723567,40.7,mH2O,synthetic
2026-09-02T02:30:00,PL-02-IN,1350-00-01-02,東港所琉球大南線小區,22.3414178,120.3723567,41.02,mH2O,synthetic
2026-09-02T02:45:00,PL-02-IN,1350-00-01-02,東港所琉球大南線小區,22.3414178,120.3723567,41.15,mH2O,synthetic
2026-09-02T03:00:00,PL-02-IN,1350-00-01-02,東港所琉球大南線小區,22.3414178,120.3723567,41.31,mH2O,synthetic
2026-09-02T03:15:00,PL-02-IN,1350-00-01-02,東港所琉球大南線小區,22.3414178,120.3723567,40.64,mH2O,synthetic
2026-09-02T03:30:00,PL-02-IN,1350-00-01-02,東港所琉球大南線小區,22.3414178,120.3723567,40.92,mH2O,synthetic
2026-09-02T03:45:00,PL-02-IN,1350-00-01-02,東港所琉球大南線小區,22.3414178,120.3723567,41.09,mH2O,synthetic
2026-09-02T04:00:00,PL-02-IN,1350-00-01-02,東港所琉球大南線小區,22.3414178,120.3723567,41.05,mH2O,synthetic
2026-09-02T04:15:00,PL-02-IN,1350-00-01-02,東港所琉球大南線小區,22.3414178,120.3723567,40.92,mH2O,synthetic
2026-09-02T04:30:00,PL-02-IN,1350-00-01-02,東港所琉球大南線小區,22.3414178,120.3723567,40.19,mH2O,synthetic
2026-09-02T04:45:00,PL-02-IN,1350-00-01-02,東港所琉球大南線小區,22.3414178,120.3723567,40.25,mH2O,synthetic
2026-09-02T05:00:00,PL-02-IN,1350-00-01-02,東港所琉球大南線小區,22.3414178,120.3723567,40.08,mH2O,synthetic
2026-09-02T05:15:00,PL-02-IN,1350-00-01-02,東港所琉球大南線小區,22.3414178,120.3723567,39.61,mH2O,synthetic
2026-09-02T05:30:00,PL-02-IN,1350-00-01-02,東港所琉球大南線小區,22.3414178,120.3723567,39.11,mH2O,synthetic
2026-09-02T05:45:00,PL-02-IN,1350-00-01-02,東港所琉球大南線小區,22.3414178,120.3723567,38.69,mH2O,synthetic
2026-09-02T06:00:00,PL-02-IN,1350-00-01-02,東港所琉球大南線小區,22.3414178,120.3723567,37.84,mH2O,synthetic
2026-09-02T06:15:00,PL-02-IN,1350-00-01-02,東港所琉球大南線小區,22.3414178,120.3723567,37.17,mH2O,synthetic
2026-09-02T06:30:00,PL-02-IN,1350-00-01-02,東港所琉球大南線小區,22.3414178,120.3723567,37.19,mH2O,synthetic
2026-09-02T06:45:00,PL-02-IN,1350-00-01-02,東港所琉球大南線小區,22.3414178,120.3723567,36.42,mH2O,synthetic
2026-09-02T07:00:00,PL-02-IN,1350-00-01-02,東港所琉球大南線小區,22.3414178,120.3723567,36.1,mH2O,synthetic
2026-09-02T07:15:00,PL-02-IN,1350-00-01-02,東港所琉球大南線小區,22.3414178,120.3723567,35.72,mH2O,synthetic
2026-09-02T07:30:00,PL-02-IN,1350-00-01-02,東港所琉球大南線小區,22.3414178,120.3723567,35.66,mH2O,synthetic
2026-09-02T07:45:00,PL-02-IN,1350-00-01-02,東港所琉球大南線小區,22.3414178,120.3723567,35.86,mH2O,synthetic
2026-09-02T08:00:00,PL-02-IN,1350-00-01-02,東港所琉球大南線小區,22.3414178,120.3723567,35.8,mH2O,synthetic
2026-09-02T08:15:00,PL-02-IN,1350-00-01-02,東港所琉球大南線小區,22.3414178,120.3723567,36.38,mH2O,synthetic
2026-09-02T08:30:00,PL-02-IN,1350-00-01-02,東港所琉球大南線小區,22.3414178,120.3723567,36.83,mH2O,synthetic
2026-09-02T08:45:00,PL-02-IN,1350-00-01-02,東港所琉球大南線小區,22.3414178,120.3723567,37.19,mH2O,synthetic
2026-09-02T09:00:00,PL-02-IN,1350-00-01-02,東港所琉球大南線小區,22.3414178,120.3723567,37.47,mH2O,synthetic
2026-09-02T09:15:00,PL-02-IN,1350-00-01-02,東港所琉球大南線小區,22.3414178,120.3723567,38.18,mH2O,synthetic
2026-09-02T09:30:00,PL-02-IN,1350-00-01-02,東港所琉球大南線小區,22.3414178,120.3723567,38.72,mH2O,synthetic
2026-09-02T09:45:00,PL-02-IN,1350-00-01-02,東港所琉球大南線小區,22.3414178,120.3723567,38.41,mH2O,synthetic
2026-09-02T10:00:00,PL-02-IN,1350-00-01-02,東港所琉球大南線小區,22.3414178,120.3723567,38.98,mH2O,synthetic
2026-09-02T10:15:00,PL-02-IN,1350-00-01-02,東港所琉球大南線小區,22.3414178,120.3723567,39.02,mH2O,synthetic
2026-09-02T10:30:00,PL-02-IN,1350-00-01-02,東港所琉球大南線小區,22.3414178,120.3723567,38.32,mH2O,synthetic
2026-09-02T10:45:00,PL-02-IN,1350-00-01-02,東港所琉球大南線小區,22.3414178,120.3723567,38.78,mH2O,synthetic
2026-09-02T11:00:00,PL-02-IN,1350-00-01-02,東港所琉球大南線小區,22.3414178,120.3723567,38.83,mH2O,synthetic
2026-09-02T11:15:00,PL-02-IN,1350-00-01-02,東港所琉球大南線小區,22.3414178,120.3723567,39.16,mH2O,synthetic
2026-09-02T11:30:00,PL-02-IN,1350-00-01-02,東港所琉球大南線小區,22.3414178,120.3723567,39.04,mH2O,synthetic
2026-09-02T11:45:00,PL-02-IN,1350-00-01-02,東港所琉球大南線小區,22.3414178,120.3723567,39.1,mH2O,synthetic
2026-09-02T12:00:00,PL-02-IN,1350-00-01-02,東港所琉球大南線小區,22.3414178,120.3723567,39.14,mH2O,synthetic
2026-09-02T12:15:00,PL-02-IN,1350-00-01-02,東港所琉球大南線小區,22.3414178,120.3723567,38.8,mH2O,synthetic
2026-09-02T12:30:00,PL-02-IN,1350-00-01-02,東港所琉球大南線小區,22.3414178,120.3723567,38.84,mH2O,synthetic
2026-09-02T12:45:00,PL-02-IN,1350-00-01-02,東港所琉球大南線小區,22.3414178,120.3723567,38.73,mH2O,synthetic
2026-09-02T13:00:00,PL-02-IN,1350-00-01-02,東港所琉球大南線小區,22.3414178,120.3723567,38.96,mH2O,synthetic
2026-09-02T13:15:00,PL-02-IN,1350-00-01-02,東港所琉球大南線小區,22.3414178,120.3723567,38.97,mH2O,synthetic
2026-09-02T13:30:00,PL-02-IN,1350-00-01-02,東港所琉球大南線小區,22.3414178,120.3723567,39.04,mH2O,synthetic
2026-09-02T13:45:00,PL-02-IN,1350-00-01-02,東港所琉球大南線小區,22.3414178,120.3723567,38.84,mH2O,synthetic
2026-09-02T14:00:00,PL-02-IN,1350-00-01-02,東港所琉球大南線小區,22.3414178,120.3723567,39.19,mH2O,synthetic
2026-09-02T14:15:00,PL-02-IN,1350-00-01-02,東港所琉球大南線小區,22.3414178,120.3723567,39.19,mH2O,synthetic
2026-09-02T14:30:00,PL-02-IN,1350-00-01-02,東港所琉球大南線小區,22.3414178,120.3723567,39.32,mH2O,synthetic
2026-09-02T14:45:00,PL-02-IN,1350-00-01-02,東港所琉球大南線小區,22.3414178,120.3723567,39.11,mH2O,synthetic
2026-09-02T15:00:00,PL-02-IN,1350-00-01-02,東港所琉球大南線小區,22.3414178,120.3723567,38.97,mH2O,synthetic
2026-09-02T15:15:00,PL-02-IN,1350-00-01-02,東港所琉球大南線小區,22.3414178,120.3723567,39.03,mH2O,synthetic
2026-09-02T15:30:00,PL-02-IN,1350-00-01-02,東港所琉球大南線小區,22.3414178,120.3723567,38.96,mH2O,synthetic
2026-09-02T15:45:00,PL-02-IN,1350-00-01-02,東港所琉球大南線小區,22.3414178,120.3723567,38.59,mH2O,synthetic
2026-09-02T16:00:00,PL-02-IN,1350-00-01-02,東港所琉球大南線小區,22.3414178,120.3723567,38.88,mH2O,synthetic
2026-09-02T16:15:00,PL-02-IN,1350-00-01-02,東港所琉球大南線小區,22.3414178,120.3723567,38.8,mH2O,synthetic
2026-09-02T16:30:00,PL-02-IN,1350-00-01-02,東港所琉球大南線小區,22.3414178,120.3723567,38.64,mH2O,synthetic
2026-09-02T16:45:00,PL-02-IN,1350-00-01-02,東港所琉球大南線小區,22.3414178,120.3723567,37.94,mH2O,synthetic
2026-09-02T17:00:00,PL-02-IN,1350-00-01-02,東港所琉球大南線小區,22.3414178,120.3723567,36.87,mH2O,synthetic
2026-09-02T17:15:00,PL-02-IN,1350-00-01-02,東港所琉球大南線小區,22.3414178,120.3723567,36.52,mH2O,synthetic
2026-09-02T17:30:00,PL-02-IN,1350-00-01-02,東港所琉球大南線小區,22.3414178,120.3723567,36.03,mH2O,synthetic
2026-09-02T17:45:00,PL-02-IN,1350-00-01-02,東港所琉球大南線小區,22.3414178,120.3723567,35.77,mH2O,synthetic
2026-09-02T18:00:00,PL-02-IN,1350-00-01-02,東港所琉球大南線小區,22.3414178,120.3723567,35.21,mH2O,synthetic
2026-09-02T18:15:00,PL-02-IN,1350-00-01-02,東港所琉球大南線小區,22.3414178,120.3723567,34.86,mH2O,synthetic
2026-09-02T18:30:00,PL-02-IN,1350-00-01-02,東港所琉球大南線小區,22.3414178,120.3723567,35.02,mH2O,synthetic
2026-09-02T18:45:00,PL-02-IN,1350-00-01-02,東港所琉球大南線小區,22.3414178,120.3723567,34.5,mH2O,synthetic
2026-09-02T19:00:00,PL-02-IN,1350-00-01-02,東港所琉球大南線小區,22.3414178,120.3723567,34.41,mH2O,synthetic
2026-09-02T19:15:00,PL-02-IN,1350-00-01-02,東港所琉球大南線小區,22.3414178,120.3723567,34.65,mH2O,synthetic
2026-09-02T19:30:00,PL-02-IN,1350-00-01-02,東港所琉球大南線小區,22.3414178,120.3723567,34.66,mH2O,synthetic
2026-09-02T19:45:00,PL-02-IN,1350-00-01-02,東港所琉球大南線小區,22.3414178,120.3723567,34.96,mH2O,synthetic
2026-09-02T20:00:00,PL-02-IN,1350-00-01-02,東港所琉球大南線小區,22.3414178,120.3723567,35.23,mH2O,synthetic
2026-09-02T20:15:00,PL-02-IN,1350-00-01-02,東港所琉球大南線小區,22.3414178,120.3723567,35.36,mH2O,synthetic
2026-09-02T20:30:00,PL-02-IN,1350-00-01-02,東港所琉球大南線小區,22.3414178,120.3723567,36.03,mH2O,synthetic
2026-09-02T20:45:00,PL-02-IN,1350-00-01-02,東港所琉球大南線小區,22.3414178,120.3723567,36.18,mH2O,synthetic
2026-09-02T21:00:00,PL-02-IN,1350-00-01-02,東港所琉球大南線小區,22.3414178,120.3723567,36.85,mH2O,synthetic
2026-09-02T21:15:00,PL-02-IN,1350-00-01-02,東港所琉球大南線小區,22.3414178,120.3723567,36.87,mH2O,synthetic
2026-09-02T21:30:00,PL-02-IN,1350-00-01-02,東港所琉球大南線小區,22.3414178,120.3723567,37.61,mH2O,synthetic
2026-09-02T21:45:00,PL-02-IN,1350-00-01-02,東港所琉球大南線小區,22.3414178,120.3723567,37.79,mH2O,synthetic
2026-09-02T22:00:00,PL-02-IN,1350-00-01-02,東港所琉球大南線小區,22.3414178,120.3723567,37.86,mH2O,synthetic
2026-09-02T22:15:00,PL-02-IN,1350-00-01-02,東港所琉球大南線小區,22.3414178,120.3723567,38.71,mH2O,synthetic
2026-09-02T22:30:00,PL-02-IN,1350-00-01-02,東港所琉球大南線小區,22.3414178,120.3723567,38.91,mH2O,synthetic
2026-09-02T22:45:00,PL-02-IN,1350-00-01-02,東港所琉球大南線小區,22.3414178,120.3723567,38.45,mH2O,synthetic
2026-09-02T23:00:00,PL-02-IN,1350-00-01-02,東港所琉球大南線小區,22.3414178,120.3723567,38.69,mH2O,synthetic
2026-09-02T23:15:00,PL-02-IN,1350-00-01-02,東港所琉球大南線小區,22.3414178,120.3723567,38.93,mH2O,synthetic
2026-09-02T23:30:00,PL-02-IN,1350-00-01-02,東港所琉球大南線小區,22.3414178,120.3723567,39.05,mH2O,synthetic
2026-09-02T23:45:00,PL-02-IN,1350-00-01-02,東港所琉球大南線小區,22.3414178,120.3723567,38.97,mH2O,synthetic
2026-09-03T00:00:00,PL-02-IN,1350-00-01-02,東港所琉球大南線小區,22.3414178,120.3723567,39.16,mH2O,synthetic
2026-09-03T00:15:00,PL-02-IN,1350-00-01-02,東港所琉球大南線小區,22.3414178,120.3723567,39.53,mH2O,synthetic
2026-09-03T00:30:00,PL-02-IN,1350-00-01-02,東港所琉球大南線小區,22.3414178,120.3723567,39.54,mH2O,synthetic
2026-09-03T00:45:00,PL-02-IN,1350-00-01-02,東港所琉球大南線小區,22.3414178,120.3723567,39.57,mH2O,synthetic
2026-09-03T01:00:00,PL-02-IN,1350-00-01-02,東港所琉球大南線小區,22.3414178,120.3723567,40.06,mH2O,synthetic
2026-09-03T01:15:00,PL-02-IN,1350-00-01-02,東港所琉球大南線小區,22.3414178,120.3723567,40.13,mH2O,synthetic
2026-09-03T01:30:00,PL-02-IN,1350-00-01-02,東港所琉球大南線小區,22.3414178,120.3723567,40.64,mH2O,synthetic
2026-09-03T01:45:00,PL-02-IN,1350-00-01-02,東港所琉球大南線小區,22.3414178,120.3723567,40.71,mH2O,synthetic
2026-09-03T02:00:00,PL-02-IN,1350-00-01-02,東港所琉球大南線小區,22.3414178,120.3723567,40.9,mH2O,synthetic
2026-09-03T02:15:00,PL-02-IN,1350-00-01-02,東港所琉球大南線小區,22.3414178,120.3723567,40.96,mH2O,synthetic
2026-09-03T02:30:00,PL-02-IN,1350-00-01-02,東港所琉球大南線小區,22.3414178,120.3723567,40.82,mH2O,synthetic
2026-09-03T02:45:00,PL-02-IN,1350-00-01-02,東港所琉球大南線小區,22.3414178,120.3723567,40.87,mH2O,synthetic
2026-09-03T03:00:00,PL-02-IN,1350-00-01-02,東港所琉球大南線小區,22.3414178,120.3723567,40.78,mH2O,synthetic
2026-09-03T03:15:00,PL-02-IN,1350-00-01-02,東港所琉球大南線小區,22.3414178,120.3723567,41.71,mH2O,synthetic
2026-09-03T03:30:00,PL-02-IN,1350-00-01-02,東港所琉球大南線小區,22.3414178,120.3723567,40.76,mH2O,synthetic
2026-09-03T03:45:00,PL-02-IN,1350-00-01-02,東港所琉球大南線小區,22.3414178,120.3723567,40.83,mH2O,synthetic
2026-09-03T04:00:00,PL-02-IN,1350-00-01-02,東港所琉球大南線小區,22.3414178,120.3723567,40.63,mH2O,synthetic
2026-09-03T04:15:00,PL-02-IN,1350-00-01-02,東港所琉球大南線小區,22.3414178,120.3723567,40.45,mH2O,synthetic
2026-09-03T04:30:00,PL-02-IN,1350-00-01-02,東港所琉球大南線小區,22.3414178,120.3723567,40.15,mH2O,synthetic
2026-09-03T04:45:00,PL-02-IN,1350-00-01-02,東港所琉球大南線小區,22.3414178,120.3723567,39.59,mH2O,synthetic
2026-09-03T05:00:00,PL-02-IN,1350-00-01-02,東港所琉球大南線小區,22.3414178,120.3723567,39.48,mH2O,synthetic
2026-09-03T05:15:00,PL-02-IN,1350-00-01-02,東港所琉球大南線小區,22.3414178,120.3723567,39.04,mH2O,synthetic
2026-09-03T05:30:00,PL-02-IN,1350-00-01-02,東港所琉球大南線小區,22.3414178,120.3723567,38.92,mH2O,synthetic
2026-09-03T05:45:00,PL-02-IN,1350-00-01-02,東港所琉球大南線小區,22.3414178,120.3723567,38.35,mH2O,synthetic
2026-09-03T06:00:00,PL-02-IN,1350-00-01-02,東港所琉球大南線小區,22.3414178,120.3723567,37.86,mH2O,synthetic
2026-09-03T06:15:00,PL-02-IN,1350-00-01-02,東港所琉球大南線小區,22.3414178,120.3723567,37.54,mH2O,synthetic
2026-09-03T06:30:00,PL-02-IN,1350-00-01-02,東港所琉球大南線小區,22.3414178,120.3723567,36.85,mH2O,synthetic
2026-09-03T06:45:00,PL-02-IN,1350-00-01-02,東港所琉球大南線小區,22.3414178,120.3723567,36.7,mH2O,synthetic
2026-09-03T07:00:00,PL-02-IN,1350-00-01-02,東港所琉球大南線小區,22.3414178,120.3723567,36.02,mH2O,synthetic
2026-09-03T07:15:00,PL-02-IN,1350-00-01-02,東港所琉球大南線小區,22.3414178,120.3723567,35.9,mH2O,synthetic
2026-09-03T07:30:00,PL-02-IN,1350-00-01-02,東港所琉球大南線小區,22.3414178,120.3723567,35.45,mH2O,synthetic
2026-09-03T07:45:00,PL-02-IN,1350-00-01-02,東港所琉球大南線小區,22.3414178,120.3723567,35.95,mH2O,synthetic
2026-09-03T08:00:00,PL-02-IN,1350-00-01-02,東港所琉球大南線小區,22.3414178,120.3723567,35.94,mH2O,synthetic
2026-09-03T08:15:00,PL-02-IN,1350-00-01-02,東港所琉球大南線小區,22.3414178,120.3723567,36.45,mH2O,synthetic
2026-09-03T08:30:00,PL-02-IN,1350-00-01-02,東港所琉球大南線小區,22.3414178,120.3723567,36.85,mH2O,synthetic
2026-09-03T08:45:00,PL-02-IN,1350-00-01-02,東港所琉球大南線小區,22.3414178,120.3723567,37.17,mH2O,synthetic
2026-09-03T09:00:00,PL-02-IN,1350-00-01-02,東港所琉球大南線小區,22.3414178,120.3723567,37.68,mH2O,synthetic
2026-09-03T09:15:00,PL-02-IN,1350-00-01-02,東港所琉球大南線小區,22.3414178,120.3723567,37.92,mH2O,synthetic
2026-09-03T09:30:00,PL-02-IN,1350-00-01-02,東港所琉球大南線小區,22.3414178,120.3723567,38.61,mH2O,synthetic
2026-09-03T09:45:00,PL-02-IN,1350-00-01-02,東港所琉球大南線小區,22.3414178,120.3723567,38.75,mH2O,synthetic
2026-09-03T10:00:00,PL-02-IN,1350-00-01-02,東港所琉球大南線小區,22.3414178,120.3723567,38.82,mH2O,synthetic
2026-09-03T10:15:00,PL-02-IN,1350-00-01-02,東港所琉球大南線小區,22.3414178,120.3723567,38.57,mH2O,synthetic
2026-09-03T10:30:00,PL-02-IN,1350-00-01-02,東港所琉球大南線小區,22.3414178,120.3723567,38.66,mH2O,synthetic
2026-09-03T10:45:00,PL-02-IN,1350-00-01-02,東港所琉球大南線小區,22.3414178,120.3723567,38.8,mH2O,synthetic
2026-09-03T11:00:00,PL-02-IN,1350-00-01-02,東港所琉球大南線小區,22.3414178,120.3723567,38.92,mH2O,synthetic
2026-09-03T11:15:00,PL-02-IN,1350-00-01-02,東港所琉球大南線小區,22.3414178,120.3723567,39.08,mH2O,synthetic
2026-09-03T11:30:00,PL-02-IN,1350-00-01-02,東港所琉球大南線小區,22.3414178,120.3723567,38.8,mH2O,synthetic
2026-09-03T11:45:00,PL-02-IN,1350-00-01-02,東港所琉球大南線小區,22.3414178,120.3723567,39.26,mH2O,synthetic
2026-09-03T12:00:00,PL-02-IN,1350-00-01-02,東港所琉球大南線小區,22.3414178,120.3723567,39.0,mH2O,synthetic
2026-09-03T12:15:00,PL-02-IN,1350-00-01-02,東港所琉球大南線小區,22.3414178,120.3723567,38.56,mH2O,synthetic
2026-09-03T12:30:00,PL-02-IN,1350-00-01-02,東港所琉球大南線小區,22.3414178,120.3723567,38.9,mH2O,synthetic
2026-09-03T12:45:00,PL-02-IN,1350-00-01-02,東港所琉球大南線小區,22.3414178,120.3723567,38.43,mH2O,synthetic
2026-09-03T13:00:00,PL-02-IN,1350-00-01-02,東港所琉球大南線小區,22.3414178,120.3723567,38.83,mH2O,synthetic
2026-09-03T13:15:00,PL-02-IN,1350-00-01-02,東港所琉球大南線小區,22.3414178,120.3723567,38.88,mH2O,synthetic
2026-09-03T13:30:00,PL-02-IN,1350-00-01-02,東港所琉球大南線小區,22.3414178,120.3723567,38.86,mH2O,synthetic
2026-09-03T13:45:00,PL-02-IN,1350-00-01-02,東港所琉球大南線小區,22.3414178,120.3723567,38.92,mH2O,synthetic
2026-09-03T14:00:00,PL-02-IN,1350-00-01-02,東港所琉球大南線小區,22.3414178,120.3723567,38.91,mH2O,synthetic
2026-09-03T14:15:00,PL-02-IN,1350-00-01-02,東港所琉球大南線小區,22.3414178,120.3723567,38.86,mH2O,synthetic
2026-09-03T14:30:00,PL-02-IN,1350-00-01-02,東港所琉球大南線小區,22.3414178,120.3723567,39.31,mH2O,synthetic
2026-09-03T14:45:00,PL-02-IN,1350-00-01-02,東港所琉球大南線小區,22.3414178,120.3723567,39.23,mH2O,synthetic
2026-09-03T15:00:00,PL-02-IN,1350-00-01-02,東港所琉球大南線小區,22.3414178,120.3723567,38.68,mH2O,synthetic
2026-09-03T15:15:00,PL-02-IN,1350-00-01-02,東港所琉球大南線小區,22.3414178,120.3723567,39.16,mH2O,synthetic
2026-09-03T15:30:00,PL-02-IN,1350-00-01-02,東港所琉球大南線小區,22.3414178,120.3723567,38.47,mH2O,synthetic
2026-09-03T15:45:00,PL-02-IN,1350-00-01-02,東港所琉球大南線小區,22.3414178,120.3723567,38.55,mH2O,synthetic
2026-09-03T16:00:00,PL-02-IN,1350-00-01-02,東港所琉球大南線小區,22.3414178,120.3723567,38.94,mH2O,synthetic
2026-09-03T16:15:00,PL-02-IN,1350-00-01-02,東港所琉球大南線小區,22.3414178,120.3723567,37.93,mH2O,synthetic
2026-09-03T16:30:00,PL-02-IN,1350-00-01-02,東港所琉球大南線小區,22.3414178,120.3723567,38.33,mH2O,synthetic
2026-09-03T16:45:00,PL-02-IN,1350-00-01-02,東港所琉球大南線小區,22.3414178,120.3723567,37.65,mH2O,synthetic
2026-09-03T17:00:00,PL-02-IN,1350-00-01-02,東港所琉球大南線小區,22.3414178,120.3723567,37.57,mH2O,synthetic
2026-09-03T17:15:00,PL-02-IN,1350-00-01-02,東港所琉球大南線小區,22.3414178,120.3723567,37.19,mH2O,synthetic
2026-09-03T17:30:00,PL-02-IN,1350-00-01-02,東港所琉球大南線小區,22.3414178,120.3723567,37.21,mH2O,synthetic
2026-09-03T17:45:00,PL-02-IN,1350-00-01-02,東港所琉球大南線小區,22.3414178,120.3723567,36.25,mH2O,synthetic
2026-09-03T18:00:00,PL-02-IN,1350-00-01-02,東港所琉球大南線小區,22.3414178,120.3723567,36.03,mH2O,synthetic
2026-09-03T18:15:00,PL-02-IN,1350-00-01-02,東港所琉球大南線小區,22.3414178,120.3723567,35.84,mH2O,synthetic
2026-09-03T18:30:00,PL-02-IN,1350-00-01-02,東港所琉球大南線小區,22.3414178,120.3723567,35.37,mH2O,synthetic
2026-09-03T18:45:00,PL-02-IN,1350-00-01-02,東港所琉球大南線小區,22.3414178,120.3723567,35.08,mH2O,synthetic
2026-09-03T19:00:00,PL-02-IN,1350-00-01-02,東港所琉球大南線小區,22.3414178,120.3723567,35.19,mH2O,synthetic
2026-09-03T19:15:00,PL-02-IN,1350-00-01-02,東港所琉球大南線小區,22.3414178,120.3723567,35.28,mH2O,synthetic
2026-09-03T19:30:00,PL-02-IN,1350-00-01-02,東港所琉球大南線小區,22.3414178,120.3723567,35.62,mH2O,synthetic
2026-09-03T19:45:00,PL-02-IN,1350-00-01-02,東港所琉球大南線小區,22.3414178,120.3723567,35.49,mH2O,synthetic
2026-09-03T20:00:00,PL-02-IN,1350-00-01-02,東港所琉球大南線小區,22.3414178,120.3723567,35.94,mH2O,synthetic
2026-09-03T20:15:00,PL-02-IN,1350-00-01-02,東港所琉球大南線小區,22.3414178,120.3723567,36.5,mH2O,synthetic
2026-09-03T20:30:00,PL-02-IN,1350-00-01-02,東港所琉球大南線小區,22.3414178,120.3723567,36.8,mH2O,synthetic
2026-09-03T20:45:00,PL-02-IN,1350-00-01-02,東港所琉球大南線小區,22.3414178,120.3723567,37.19,mH2O,synthetic
2026-09-03T21:00:00,PL-02-IN,1350-00-01-02,東港所琉球大南線小區,22.3414178,120.3723567,37.6,mH2O,synthetic
2026-09-03T21:15:00,PL-02-IN,1350-00-01-02,東港所琉球大南線小區,22.3414178,120.3723567,37.78,mH2O,synthetic
2026-09-03T21:30:00,PL-02-IN,1350-00-01-02,東港所琉球大南線小區,22.3414178,120.3723567,38.03,mH2O,synthetic
2026-09-03T21:45:00,PL-02-IN,1350-00-01-02,東港所琉球大南線小區,22.3414178,120.3723567,38.52,mH2O,synthetic
2026-09-03T22:00:00,PL-02-IN,1350-00-01-02,東港所琉球大南線小區,22.3414178,120.3723567,38.36,mH2O,synthetic
2026-09-03T22:15:00,PL-02-IN,1350-00-01-02,東港所琉球大南線小區,22.3414178,120.3723567,38.99,mH2O,synthetic
2026-09-03T22:30:00,PL-02-IN,1350-00-01-02,東港所琉球大南線小區,22.3414178,120.3723567,38.87,mH2O,synthetic
2026-09-03T22:45:00,PL-02-IN,1350-00-01-02,東港所琉球大南線小區,22.3414178,120.3723567,38.61,mH2O,synthetic
2026-09-03T23:00:00,PL-02-IN,1350-00-01-02,東港所琉球大南線小區,22.3414178,120.3723567,38.99,mH2O,synthetic
2026-09-03T23:15:00,PL-02-IN,1350-00-01-02,東港所琉球大南線小區,22.3414178,120.3723567,39.0,mH2O,synthetic
2026-09-03T23:30:00,PL-02-IN,1350-00-01-02,東港所琉球大南線小區,22.3414178,120.3723567,39.14,mH2O,synthetic
2026-09-03T23:45:00,PL-02-IN,1350-00-01-02,東港所琉球大南線小區,22.3414178,120.3723567,39.24,mH2O,synthetic
2026-09-01T00:00:00,PL-02-MID,1350-00-01-02,東港所琉球大南線小區,22.330813,120.3651797,33.3,mH2O,synthetic
2026-09-01T00:15:00,PL-02-MID,1350-00-01-02,東港所琉球大南線小區,22.330813,120.3651797,33.35,mH2O,synthetic
2026-09-01T00:30:00,PL-02-MID,1350-00-01-02,東港所琉球大南線小區,22.330813,120.3651797,33.51,mH2O,synthetic
2026-09-01T00:45:00,PL-02-MID,1350-00-01-02,東港所琉球大南線小區,22.330813,120.3651797,33.59,mH2O,synthetic
2026-09-01T01:00:00,PL-02-MID,1350-00-01-02,東港所琉球大南線小區,22.330813,120.3651797,33.82,mH2O,synthetic
2026-09-01T01:15:00,PL-02-MID,1350-00-01-02,東港所琉球大南線小區,22.330813,120.3651797,34.24,mH2O,synthetic
2026-09-01T01:30:00,PL-02-MID,1350-00-01-02,東港所琉球大南線小區,22.330813,120.3651797,34.38,mH2O,synthetic
2026-09-01T01:45:00,PL-02-MID,1350-00-01-02,東港所琉球大南線小區,22.330813,120.3651797,34.45,mH2O,synthetic
2026-09-01T02:00:00,PL-02-MID,1350-00-01-02,東港所琉球大南線小區,22.330813,120.3651797,34.58,mH2O,synthetic
2026-09-01T02:15:00,PL-02-MID,1350-00-01-02,東港所琉球大南線小區,22.330813,120.3651797,34.96,mH2O,synthetic
2026-09-01T02:30:00,PL-02-MID,1350-00-01-02,東港所琉球大南線小區,22.330813,120.3651797,34.89,mH2O,synthetic
2026-09-01T02:45:00,PL-02-MID,1350-00-01-02,東港所琉球大南線小區,22.330813,120.3651797,34.85,mH2O,synthetic
2026-09-01T03:00:00,PL-02-MID,1350-00-01-02,東港所琉球大南線小區,22.330813,120.3651797,35.07,mH2O,synthetic
2026-09-01T03:15:00,PL-02-MID,1350-00-01-02,東港所琉球大南線小區,22.330813,120.3651797,35.01,mH2O,synthetic
2026-09-01T03:30:00,PL-02-MID,1350-00-01-02,東港所琉球大南線小區,22.330813,120.3651797,34.76,mH2O,synthetic
2026-09-01T03:45:00,PL-02-MID,1350-00-01-02,東港所琉球大南線小區,22.330813,120.3651797,35.06,mH2O,synthetic
2026-09-01T04:00:00,PL-02-MID,1350-00-01-02,東港所琉球大南線小區,22.330813,120.3651797,34.9,mH2O,synthetic
2026-09-01T04:15:00,PL-02-MID,1350-00-01-02,東港所琉球大南線小區,22.330813,120.3651797,34.52,mH2O,synthetic
2026-09-01T04:30:00,PL-02-MID,1350-00-01-02,東港所琉球大南線小區,22.330813,120.3651797,34.3,mH2O,synthetic
2026-09-01T04:45:00,PL-02-MID,1350-00-01-02,東港所琉球大南線小區,22.330813,120.3651797,34.12,mH2O,synthetic
2026-09-01T05:00:00,PL-02-MID,1350-00-01-02,東港所琉球大南線小區,22.330813,120.3651797,33.69,mH2O,synthetic
2026-09-01T05:15:00,PL-02-MID,1350-00-01-02,東港所琉球大南線小區,22.330813,120.3651797,33.55,mH2O,synthetic
2026-09-01T05:30:00,PL-02-MID,1350-00-01-02,東港所琉球大南線小區,22.330813,120.3651797,33.32,mH2O,synthetic
2026-09-01T05:45:00,PL-02-MID,1350-00-01-02,東港所琉球大南線小區,22.330813,120.3651797,32.52,mH2O,synthetic
2026-09-01T06:00:00,PL-02-MID,1350-00-01-02,東港所琉球大南線小區,22.330813,120.3651797,32.11,mH2O,synthetic
2026-09-01T06:15:00,PL-02-MID,1350-00-01-02,東港所琉球大南線小區,22.330813,120.3651797,31.68,mH2O,synthetic
2026-09-01T06:30:00,PL-02-MID,1350-00-01-02,東港所琉球大南線小區,22.330813,120.3651797,30.9,mH2O,synthetic
2026-09-01T06:45:00,PL-02-MID,1350-00-01-02,東港所琉球大南線小區,22.330813,120.3651797,30.25,mH2O,synthetic
2026-09-01T07:00:00,PL-02-MID,1350-00-01-02,東港所琉球大南線小區,22.330813,120.3651797,30.31,mH2O,synthetic
2026-09-01T07:15:00,PL-02-MID,1350-00-01-02,東港所琉球大南線小區,22.330813,120.3651797,29.5,mH2O,synthetic
2026-09-01T07:30:00,PL-02-MID,1350-00-01-02,東港所琉球大南線小區,22.330813,120.3651797,30.14,mH2O,synthetic
2026-09-01T07:45:00,PL-02-MID,1350-00-01-02,東港所琉球大南線小區,22.330813,120.3651797,30.0,mH2O,synthetic
2026-09-01T08:00:00,PL-02-MID,1350-00-01-02,東港所琉球大南線小區,22.330813,120.3651797,30.07,mH2O,synthetic
2026-09-01T08:15:00,PL-02-MID,1350-00-01-02,東港所琉球大南線小區,22.330813,120.3651797,30.37,mH2O,synthetic
2026-09-01T08:30:00,PL-02-MID,1350-00-01-02,東港所琉球大南線小區,22.330813,120.3651797,31.16,mH2O,synthetic
2026-09-01T08:45:00,PL-02-MID,1350-00-01-02,東港所琉球大南線小區,22.330813,120.3651797,31.0,mH2O,synthetic
2026-09-01T09:00:00,PL-02-MID,1350-00-01-02,東港所琉球大南線小區,22.330813,120.3651797,31.38,mH2O,synthetic
2026-09-01T09:15:00,PL-02-MID,1350-00-01-02,東港所琉球大南線小區,22.330813,120.3651797,31.87,mH2O,synthetic
2026-09-01T09:30:00,PL-02-MID,1350-00-01-02,東港所琉球大南線小區,22.330813,120.3651797,32.25,mH2O,synthetic
2026-09-01T09:45:00,PL-02-MID,1350-00-01-02,東港所琉球大南線小區,22.330813,120.3651797,32.32,mH2O,synthetic
2026-09-01T10:00:00,PL-02-MID,1350-00-01-02,東港所琉球大南線小區,22.330813,120.3651797,32.75,mH2O,synthetic
2026-09-01T10:15:00,PL-02-MID,1350-00-01-02,東港所琉球大南線小區,22.330813,120.3651797,32.86,mH2O,synthetic
2026-09-01T10:30:00,PL-02-MID,1350-00-01-02,東港所琉球大南線小區,22.330813,120.3651797,32.72,mH2O,synthetic
2026-09-01T10:45:00,PL-02-MID,1350-00-01-02,東港所琉球大南線小區,22.330813,120.3651797,33.3,mH2O,synthetic
2026-09-01T11:00:00,PL-02-MID,1350-00-01-02,東港所琉球大南線小區,22.330813,120.3651797,32.67,mH2O,synthetic
2026-09-01T11:15:00,PL-02-MID,1350-00-01-02,東港所琉球大南線小區,22.330813,120.3651797,32.71,mH2O,synthetic
2026-09-01T11:30:00,PL-02-MID,1350-00-01-02,東港所琉球大南線小區,22.330813,120.3651797,33.08,mH2O,synthetic
2026-09-01T11:45:00,PL-02-MID,1350-00-01-02,東港所琉球大南線小區,22.330813,120.3651797,32.95,mH2O,synthetic
2026-09-01T12:00:00,PL-02-MID,1350-00-01-02,東港所琉球大南線小區,22.330813,120.3651797,33.09,mH2O,synthetic
2026-09-01T12:15:00,PL-02-MID,1350-00-01-02,東港所琉球大南線小區,22.330813,120.3651797,32.86,mH2O,synthetic
2026-09-01T12:30:00,PL-02-MID,1350-00-01-02,東港所琉球大南線小區,22.330813,120.3651797,32.77,mH2O,synthetic
2026-09-01T12:45:00,PL-02-MID,1350-00-01-02,東港所琉球大南線小區,22.330813,120.3651797,32.86,mH2O,synthetic
2026-09-01T13:00:00,PL-02-MID,1350-00-01-02,東港所琉球大南線小區,22.330813,120.3651797,32.85,mH2O,synthetic
2026-09-01T13:15:00,PL-02-MID,1350-00-01-02,東港所琉球大南線小區,22.330813,120.3651797,33.11,mH2O,synthetic
2026-09-01T13:30:00,PL-02-MID,1350-00-01-02,東港所琉球大南線小區,22.330813,120.3651797,32.89,mH2O,synthetic
2026-09-01T13:45:00,PL-02-MID,1350-00-01-02,東港所琉球大南線小區,22.330813,120.3651797,33.16,mH2O,synthetic
2026-09-01T14:00:00,PL-02-MID,1350-00-01-02,東港所琉球大南線小區,22.330813,120.3651797,33.12,mH2O,synthetic
2026-09-01T14:15:00,PL-02-MID,1350-00-01-02,東港所琉球大南線小區,22.330813,120.3651797,33.22,mH2O,synthetic
2026-09-01T14:30:00,PL-02-MID,1350-00-01-02,東港所琉球大南線小區,22.330813,120.3651797,33.17,mH2O,synthetic
2026-09-01T14:45:00,PL-02-MID,1350-00-01-02,東港所琉球大南線小區,22.330813,120.3651797,33.13,mH2O,synthetic
2026-09-01T15:00:00,PL-02-MID,1350-00-01-02,東港所琉球大南線小區,22.330813,120.3651797,33.1,mH2O,synthetic
2026-09-01T15:15:00,PL-02-MID,1350-00-01-02,東港所琉球大南線小區,22.330813,120.3651797,32.77,mH2O,synthetic
2026-09-01T15:30:00,PL-02-MID,1350-00-01-02,東港所琉球大南線小區,22.330813,120.3651797,32.76,mH2O,synthetic
2026-09-01T15:45:00,PL-02-MID,1350-00-01-02,東港所琉球大南線小區,22.330813,120.3651797,32.33,mH2O,synthetic
2026-09-01T16:00:00,PL-02-MID,1350-00-01-02,東港所琉球大南線小區,22.330813,120.3651797,32.66,mH2O,synthetic
2026-09-01T16:15:00,PL-02-MID,1350-00-01-02,東港所琉球大南線小區,22.330813,120.3651797,32.28,mH2O,synthetic
2026-09-01T16:30:00,PL-02-MID,1350-00-01-02,東港所琉球大南線小區,22.330813,120.3651797,32.29,mH2O,synthetic
2026-09-01T16:45:00,PL-02-MID,1350-00-01-02,東港所琉球大南線小區,22.330813,120.3651797,32.04,mH2O,synthetic
2026-09-01T17:00:00,PL-02-MID,1350-00-01-02,東港所琉球大南線小區,22.330813,120.3651797,31.3,mH2O,synthetic
2026-09-01T17:15:00,PL-02-MID,1350-00-01-02,東港所琉球大南線小區,22.330813,120.3651797,31.01,mH2O,synthetic
2026-09-01T17:30:00,PL-02-MID,1350-00-01-02,東港所琉球大南線小區,22.330813,120.3651797,30.76,mH2O,synthetic
2026-09-01T17:45:00,PL-02-MID,1350-00-01-02,東港所琉球大南線小區,22.330813,120.3651797,30.31,mH2O,synthetic
2026-09-01T18:00:00,PL-02-MID,1350-00-01-02,東港所琉球大南線小區,22.330813,120.3651797,30.08,mH2O,synthetic
2026-09-01T18:15:00,PL-02-MID,1350-00-01-02,東港所琉球大南線小區,22.330813,120.3651797,29.44,mH2O,synthetic
2026-09-01T18:30:00,PL-02-MID,1350-00-01-02,東港所琉球大南線小區,22.330813,120.3651797,29.44,mH2O,synthetic
2026-09-01T18:45:00,PL-02-MID,1350-00-01-02,東港所琉球大南線小區,22.330813,120.3651797,28.89,mH2O,synthetic
2026-09-01T19:00:00,PL-02-MID,1350-00-01-02,東港所琉球大南線小區,22.330813,120.3651797,28.73,mH2O,synthetic
2026-09-01T19:15:00,PL-02-MID,1350-00-01-02,東港所琉球大南線小區,22.330813,120.3651797,29.42,mH2O,synthetic
2026-09-01T19:30:00,PL-02-MID,1350-00-01-02,東港所琉球大南線小區,22.330813,120.3651797,29.14,mH2O,synthetic
2026-09-01T19:45:00,PL-02-MID,1350-00-01-02,東港所琉球大南線小區,22.330813,120.3651797,29.58,mH2O,synthetic
2026-09-01T20:00:00,PL-02-MID,1350-00-01-02,東港所琉球大南線小區,22.330813,120.3651797,29.73,mH2O,synthetic
2026-09-01T20:15:00,PL-02-MID,1350-00-01-02,東港所琉球大南線小區,22.330813,120.3651797,30.12,mH2O,synthetic
2026-09-01T20:30:00,PL-02-MID,1350-00-01-02,東港所琉球大南線小區,22.330813,120.3651797,30.75,mH2O,synthetic
2026-09-01T20:45:00,PL-02-MID,1350-00-01-02,東港所琉球大南線小區,22.330813,120.3651797,31.14,mH2O,synthetic
2026-09-01T21:00:00,PL-02-MID,1350-00-01-02,東港所琉球大南線小區,22.330813,120.3651797,31.82,mH2O,synthetic
2026-09-01T21:15:00,PL-02-MID,1350-00-01-02,東港所琉球大南線小區,22.330813,120.3651797,32.03,mH2O,synthetic
2026-09-01T21:30:00,PL-02-MID,1350-00-01-02,東港所琉球大南線小區,22.330813,120.3651797,32.15,mH2O,synthetic
2026-09-01T21:45:00,PL-02-MID,1350-00-01-02,東港所琉球大南線小區,22.330813,120.3651797,32.59,mH2O,synthetic
2026-09-01T22:00:00,PL-02-MID,1350-00-01-02,東港所琉球大南線小區,22.330813,120.3651797,32.85,mH2O,synthetic
2026-09-01T22:15:00,PL-02-MID,1350-00-01-02,東港所琉球大南線小區,22.330813,120.3651797,32.82,mH2O,synthetic
2026-09-01T22:30:00,PL-02-MID,1350-00-01-02,東港所琉球大南線小區,22.330813,120.3651797,32.73,mH2O,synthetic
2026-09-01T22:45:00,PL-02-MID,1350-00-01-02,東港所琉球大南線小區,22.330813,120.3651797,33.11,mH2O,synthetic
2026-09-01T23:00:00,PL-02-MID,1350-00-01-02,東港所琉球大南線小區,22.330813,120.3651797,33.32,mH2O,synthetic
2026-09-01T23:15:00,PL-02-MID,1350-00-01-02,東港所琉球大南線小區,22.330813,120.3651797,33.1,mH2O,synthetic
2026-09-01T23:30:00,PL-02-MID,1350-00-01-02,東港所琉球大南線小區,22.330813,120.3651797,33.37,mH2O,synthetic
2026-09-01T23:45:00,PL-02-MID,1350-00-01-02,東港所琉球大南線小區,22.330813,120.3651797,33.19,mH2O,synthetic
2026-09-02T00:00:00,PL-02-MID,1350-00-01-02,東港所琉球大南線小區,22.330813,120.3651797,33.57,mH2O,synthetic
2026-09-02T00:15:00,PL-02-MID,1350-00-01-02,東港所琉球大南線小區,22.330813,120.3651797,33.26,mH2O,synthetic
2026-09-02T00:30:00,PL-02-MID,1350-00-01-02,東港所琉球大南線小區,22.330813,120.3651797,33.4,mH2O,synthetic
2026-09-02T00:45:00,PL-02-MID,1350-00-01-02,東港所琉球大南線小區,22.330813,120.3651797,33.8,mH2O,synthetic
2026-09-02T01:00:00,PL-02-MID,1350-00-01-02,東港所琉球大南線小區,22.330813,120.3651797,33.62,mH2O,synthetic
2026-09-02T01:15:00,PL-02-MID,1350-00-01-02,東港所琉球大南線小區,22.330813,120.3651797,34.05,mH2O,synthetic
2026-09-02T01:30:00,PL-02-MID,1350-00-01-02,東港所琉球大南線小區,22.330813,120.3651797,34.56,mH2O,synthetic
2026-09-02T01:45:00,PL-02-MID,1350-00-01-02,東港所琉球大南線小區,22.330813,120.3651797,34.42,mH2O,synthetic
2026-09-02T02:00:00,PL-02-MID,1350-00-01-02,東港所琉球大南線小區,22.330813,120.3651797,34.86,mH2O,synthetic
2026-09-02T02:15:00,PL-02-MID,1350-00-01-02,東港所琉球大南線小區,22.330813,120.3651797,34.59,mH2O,synthetic
2026-09-02T02:30:00,PL-02-MID,1350-00-01-02,東港所琉球大南線小區,22.330813,120.3651797,34.89,mH2O,synthetic
2026-09-02T02:45:00,PL-02-MID,1350-00-01-02,東港所琉球大南線小區,22.330813,120.3651797,35.3,mH2O,synthetic
2026-09-02T03:00:00,PL-02-MID,1350-00-01-02,東港所琉球大南線小區,22.330813,120.3651797,35.14,mH2O,synthetic
2026-09-02T03:15:00,PL-02-MID,1350-00-01-02,東港所琉球大南線小區,22.330813,120.3651797,35.14,mH2O,synthetic
2026-09-02T03:30:00,PL-02-MID,1350-00-01-02,東港所琉球大南線小區,22.330813,120.3651797,35.37,mH2O,synthetic
2026-09-02T03:45:00,PL-02-MID,1350-00-01-02,東港所琉球大南線小區,22.330813,120.3651797,35.16,mH2O,synthetic
2026-09-02T04:00:00,PL-02-MID,1350-00-01-02,東港所琉球大南線小區,22.330813,120.3651797,34.52,mH2O,synthetic
2026-09-02T04:15:00,PL-02-MID,1350-00-01-02,東港所琉球大南線小區,22.330813,120.3651797,34.8,mH2O,synthetic
2026-09-02T04:30:00,PL-02-MID,1350-00-01-02,東港所琉球大南線小區,22.330813,120.3651797,34.14,mH2O,synthetic
2026-09-02T04:45:00,PL-02-MID,1350-00-01-02,東港所琉球大南線小區,22.330813,120.3651797,34.0,mH2O,synthetic
2026-09-02T05:00:00,PL-02-MID,1350-00-01-02,東港所琉球大南線小區,22.330813,120.3651797,33.7,mH2O,synthetic
2026-09-02T05:15:00,PL-02-MID,1350-00-01-02,東港所琉球大南線小區,22.330813,120.3651797,33.59,mH2O,synthetic
2026-09-02T05:30:00,PL-02-MID,1350-00-01-02,東港所琉球大南線小區,22.330813,120.3651797,32.7,mH2O,synthetic
2026-09-02T05:45:00,PL-02-MID,1350-00-01-02,東港所琉球大南線小區,22.330813,120.3651797,32.6,mH2O,synthetic
2026-09-02T06:00:00,PL-02-MID,1350-00-01-02,東港所琉球大南線小區,22.330813,120.3651797,32.13,mH2O,synthetic
2026-09-02T06:15:00,PL-02-MID,1350-00-01-02,東港所琉球大南線小區,22.330813,120.3651797,31.67,mH2O,synthetic
2026-09-02T06:30:00,PL-02-MID,1350-00-01-02,東港所琉球大南線小區,22.330813,120.3651797,30.93,mH2O,synthetic
2026-09-02T06:45:00,PL-02-MID,1350-00-01-02,東港所琉球大南線小區,22.330813,120.3651797,30.72,mH2O,synthetic
2026-09-02T07:00:00,PL-02-MID,1350-00-01-02,東港所琉球大南線小區,22.330813,120.3651797,29.95,mH2O,synthetic
2026-09-02T07:15:00,PL-02-MID,1350-00-01-02,東港所琉球大南線小區,22.330813,120.3651797,30.1,mH2O,synthetic
2026-09-02T07:30:00,PL-02-MID,1350-00-01-02,東港所琉球大南線小區,22.330813,120.3651797,29.82,mH2O,synthetic
2026-09-02T07:45:00,PL-02-MID,1350-00-01-02,東港所琉球大南線小區,22.330813,120.3651797,29.5,mH2O,synthetic
2026-09-02T08:00:00,PL-02-MID,1350-00-01-02,東港所琉球大南線小區,22.330813,120.3651797,30.12,mH2O,synthetic
2026-09-02T08:15:00,PL-02-MID,1350-00-01-02,東港所琉球大南線小區,22.330813,120.3651797,30.4,mH2O,synthetic
2026-09-02T08:30:00,PL-02-MID,1350-00-01-02,東港所琉球大南線小區,22.330813,120.3651797,30.7,mH2O,synthetic
2026-09-02T08:45:00,PL-02-MID,1350-00-01-02,東港所琉球大南線小區,22.330813,120.3651797,31.05,mH2O,synthetic
2026-09-02T09:00:00,PL-02-MID,1350-00-01-02,東港所琉球大南線小區,22.330813,120.3651797,31.58,mH2O,synthetic
2026-09-02T09:15:00,PL-02-MID,1350-00-01-02,東港所琉球大南線小區,22.330813,120.3651797,31.69,mH2O,synthetic
2026-09-02T09:30:00,PL-02-MID,1350-00-01-02,東港所琉球大南線小區,22.330813,120.3651797,32.68,mH2O,synthetic
2026-09-02T09:45:00,PL-02-MID,1350-00-01-02,東港所琉球大南線小區,22.330813,120.3651797,32.3,mH2O,synthetic
2026-09-02T10:00:00,PL-02-MID,1350-00-01-02,東港所琉球大南線小區,22.330813,120.3651797,32.57,mH2O,synthetic
2026-09-02T10:15:00,PL-02-MID,1350-00-01-02,東港所琉球大南線小區,22.330813,120.3651797,33.08,mH2O,synthetic
2026-09-02T10:30:00,PL-02-MID,1350-00-01-02,東港所琉球大南線小區,22.330813,120.3651797,33.03,mH2O,synthetic
2026-09-02T10:45:00,PL-02-MID,1350-00-01-02,東港所琉球大南線小區,22.330813,120.3651797,33.11,mH2O,synthetic
2026-09-02T11:00:00,PL-02-MID,1350-00-01-02,東港所琉球大南線小區,22.330813,120.3651797,33.31,mH2O,synthetic
2026-09-02T11:15:00,PL-02-MID,1350-00-01-02,東港所琉球大南線小區,22.330813,120.3651797,32.92,mH2O,synthetic
2026-09-02T11:30:00,PL-02-MID,1350-00-01-02,東港所琉球大南線小區,22.330813,120.3651797,32.76,mH2O,synthetic
2026-09-02T11:45:00,PL-02-MID,1350-00-01-02,東港所琉球大南線小區,22.330813,120.3651797,33.18,mH2O,synthetic
2026-09-02T12:00:00,PL-02-MID,1350-00-01-02,東港所琉球大南線小區,22.330813,120.3651797,33.17,mH2O,synthetic
2026-09-02T12:15:00,PL-02-MID,1350-00-01-02,東港所琉球大南線小區,22.330813,120.3651797,32.93,mH2O,synthetic
2026-09-02T12:30:00,PL-02-MID,1350-00-01-02,東港所琉球大南線小區,22.330813,120.3651797,32.72,mH2O,synthetic
2026-09-02T12:45:00,PL-02-MID,1350-00-01-02,東港所琉球大南線小區,22.330813,120.3651797,33.27,mH2O,synthetic
2026-09-02T13:00:00,PL-02-MID,1350-00-01-02,東港所琉球大南線小區,22.330813,120.3651797,33.13,mH2O,synthetic
2026-09-02T13:15:00,PL-02-MID,1350-00-01-02,東港所琉球大南線小區,22.330813,120.3651797,32.7,mH2O,synthetic
2026-09-02T13:30:00,PL-02-MID,1350-00-01-02,東港所琉球大南線小區,22.330813,120.3651797,33.17,mH2O,synthetic
2026-09-02T13:45:00,PL-02-MID,1350-00-01-02,東港所琉球大南線小區,22.330813,120.3651797,32.68,mH2O,synthetic
2026-09-02T14:00:00,PL-02-MID,1350-00-01-02,東港所琉球大南線小區,22.330813,120.3651797,32.89,mH2O,synthetic
2026-09-02T14:15:00,PL-02-MID,1350-00-01-02,東港所琉球大南線小區,22.330813,120.3651797,32.74,mH2O,synthetic
2026-09-02T14:30:00,PL-02-MID,1350-00-01-02,東港所琉球大南線小區,22.330813,120.3651797,32.84,mH2O,synthetic
2026-09-02T14:45:00,PL-02-MID,1350-00-01-02,東港所琉球大南線小區,22.330813,120.3651797,32.78,mH2O,synthetic
2026-09-02T15:00:00,PL-02-MID,1350-00-01-02,東港所琉球大南線小區,22.330813,120.3651797,32.8,mH2O,synthetic
2026-09-02T15:15:00,PL-02-MID,1350-00-01-02,東港所琉球大南線小區,22.330813,120.3651797,33.05,mH2O,synthetic
2026-09-02T15:30:00,PL-02-MID,1350-00-01-02,東港所琉球大南線小區,22.330813,120.3651797,32.89,mH2O,synthetic
2026-09-02T15:45:00,PL-02-MID,1350-00-01-02,東港所琉球大南線小區,22.330813,120.3651797,32.87,mH2O,synthetic
2026-09-02T16:00:00,PL-02-MID,1350-00-01-02,東港所琉球大南線小區,22.330813,120.3651797,32.84,mH2O,synthetic
2026-09-02T16:15:00,PL-02-MID,1350-00-01-02,東港所琉球大南線小區,22.330813,120.3651797,32.34,mH2O,synthetic
2026-09-02T16:30:00,PL-02-MID,1350-00-01-02,東港所琉球大南線小區,22.330813,120.3651797,32.22,mH2O,synthetic
2026-09-02T16:45:00,PL-02-MID,1350-00-01-02,東港所琉球大南線小區,22.330813,120.3651797,32.05,mH2O,synthetic
2026-09-02T17:00:00,PL-02-MID,1350-00-01-02,東港所琉球大南線小區,22.330813,120.3651797,29.98,mH2O,synthetic
2026-09-02T17:15:00,PL-02-MID,1350-00-01-02,東港所琉球大南線小區,22.330813,120.3651797,29.43,mH2O,synthetic
2026-09-02T17:30:00,PL-02-MID,1350-00-01-02,東港所琉球大南線小區,22.330813,120.3651797,29.14,mH2O,synthetic
2026-09-02T17:45:00,PL-02-MID,1350-00-01-02,東港所琉球大南線小區,22.330813,120.3651797,28.65,mH2O,synthetic
2026-09-02T18:00:00,PL-02-MID,1350-00-01-02,東港所琉球大南線小區,22.330813,120.3651797,28.27,mH2O,synthetic
2026-09-02T18:15:00,PL-02-MID,1350-00-01-02,東港所琉球大南線小區,22.330813,120.3651797,27.31,mH2O,synthetic
2026-09-02T18:30:00,PL-02-MID,1350-00-01-02,東港所琉球大南線小區,22.330813,120.3651797,27.62,mH2O,synthetic
2026-09-02T18:45:00,PL-02-MID,1350-00-01-02,東港所琉球大南線小區,22.330813,120.3651797,27.31,mH2O,synthetic
2026-09-02T19:00:00,PL-02-MID,1350-00-01-02,東港所琉球大南線小區,22.330813,120.3651797,27.21,mH2O,synthetic
2026-09-02T19:15:00,PL-02-MID,1350-00-01-02,東港所琉球大南線小區,22.330813,120.3651797,27.14,mH2O,synthetic
2026-09-02T19:30:00,PL-02-MID,1350-00-01-02,東港所琉球大南線小區,22.330813,120.3651797,27.34,mH2O,synthetic
2026-09-02T19:45:00,PL-02-MID,1350-00-01-02,東港所琉球大南線小區,22.330813,120.3651797,27.79,mH2O,synthetic
2026-09-02T20:00:00,PL-02-MID,1350-00-01-02,東港所琉球大南線小區,22.330813,120.3651797,28.23,mH2O,synthetic
2026-09-02T20:15:00,PL-02-MID,1350-00-01-02,東港所琉球大南線小區,22.330813,120.3651797,28.1,mH2O,synthetic
2026-09-02T20:30:00,PL-02-MID,1350-00-01-02,東港所琉球大南線小區,22.330813,120.3651797,28.88,mH2O,synthetic
2026-09-02T20:45:00,PL-02-MID,1350-00-01-02,東港所琉球大南線小區,22.330813,120.3651797,29.11,mH2O,synthetic
2026-09-02T21:00:00,PL-02-MID,1350-00-01-02,東港所琉球大南線小區,22.330813,120.3651797,29.39,mH2O,synthetic
2026-09-02T21:15:00,PL-02-MID,1350-00-01-02,東港所琉球大南線小區,22.330813,120.3651797,30.01,mH2O,synthetic
2026-09-02T21:30:00,PL-02-MID,1350-00-01-02,東港所琉球大南線小區,22.330813,120.3651797,30.13,mH2O,synthetic
2026-09-02T21:45:00,PL-02-MID,1350-00-01-02,東港所琉球大南線小區,22.330813,120.3651797,30.28,mH2O,synthetic
2026-09-02T22:00:00,PL-02-MID,1350-00-01-02,東港所琉球大南線小區,22.330813,120.3651797,30.43,mH2O,synthetic
2026-09-02T22:15:00,PL-02-MID,1350-00-01-02,東港所琉球大南線小區,22.330813,120.3651797,32.79,mH2O,synthetic
2026-09-02T22:30:00,PL-02-MID,1350-00-01-02,東港所琉球大南線小區,22.330813,120.3651797,32.82,mH2O,synthetic
2026-09-02T22:45:00,PL-02-MID,1350-00-01-02,東港所琉球大南線小區,22.330813,120.3651797,32.65,mH2O,synthetic
2026-09-02T23:00:00,PL-02-MID,1350-00-01-02,東港所琉球大南線小區,22.330813,120.3651797,32.75,mH2O,synthetic
2026-09-02T23:15:00,PL-02-MID,1350-00-01-02,東港所琉球大南線小區,22.330813,120.3651797,32.92,mH2O,synthetic
2026-09-02T23:30:00,PL-02-MID,1350-00-01-02,東港所琉球大南線小區,22.330813,120.3651797,33.07,mH2O,synthetic
2026-09-02T23:45:00,PL-02-MID,1350-00-01-02,東港所琉球大南線小區,22.330813,120.3651797,32.76,mH2O,synthetic
2026-09-03T00:00:00,PL-02-MID,1350-00-01-02,東港所琉球大南線小區,22.330813,120.3651797,33.49,mH2O,synthetic
2026-09-03T00:15:00,PL-02-MID,1350-00-01-02,東港所琉球大南線小區,22.330813,120.3651797,33.32,mH2O,synthetic
2026-09-03T00:30:00,PL-02-MID,1350-00-01-02,東港所琉球大南線小區,22.330813,120.3651797,34.24,mH2O,synthetic
2026-09-03T00:45:00,PL-02-MID,1350-00-01-02,東港所琉球大南線小區,22.330813,120.3651797,33.6,mH2O,synthetic
2026-09-03T01:00:00,PL-02-MID,1350-00-01-02,東港所琉球大南線小區,22.330813,120.3651797,33.81,mH2O,synthetic
2026-09-03T01:15:00,PL-02-MID,1350-00-01-02,東港所琉球大南線小區,22.330813,120.3651797,34.22,mH2O,synthetic
2026-09-03T01:30:00,PL-02-MID,1350-00-01-02,東港所琉球大南線小區,22.330813,120.3651797,34.17,mH2O,synthetic
2026-09-03T01:45:00,PL-02-MID,1350-00-01-02,東港所琉球大南線小區,22.330813,120.3651797,34.75,mH2O,synthetic
2026-09-03T02:00:00,PL-02-MID,1350-00-01-02,東港所琉球大南線小區,22.330813,120.3651797,35.13,mH2O,synthetic
2026-09-03T02:15:00,PL-02-MID,1350-00-01-02,東港所琉球大南線小區,22.330813,120.3651797,34.8,mH2O,synthetic
2026-09-03T02:30:00,PL-02-MID,1350-00-01-02,東港所琉球大南線小區,22.330813,120.3651797,35.04,mH2O,synthetic
2026-09-03T02:45:00,PL-02-MID,1350-00-01-02,東港所琉球大南線小區,22.330813,120.3651797,34.96,mH2O,synthetic
2026-09-03T03:00:00,PL-02-MID,1350-00-01-02,東港所琉球大南線小區,22.330813,120.3651797,35.1,mH2O,synthetic
2026-09-03T03:15:00,PL-02-MID,1350-00-01-02,東港所琉球大南線小區,22.330813,120.3651797,35.39,mH2O,synthetic
2026-09-03T03:30:00,PL-02-MID,1350-00-01-02,東港所琉球大南線小區,22.330813,120.3651797,35.19,mH2O,synthetic
2026-09-03T03:45:00,PL-02-MID,1350-00-01-02,東港所琉球大南線小區,22.330813,120.3651797,34.68,mH2O,synthetic
2026-09-03T04:00:00,PL-02-MID,1350-00-01-02,東港所琉球大南線小區,22.330813,120.3651797,35.05,mH2O,synthetic
2026-09-03T04:15:00,PL-02-MID,1350-00-01-02,東港所琉球大南線小區,22.330813,120.3651797,34.77,mH2O,synthetic
2026-09-03T04:30:00,PL-02-MID,1350-00-01-02,東港所琉球大南線小區,22.330813,120.3651797,34.38,mH2O,synthetic
2026-09-03T04:45:00,PL-02-MID,1350-00-01-02,東港所琉球大南線小區,22.330813,120.3651797,33.86,mH2O,synthetic
2026-09-03T05:00:00,PL-02-MID,1350-00-01-02,東港所琉球大南線小區,22.330813,120.3651797,33.71,mH2O,synthetic
2026-09-03T05:15:00,PL-02-MID,1350-00-01-02,東港所琉球大南線小區,22.330813,120.3651797,33.17,mH2O,synthetic
2026-09-03T05:30:00,PL-02-MID,1350-00-01-02,東港所琉球大南線小區,22.330813,120.3651797,33.06,mH2O,synthetic
2026-09-03T05:45:00,PL-02-MID,1350-00-01-02,東港所琉球大南線小區,22.330813,120.3651797,32.44,mH2O,synthetic
2026-09-03T06:00:00,PL-02-MID,1350-00-01-02,東港所琉球大南線小區,22.330813,120.3651797,31.52,mH2O,synthetic
2026-09-03T06:15:00,PL-02-MID,1350-00-01-02,東港所琉球大南線小區,22.330813,120.3651797,31.7,mH2O,synthetic
2026-09-03T06:30:00,PL-02-MID,1350-00-01-02,東港所琉球大南線小區,22.330813,120.3651797,31.02,mH2O,synthetic
2026-09-03T06:45:00,PL-02-MID,1350-00-01-02,東港所琉球大南線小區,22.330813,120.3651797,30.74,mH2O,synthetic
2026-09-03T07:00:00,PL-02-MID,1350-00-01-02,東港所琉球大南線小區,22.330813,120.3651797,30.08,mH2O,synthetic
2026-09-03T07:15:00,PL-02-MID,1350-00-01-02,東港所琉球大南線小區,22.330813,120.3651797,29.89,mH2O,synthetic
2026-09-03T07:30:00,PL-02-MID,1350-00-01-02,東港所琉球大南線小區,22.330813,120.3651797,29.99,mH2O,synthetic
2026-09-03T07:45:00,PL-02-MID,1350-00-01-02,東港所琉球大南線小區,22.330813,120.3651797,29.89,mH2O,synthetic
2026-09-03T08:00:00,PL-02-MID,1350-00-01-02,東港所琉球大南線小區,22.330813,120.3651797,30.09,mH2O,synthetic
2026-09-03T08:15:00,PL-02-MID,1350-00-01-02,東港所琉球大南線小區,22.330813,120.3651797,31.07,mH2O,synthetic
2026-09-03T08:30:00,PL-02-MID,1350-00-01-02,東港所琉球大南線小區,22.330813,120.3651797,30.74,mH2O,synthetic
2026-09-03T08:45:00,PL-02-MID,1350-00-01-02,東港所琉球大南線小區,22.330813,120.3651797,31.25,mH2O,synthetic
2026-09-03T09:00:00,PL-02-MID,1350-00-01-02,東港所琉球大南線小區,22.330813,120.3651797,32.01,mH2O,synthetic
2026-09-03T09:15:00,PL-02-MID,1350-00-01-02,東港所琉球大南線小區,22.330813,120.3651797,31.83,mH2O,synthetic
2026-09-03T09:30:00,PL-02-MID,1350-00-01-02,東港所琉球大南線小區,22.330813,120.3651797,32.08,mH2O,synthetic
2026-09-03T09:45:00,PL-02-MID,1350-00-01-02,東港所琉球大南線小區,22.330813,120.3651797,32.23,mH2O,synthetic
2026-09-03T10:00:00,PL-02-MID,1350-00-01-02,東港所琉球大南線小區,22.330813,120.3651797,32.83,mH2O,synthetic
2026-09-03T10:15:00,PL-02-MID,1350-00-01-02,東港所琉球大南線小區,22.330813,120.3651797,32.97,mH2O,synthetic
2026-09-03T10:30:00,PL-02-MID,1350-00-01-02,東港所琉球大南線小區,22.330813,120.3651797,33.07,mH2O,synthetic
2026-09-03T10:45:00,PL-02-MID,1350-00-01-02,東港所琉球大南線小區,22.330813,120.3651797,32.65,mH2O,synthetic
2026-09-03T11:00:00,PL-02-MID,1350-00-01-02,東港所琉球大南線小區,22.330813,120.3651797,33.19,mH2O,synthetic
2026-09-03T11:15:00,PL-02-MID,1350-00-01-02,東港所琉球大南線小區,22.330813,120.3651797,33.25,mH2O,synthetic
2026-09-03T11:30:00,PL-02-MID,1350-00-01-02,東港所琉球大南線小區,22.330813,120.3651797,32.97,mH2O,synthetic
2026-09-03T11:45:00,PL-02-MID,1350-00-01-02,東港所琉球大南線小區,22.330813,120.3651797,33.0,mH2O,synthetic
2026-09-03T12:00:00,PL-02-MID,1350-00-01-02,東港所琉球大南線小區,22.330813,120.3651797,33.15,mH2O,synthetic
2026-09-03T12:15:00,PL-02-MID,1350-00-01-02,東港所琉球大南線小區,22.330813,120.3651797,33.08,mH2O,synthetic
2026-09-03T12:30:00,PL-02-MID,1350-00-01-02,東港所琉球大南線小區,22.330813,120.3651797,33.14,mH2O,synthetic
2026-09-03T12:45:00,PL-02-MID,1350-00-01-02,東港所琉球大南線小區,22.330813,120.3651797,32.76,mH2O,synthetic
2026-09-03T13:00:00,PL-02-MID,1350-00-01-02,東港所琉球大南線小區,22.330813,120.3651797,32.96,mH2O,synthetic
2026-09-03T13:15:00,PL-02-MID,1350-00-01-02,東港所琉球大南線小區,22.330813,120.3651797,32.73,mH2O,synthetic
2026-09-03T13:30:00,PL-02-MID,1350-00-01-02,東港所琉球大南線小區,22.330813,120.3651797,33.14,mH2O,synthetic
2026-09-03T13:45:00,PL-02-MID,1350-00-01-02,東港所琉球大南線小區,22.330813,120.3651797,33.11,mH2O,synthetic
2026-09-03T14:00:00,PL-02-MID,1350-00-01-02,東港所琉球大南線小區,22.330813,120.3651797,32.97,mH2O,synthetic
2026-09-03T14:15:00,PL-02-MID,1350-00-01-02,東港所琉球大南線小區,22.330813,120.3651797,33.05,mH2O,synthetic
2026-09-03T14:30:00,PL-02-MID,1350-00-01-02,東港所琉球大南線小區,22.330813,120.3651797,32.63,mH2O,synthetic
2026-09-03T14:45:00,PL-02-MID,1350-00-01-02,東港所琉球大南線小區,22.330813,120.3651797,33.15,mH2O,synthetic
2026-09-03T15:00:00,PL-02-MID,1350-00-01-02,東港所琉球大南線小區,22.330813,120.3651797,32.83,mH2O,synthetic
2026-09-03T15:15:00,PL-02-MID,1350-00-01-02,東港所琉球大南線小區,22.330813,120.3651797,32.92,mH2O,synthetic
2026-09-03T15:30:00,PL-02-MID,1350-00-01-02,東港所琉球大南線小區,22.330813,120.3651797,33.07,mH2O,synthetic
2026-09-03T15:45:00,PL-02-MID,1350-00-01-02,東港所琉球大南線小區,22.330813,120.3651797,32.56,mH2O,synthetic
2026-09-03T16:00:00,PL-02-MID,1350-00-01-02,東港所琉球大南線小區,22.330813,120.3651797,32.86,mH2O,synthetic
2026-09-03T16:15:00,PL-02-MID,1350-00-01-02,東港所琉球大南線小區,22.330813,120.3651797,32.45,mH2O,synthetic
2026-09-03T16:30:00,PL-02-MID,1350-00-01-02,東港所琉球大南線小區,22.330813,120.3651797,32.21,mH2O,synthetic
2026-09-03T16:45:00,PL-02-MID,1350-00-01-02,東港所琉球大南線小區,22.330813,120.3651797,32.05,mH2O,synthetic
2026-09-03T17:00:00,PL-02-MID,1350-00-01-02,東港所琉球大南線小區,22.330813,120.3651797,31.33,mH2O,synthetic
2026-09-03T17:15:00,PL-02-MID,1350-00-01-02,東港所琉球大南線小區,22.330813,120.3651797,31.36,mH2O,synthetic
2026-09-03T17:30:00,PL-02-MID,1350-00-01-02,東港所琉球大南線小區,22.330813,120.3651797,30.85,mH2O,synthetic
2026-09-03T17:45:00,PL-02-MID,1350-00-01-02,東港所琉球大南線小區,22.330813,120.3651797,30.66,mH2O,synthetic
2026-09-03T18:00:00,PL-02-MID,1350-00-01-02,東港所琉球大南線小區,22.330813,120.3651797,29.99,mH2O,synthetic
2026-09-03T18:15:00,PL-02-MID,1350-00-01-02,東港所琉球大南線小區,22.330813,120.3651797,29.62,mH2O,synthetic
2026-09-03T18:30:00,PL-02-MID,1350-00-01-02,東港所琉球大南線小區,22.330813,120.3651797,29.51,mH2O,synthetic
2026-09-03T18:45:00,PL-02-MID,1350-00-01-02,東港所琉球大南線小區,22.330813,120.3651797,29.25,mH2O,synthetic
2026-09-03T19:00:00,PL-02-MID,1350-00-01-02,東港所琉球大南線小區,22.330813,120.3651797,28.94,mH2O,synthetic
2026-09-03T19:15:00,PL-02-MID,1350-00-01-02,東港所琉球大南線小區,22.330813,120.3651797,29.22,mH2O,synthetic
2026-09-03T19:30:00,PL-02-MID,1350-00-01-02,東港所琉球大南線小區,22.330813,120.3651797,29.71,mH2O,synthetic
2026-09-03T19:45:00,PL-02-MID,1350-00-01-02,東港所琉球大南線小區,22.330813,120.3651797,29.68,mH2O,synthetic
2026-09-03T20:00:00,PL-02-MID,1350-00-01-02,東港所琉球大南線小區,22.330813,120.3651797,29.85,mH2O,synthetic
2026-09-03T20:15:00,PL-02-MID,1350-00-01-02,東港所琉球大南線小區,22.330813,120.3651797,30.59,mH2O,synthetic
2026-09-03T20:30:00,PL-02-MID,1350-00-01-02,東港所琉球大南線小區,22.330813,120.3651797,30.43,mH2O,synthetic
2026-09-03T20:45:00,PL-02-MID,1350-00-01-02,東港所琉球大南線小區,22.330813,120.3651797,30.77,mH2O,synthetic
2026-09-03T21:00:00,PL-02-MID,1350-00-01-02,東港所琉球大南線小區,22.330813,120.3651797,31.6,mH2O,synthetic
2026-09-03T21:15:00,PL-02-MID,1350-00-01-02,東港所琉球大南線小區,22.330813,120.3651797,31.97,mH2O,synthetic
2026-09-03T21:30:00,PL-02-MID,1350-00-01-02,東港所琉球大南線小區,22.330813,120.3651797,32.25,mH2O,synthetic
2026-09-03T21:45:00,PL-02-MID,1350-00-01-02,東港所琉球大南線小區,22.330813,120.3651797,32.23,mH2O,synthetic
2026-09-03T22:00:00,PL-02-MID,1350-00-01-02,東港所琉球大南線小區,22.330813,120.3651797,32.57,mH2O,synthetic
2026-09-03T22:15:00,PL-02-MID,1350-00-01-02,東港所琉球大南線小區,22.330813,120.3651797,32.42,mH2O,synthetic
2026-09-03T22:30:00,PL-02-MID,1350-00-01-02,東港所琉球大南線小區,22.330813,120.3651797,32.87,mH2O,synthetic
2026-09-03T22:45:00,PL-02-MID,1350-00-01-02,東港所琉球大南線小區,22.330813,120.3651797,32.53,mH2O,synthetic
2026-09-03T23:00:00,PL-02-MID,1350-00-01-02,東港所琉球大南線小區,22.330813,120.3651797,32.9,mH2O,synthetic
2026-09-03T23:15:00,PL-02-MID,1350-00-01-02,東港所琉球大南線小區,22.330813,120.3651797,33.02,mH2O,synthetic
2026-09-03T23:30:00,PL-02-MID,1350-00-01-02,東港所琉球大南線小區,22.330813,120.3651797,32.59,mH2O,synthetic
2026-09-03T23:45:00,PL-02-MID,1350-00-01-02,東港所琉球大南線小區,22.330813,120.3651797,32.87,mH2O,synthetic
2026-09-01T00:00:00,PL-02-DIST,1350-00-01-02,東港所琉球大南線小區,22.3233337,120.3561675,27.65,mH2O,synthetic
2026-09-01T00:15:00,PL-02-DIST,1350-00-01-02,東港所琉球大南線小區,22.3233337,120.3561675,27.96,mH2O,synthetic
2026-09-01T00:30:00,PL-02-DIST,1350-00-01-02,東港所琉球大南線小區,22.3233337,120.3561675,27.47,mH2O,synthetic
2026-09-01T00:45:00,PL-02-DIST,1350-00-01-02,東港所琉球大南線小區,22.3233337,120.3561675,28.07,mH2O,synthetic
2026-09-01T01:00:00,PL-02-DIST,1350-00-01-02,東港所琉球大南線小區,22.3233337,120.3561675,27.95,mH2O,synthetic
2026-09-01T01:15:00,PL-02-DIST,1350-00-01-02,東港所琉球大南線小區,22.3233337,120.3561675,28.16,mH2O,synthetic
2026-09-01T01:30:00,PL-02-DIST,1350-00-01-02,東港所琉球大南線小區,22.3233337,120.3561675,29.05,mH2O,synthetic
2026-09-01T01:45:00,PL-02-DIST,1350-00-01-02,東港所琉球大南線小區,22.3233337,120.3561675,29.08,mH2O,synthetic
2026-09-01T02:00:00,PL-02-DIST,1350-00-01-02,東港所琉球大南線小區,22.3233337,120.3561675,28.98,mH2O,synthetic
2026-09-01T02:15:00,PL-02-DIST,1350-00-01-02,東港所琉球大南線小區,22.3233337,120.3561675,29.39,mH2O,synthetic
2026-09-01T02:30:00,PL-02-DIST,1350-00-01-02,東港所琉球大南線小區,22.3233337,120.3561675,29.62,mH2O,synthetic
2026-09-01T02:45:00,PL-02-DIST,1350-00-01-02,東港所琉球大南線小區,22.3233337,120.3561675,29.61,mH2O,synthetic
2026-09-01T03:00:00,PL-02-DIST,1350-00-01-02,東港所琉球大南線小區,22.3233337,120.3561675,30.09,mH2O,synthetic
2026-09-01T03:15:00,PL-02-DIST,1350-00-01-02,東港所琉球大南線小區,22.3233337,120.3561675,29.7,mH2O,synthetic
2026-09-01T03:30:00,PL-02-DIST,1350-00-01-02,東港所琉球大南線小區,22.3233337,120.3561675,28.81,mH2O,synthetic
2026-09-01T03:45:00,PL-02-DIST,1350-00-01-02,東港所琉球大南線小區,22.3233337,120.3561675,29.25,mH2O,synthetic
2026-09-01T04:00:00,PL-02-DIST,1350-00-01-02,東港所琉球大南線小區,22.3233337,120.3561675,28.95,mH2O,synthetic
2026-09-01T04:15:00,PL-02-DIST,1350-00-01-02,東港所琉球大南線小區,22.3233337,120.3561675,28.81,mH2O,synthetic
2026-09-01T04:30:00,PL-02-DIST,1350-00-01-02,東港所琉球大南線小區,22.3233337,120.3561675,28.56,mH2O,synthetic
2026-09-01T04:45:00,PL-02-DIST,1350-00-01-02,東港所琉球大南線小區,22.3233337,120.3561675,28.06,mH2O,synthetic
2026-09-01T05:00:00,PL-02-DIST,1350-00-01-02,東港所琉球大南線小區,22.3233337,120.3561675,27.56,mH2O,synthetic
2026-09-01T05:15:00,PL-02-DIST,1350-00-01-02,東港所琉球大南線小區,22.3233337,120.3561675,27.63,mH2O,synthetic
2026-09-01T05:30:00,PL-02-DIST,1350-00-01-02,東港所琉球大南線小區,22.3233337,120.3561675,26.92,mH2O,synthetic
2026-09-01T05:45:00,PL-02-DIST,1350-00-01-02,東港所琉球大南線小區,22.3233337,120.3561675,26.02,mH2O,synthetic
2026-09-01T06:00:00,PL-02-DIST,1350-00-01-02,東港所琉球大南線小區,22.3233337,120.3561675,25.63,mH2O,synthetic
2026-09-01T06:15:00,PL-02-DIST,1350-00-01-02,東港所琉球大南線小區,22.3233337,120.3561675,24.89,mH2O,synthetic
2026-09-01T06:30:00,PL-02-DIST,1350-00-01-02,東港所琉球大南線小區,22.3233337,120.3561675,24.29,mH2O,synthetic
2026-09-01T06:45:00,PL-02-DIST,1350-00-01-02,東港所琉球大南線小區,22.3233337,120.3561675,23.1,mH2O,synthetic
2026-09-01T07:00:00,PL-02-DIST,1350-00-01-02,東港所琉球大南線小區,22.3233337,120.3561675,22.94,mH2O,synthetic
2026-09-01T07:15:00,PL-02-DIST,1350-00-01-02,東港所琉球大南線小區,22.3233337,120.3561675,22.27,mH2O,synthetic
2026-09-01T07:30:00,PL-02-DIST,1350-00-01-02,東港所琉球大南線小區,22.3233337,120.3561675,22.51,mH2O,synthetic
2026-09-01T07:45:00,PL-02-DIST,1350-00-01-02,東港所琉球大南線小區,22.3233337,120.3561675,22.31,mH2O,synthetic
2026-09-01T08:00:00,PL-02-DIST,1350-00-01-02,東港所琉球大南線小區,22.3233337,120.3561675,22.17,mH2O,synthetic
2026-09-01T08:15:00,PL-02-DIST,1350-00-01-02,東港所琉球大南線小區,22.3233337,120.3561675,23.17,mH2O,synthetic
2026-09-01T08:30:00,PL-02-DIST,1350-00-01-02,東港所琉球大南線小區,22.3233337,120.3561675,23.37,mH2O,synthetic
2026-09-01T08:45:00,PL-02-DIST,1350-00-01-02,東港所琉球大南線小區,22.3233337,120.3561675,24.35,mH2O,synthetic
2026-09-01T09:00:00,PL-02-DIST,1350-00-01-02,東港所琉球大南線小區,22.3233337,120.3561675,25.0,mH2O,synthetic
2026-09-01T09:15:00,PL-02-DIST,1350-00-01-02,東港所琉球大南線小區,22.3233337,120.3561675,25.46,mH2O,synthetic
2026-09-01T09:30:00,PL-02-DIST,1350-00-01-02,東港所琉球大南線小區,22.3233337,120.3561675,25.67,mH2O,synthetic
2026-09-01T09:45:00,PL-02-DIST,1350-00-01-02,東港所琉球大南線小區,22.3233337,120.3561675,26.09,mH2O,synthetic
2026-09-01T10:00:00,PL-02-DIST,1350-00-01-02,東港所琉球大南線小區,22.3233337,120.3561675,26.4,mH2O,synthetic
2026-09-01T10:15:00,PL-02-DIST,1350-00-01-02,東港所琉球大南線小區,22.3233337,120.3561675,26.7,mH2O,synthetic
2026-09-01T10:30:00,PL-02-DIST,1350-00-01-02,東港所琉球大南線小區,22.3233337,120.3561675,27.14,mH2O,synthetic
2026-09-01T10:45:00,PL-02-DIST,1350-00-01-02,東港所琉球大南線小區,22.3233337,120.3561675,27.08,mH2O,synthetic
2026-09-01T11:00:00,PL-02-DIST,1350-00-01-02,東港所琉球大南線小區,22.3233337,120.3561675,26.86,mH2O,synthetic
2026-09-01T11:15:00,PL-02-DIST,1350-00-01-02,東港所琉球大南線小區,22.3233337,120.3561675,27.26,mH2O,synthetic
2026-09-01T11:30:00,PL-02-DIST,1350-00-01-02,東港所琉球大南線小區,22.3233337,120.3561675,26.69,mH2O,synthetic
2026-09-01T11:45:00,PL-02-DIST,1350-00-01-02,東港所琉球大南線小區,22.3233337,120.3561675,27.15,mH2O,synthetic
2026-09-01T12:00:00,PL-02-DIST,1350-00-01-02,東港所琉球大南線小區,22.3233337,120.3561675,26.96,mH2O,synthetic
2026-09-01T12:15:00,PL-02-DIST,1350-00-01-02,東港所琉球大南線小區,22.3233337,120.3561675,27.05,mH2O,synthetic
2026-09-01T12:30:00,PL-02-DIST,1350-00-01-02,東港所琉球大南線小區,22.3233337,120.3561675,27.14,mH2O,synthetic
2026-09-01T12:45:00,PL-02-DIST,1350-00-01-02,東港所琉球大南線小區,22.3233337,120.3561675,26.85,mH2O,synthetic
2026-09-01T13:00:00,PL-02-DIST,1350-00-01-02,東港所琉球大南線小區,22.3233337,120.3561675,27.18,mH2O,synthetic
2026-09-01T13:15:00,PL-02-DIST,1350-00-01-02,東港所琉球大南線小區,22.3233337,120.3561675,27.0,mH2O,synthetic
2026-09-01T13:30:00,PL-02-DIST,1350-00-01-02,東港所琉球大南線小區,22.3233337,120.3561675,27.53,mH2O,synthetic
2026-09-01T13:45:00,PL-02-DIST,1350-00-01-02,東港所琉球大南線小區,22.3233337,120.3561675,26.93,mH2O,synthetic
2026-09-01T14:00:00,PL-02-DIST,1350-00-01-02,東港所琉球大南線小區,22.3233337,120.3561675,27.27,mH2O,synthetic
2026-09-01T14:15:00,PL-02-DIST,1350-00-01-02,東港所琉球大南線小區,22.3233337,120.3561675,27.12,mH2O,synthetic
2026-09-01T14:30:00,PL-02-DIST,1350-00-01-02,東港所琉球大南線小區,22.3233337,120.3561675,26.71,mH2O,synthetic
2026-09-01T14:45:00,PL-02-DIST,1350-00-01-02,東港所琉球大南線小區,22.3233337,120.3561675,27.24,mH2O,synthetic
2026-09-01T15:00:00,PL-02-DIST,1350-00-01-02,東港所琉球大南線小區,22.3233337,120.3561675,26.66,mH2O,synthetic
2026-09-01T15:15:00,PL-02-DIST,1350-00-01-02,東港所琉球大南線小區,22.3233337,120.3561675,26.34,mH2O,synthetic
2026-09-01T15:30:00,PL-02-DIST,1350-00-01-02,東港所琉球大南線小區,22.3233337,120.3561675,26.93,mH2O,synthetic
2026-09-01T15:45:00,PL-02-DIST,1350-00-01-02,東港所琉球大南線小區,22.3233337,120.3561675,26.84,mH2O,synthetic
2026-09-01T16:00:00,PL-02-DIST,1350-00-01-02,東港所琉球大南線小區,22.3233337,120.3561675,26.42,mH2O,synthetic
2026-09-01T16:15:00,PL-02-DIST,1350-00-01-02,東港所琉球大南線小區,22.3233337,120.3561675,26.1,mH2O,synthetic
2026-09-01T16:30:00,PL-02-DIST,1350-00-01-02,東港所琉球大南線小區,22.3233337,120.3561675,26.17,mH2O,synthetic
2026-09-01T16:45:00,PL-02-DIST,1350-00-01-02,東港所琉球大南線小區,22.3233337,120.3561675,25.58,mH2O,synthetic
2026-09-01T17:00:00,PL-02-DIST,1350-00-01-02,東港所琉球大南線小區,22.3233337,120.3561675,24.8,mH2O,synthetic
2026-09-01T17:15:00,PL-02-DIST,1350-00-01-02,東港所琉球大南線小區,22.3233337,120.3561675,24.56,mH2O,synthetic
2026-09-01T17:30:00,PL-02-DIST,1350-00-01-02,東港所琉球大南線小區,22.3233337,120.3561675,23.54,mH2O,synthetic
2026-09-01T17:45:00,PL-02-DIST,1350-00-01-02,東港所琉球大南線小區,22.3233337,120.3561675,23.09,mH2O,synthetic
2026-09-01T18:00:00,PL-02-DIST,1350-00-01-02,東港所琉球大南線小區,22.3233337,120.3561675,22.41,mH2O,synthetic
2026-09-01T18:15:00,PL-02-DIST,1350-00-01-02,東港所琉球大南線小區,22.3233337,120.3561675,21.65,mH2O,synthetic
2026-09-01T18:30:00,PL-02-DIST,1350-00-01-02,東港所琉球大南線小區,22.3233337,120.3561675,21.48,mH2O,synthetic
2026-09-01T18:45:00,PL-02-DIST,1350-00-01-02,東港所琉球大南線小區,22.3233337,120.3561675,21.76,mH2O,synthetic
2026-09-01T19:00:00,PL-02-DIST,1350-00-01-02,東港所琉球大南線小區,22.3233337,120.3561675,21.16,mH2O,synthetic
2026-09-01T19:15:00,PL-02-DIST,1350-00-01-02,東港所琉球大南線小區,22.3233337,120.3561675,21.37,mH2O,synthetic
2026-09-01T19:30:00,PL-02-DIST,1350-00-01-02,東港所琉球大南線小區,22.3233337,120.3561675,21.48,mH2O,synthetic
2026-09-01T19:45:00,PL-02-DIST,1350-00-01-02,東港所琉球大南線小區,22.3233337,120.3561675,22.33,mH2O,synthetic
2026-09-01T20:00:00,PL-02-DIST,1350-00-01-02,東港所琉球大南線小區,22.3233337,120.3561675,22.64,mH2O,synthetic
2026-09-01T20:15:00,PL-02-DIST,1350-00-01-02,東港所琉球大南線小區,22.3233337,120.3561675,23.32,mH2O,synthetic
2026-09-01T20:30:00,PL-02-DIST,1350-00-01-02,東港所琉球大南線小區,22.3233337,120.3561675,23.79,mH2O,synthetic
2026-09-01T20:45:00,PL-02-DIST,1350-00-01-02,東港所琉球大南線小區,22.3233337,120.3561675,24.14,mH2O,synthetic
2026-09-01T21:00:00,PL-02-DIST,1350-00-01-02,東港所琉球大南線小區,22.3233337,120.3561675,24.73,mH2O,synthetic
2026-09-01T21:15:00,PL-02-DIST,1350-00-01-02,東港所琉球大南線小區,22.3233337,120.3561675,25.6,mH2O,synthetic
2026-09-01T21:30:00,PL-02-DIST,1350-00-01-02,東港所琉球大南線小區,22.3233337,120.3561675,25.81,mH2O,synthetic
2026-09-01T21:45:00,PL-02-DIST,1350-00-01-02,東港所琉球大南線小區,22.3233337,120.3561675,26.32,mH2O,synthetic
2026-09-01T22:00:00,PL-02-DIST,1350-00-01-02,東港所琉球大南線小區,22.3233337,120.3561675,25.71,mH2O,synthetic
2026-09-01T22:15:00,PL-02-DIST,1350-00-01-02,東港所琉球大南線小區,22.3233337,120.3561675,26.84,mH2O,synthetic
2026-09-01T22:30:00,PL-02-DIST,1350-00-01-02,東港所琉球大南線小區,22.3233337,120.3561675,26.63,mH2O,synthetic
2026-09-01T22:45:00,PL-02-DIST,1350-00-01-02,東港所琉球大南線小區,22.3233337,120.3561675,27.31,mH2O,synthetic
2026-09-01T23:00:00,PL-02-DIST,1350-00-01-02,東港所琉球大南線小區,22.3233337,120.3561675,26.79,mH2O,synthetic
2026-09-01T23:15:00,PL-02-DIST,1350-00-01-02,東港所琉球大南線小區,22.3233337,120.3561675,26.94,mH2O,synthetic
2026-09-01T23:30:00,PL-02-DIST,1350-00-01-02,東港所琉球大南線小區,22.3233337,120.3561675,27.11,mH2O,synthetic
2026-09-01T23:45:00,PL-02-DIST,1350-00-01-02,東港所琉球大南線小區,22.3233337,120.3561675,26.79,mH2O,synthetic
2026-09-02T00:00:00,PL-02-DIST,1350-00-01-02,東港所琉球大南線小區,22.3233337,120.3561675,27.67,mH2O,synthetic
2026-09-02T00:15:00,PL-02-DIST,1350-00-01-02,東港所琉球大南線小區,22.3233337,120.3561675,27.48,mH2O,synthetic
2026-09-02T00:30:00,PL-02-DIST,1350-00-01-02,東港所琉球大南線小區,22.3233337,120.3561675,28.08,mH2O,synthetic
2026-09-02T00:45:00,PL-02-DIST,1350-00-01-02,東港所琉球大南線小區,22.3233337,120.3561675,28.17,mH2O,synthetic
2026-09-02T01:00:00,PL-02-DIST,1350-00-01-02,東港所琉球大南線小區,22.3233337,120.3561675,28.33,mH2O,synthetic
2026-09-02T01:15:00,PL-02-DIST,1350-00-01-02,東港所琉球大南線小區,22.3233337,120.3561675,28.3,mH2O,synthetic
2026-09-02T01:30:00,PL-02-DIST,1350-00-01-02,東港所琉球大南線小區,22.3233337,120.3561675,28.65,mH2O,synthetic
2026-09-02T01:45:00,PL-02-DIST,1350-00-01-02,東港所琉球大南線小區,22.3233337,120.3561675,29.0,mH2O,synthetic
2026-09-02T02:00:00,PL-02-DIST,1350-00-01-02,東港所琉球大南線小區,22.3233337,120.3561675,28.7,mH2O,synthetic
2026-09-02T02:15:00,PL-02-DIST,1350-00-01-02,東港所琉球大南線小區,22.3233337,120.3561675,29.22,mH2O,synthetic
2026-09-02T02:30:00,PL-02-DIST,1350-00-01-02,東港所琉球大南線小區,22.3233337,120.3561675,29.69,mH2O,synthetic
2026-09-02T02:45:00,PL-02-DIST,1350-00-01-02,東港所琉球大南線小區,22.3233337,120.3561675,29.29,mH2O,synthetic
2026-09-02T03:00:00,PL-02-DIST,1350-00-01-02,東港所琉球大南線小區,22.3233337,120.3561675,29.88,mH2O,synthetic
2026-09-02T03:15:00,PL-02-DIST,1350-00-01-02,東港所琉球大南線小區,22.3233337,120.3561675,29.43,mH2O,synthetic
2026-09-02T03:30:00,PL-02-DIST,1350-00-01-02,東港所琉球大南線小區,22.3233337,120.3561675,29.54,mH2O,synthetic
2026-09-02T03:45:00,PL-02-DIST,1350-00-01-02,東港所琉球大南線小區,22.3233337,120.3561675,29.07,mH2O,synthetic
2026-09-02T04:00:00,PL-02-DIST,1350-00-01-02,東港所琉球大南線小區,22.3233337,120.3561675,29.22,mH2O,synthetic
2026-09-02T04:15:00,PL-02-DIST,1350-00-01-02,東港所琉球大南線小區,22.3233337,120.3561675,28.96,mH2O,synthetic
2026-09-02T04:30:00,PL-02-DIST,1350-00-01-02,東港所琉球大南線小區,22.3233337,120.3561675,28.81,mH2O,synthetic
2026-09-02T04:45:00,PL-02-DIST,1350-00-01-02,東港所琉球大南線小區,22.3233337,120.3561675,28.5,mH2O,synthetic
2026-09-02T05:00:00,PL-02-DIST,1350-00-01-02,東港所琉球大南線小區,22.3233337,120.3561675,28.08,mH2O,synthetic
2026-09-02T05:15:00,PL-02-DIST,1350-00-01-02,東港所琉球大南線小區,22.3233337,120.3561675,27.38,mH2O,synthetic
2026-09-02T05:30:00,PL-02-DIST,1350-00-01-02,東港所琉球大南線小區,22.3233337,120.3561675,26.52,mH2O,synthetic
2026-09-02T05:45:00,PL-02-DIST,1350-00-01-02,東港所琉球大南線小區,22.3233337,120.3561675,26.46,mH2O,synthetic
2026-09-02T06:00:00,PL-02-DIST,1350-00-01-02,東港所琉球大南線小區,22.3233337,120.3561675,25.19,mH2O,synthetic
2026-09-02T06:15:00,PL-02-DIST,1350-00-01-02,東港所琉球大南線小區,22.3233337,120.3561675,24.65,mH2O,synthetic
2026-09-02T06:30:00,PL-02-DIST,1350-00-01-02,東港所琉球大南線小區,22.3233337,120.3561675,24.17,mH2O,synthetic
2026-09-02T06:45:00,PL-02-DIST,1350-00-01-02,東港所琉球大南線小區,22.3233337,120.3561675,23.43,mH2O,synthetic
2026-09-02T07:00:00,PL-02-DIST,1350-00-01-02,東港所琉球大南線小區,22.3233337,120.3561675,23.12,mH2O,synthetic
2026-09-02T07:15:00,PL-02-DIST,1350-00-01-02,東港所琉球大南線小區,22.3233337,120.3561675,22.4,mH2O,synthetic
2026-09-02T07:30:00,PL-02-DIST,1350-00-01-02,東港所琉球大南線小區,22.3233337,120.3561675,21.88,mH2O,synthetic
2026-09-02T07:45:00,PL-02-DIST,1350-00-01-02,東港所琉球大南線小區,22.3233337,120.3561675,22.29,mH2O,synthetic
2026-09-02T08:00:00,PL-02-DIST,1350-00-01-02,東港所琉球大南線小區,22.3233337,120.3561675,22.71,mH2O,synthetic
2026-09-02T08:15:00,PL-02-DIST,1350-00-01-02,東港所琉球大南線小區,22.3233337,120.3561675,23.08,mH2O,synthetic
2026-09-02T08:30:00,PL-02-DIST,1350-00-01-02,東港所琉球大南線小區,22.3233337,120.3561675,24.07,mH2O,synthetic
2026-09-02T08:45:00,PL-02-DIST,1350-00-01-02,東港所琉球大南線小區,22.3233337,120.3561675,24.34,mH2O,synthetic
2026-09-02T09:00:00,PL-02-DIST,1350-00-01-02,東港所琉球大南線小區,22.3233337,120.3561675,24.69,mH2O,synthetic
2026-09-02T09:15:00,PL-02-DIST,1350-00-01-02,東港所琉球大南線小區,22.3233337,120.3561675,25.65,mH2O,synthetic
2026-09-02T09:30:00,PL-02-DIST,1350-00-01-02,東港所琉球大南線小區,22.3233337,120.3561675,25.74,mH2O,synthetic
2026-09-02T09:45:00,PL-02-DIST,1350-00-01-02,東港所琉球大南線小區,22.3233337,120.3561675,26.71,mH2O,synthetic
2026-09-02T10:00:00,PL-02-DIST,1350-00-01-02,東港所琉球大南線小區,22.3233337,120.3561675,26.64,mH2O,synthetic
2026-09-02T10:15:00,PL-02-DIST,1350-00-01-02,東港所琉球大南線小區,22.3233337,120.3561675,26.44,mH2O,synthetic
2026-09-02T10:30:00,PL-02-DIST,1350-00-01-02,東港所琉球大南線小區,22.3233337,120.3561675,27.09,mH2O,synthetic
2026-09-02T10:45:00,PL-02-DIST,1350-00-01-02,東港所琉球大南線小區,22.3233337,120.3561675,27.44,mH2O,synthetic
2026-09-02T11:00:00,PL-02-DIST,1350-00-01-02,東港所琉球大南線小區,22.3233337,120.3561675,26.52,mH2O,synthetic
2026-09-02T11:15:00,PL-02-DIST,1350-00-01-02,東港所琉球大南線小區,22.3233337,120.3561675,27.18,mH2O,synthetic
2026-09-02T11:30:00,PL-02-DIST,1350-00-01-02,東港所琉球大南線小區,22.3233337,120.3561675,27.1,mH2O,synthetic
2026-09-02T11:45:00,PL-02-DIST,1350-00-01-02,東港所琉球大南線小區,22.3233337,120.3561675,27.03,mH2O,synthetic
2026-09-02T12:00:00,PL-02-DIST,1350-00-01-02,東港所琉球大南線小區,22.3233337,120.3561675,27.07,mH2O,synthetic
2026-09-02T12:15:00,PL-02-DIST,1350-00-01-02,東港所琉球大南線小區,22.3233337,120.3561675,27.11,mH2O,synthetic
2026-09-02T12:30:00,PL-02-DIST,1350-00-01-02,東港所琉球大南線小區,22.3233337,120.3561675,26.85,mH2O,synthetic
2026-09-02T12:45:00,PL-02-DIST,1350-00-01-02,東港所琉球大南線小區,22.3233337,120.3561675,27.31,mH2O,synthetic
2026-09-02T13:00:00,PL-02-DIST,1350-00-01-02,東港所琉球大南線小區,22.3233337,120.3561675,26.7,mH2O,synthetic
2026-09-02T13:15:00,PL-02-DIST,1350-00-01-02,東港所琉球大南線小區,22.3233337,120.3561675,27.43,mH2O,synthetic
2026-09-02T13:30:00,PL-02-DIST,1350-00-01-02,東港所琉球大南線小區,22.3233337,120.3561675,27.33,mH2O,synthetic
2026-09-02T13:45:00,PL-02-DIST,1350-00-01-02,東港所琉球大南線小區,22.3233337,120.3561675,26.73,mH2O,synthetic
2026-09-02T14:00:00,PL-02-DIST,1350-00-01-02,東港所琉球大南線小區,22.3233337,120.3561675,26.99,mH2O,synthetic
2026-09-02T14:15:00,PL-02-DIST,1350-00-01-02,東港所琉球大南線小區,22.3233337,120.3561675,27.29,mH2O,synthetic
2026-09-02T14:30:00,PL-02-DIST,1350-00-01-02,東港所琉球大南線小區,22.3233337,120.3561675,26.86,mH2O,synthetic
2026-09-02T14:45:00,PL-02-DIST,1350-00-01-02,東港所琉球大南線小區,22.3233337,120.3561675,26.9,mH2O,synthetic
2026-09-02T15:00:00,PL-02-DIST,1350-00-01-02,東港所琉球大南線小區,22.3233337,120.3561675,26.81,mH2O,synthetic
2026-09-02T15:15:00,PL-02-DIST,1350-00-01-02,東港所琉球大南線小區,22.3233337,120.3561675,27.09,mH2O,synthetic
2026-09-02T15:30:00,PL-02-DIST,1350-00-01-02,東港所琉球大南線小區,22.3233337,120.3561675,26.6,mH2O,synthetic
2026-09-02T15:45:00,PL-02-DIST,1350-00-01-02,東港所琉球大南線小區,22.3233337,120.3561675,26.6,mH2O,synthetic
2026-09-02T16:00:00,PL-02-DIST,1350-00-01-02,東港所琉球大南線小區,22.3233337,120.3561675,26.53,mH2O,synthetic
2026-09-02T16:15:00,PL-02-DIST,1350-00-01-02,東港所琉球大南線小區,22.3233337,120.3561675,26.11,mH2O,synthetic
2026-09-02T16:30:00,PL-02-DIST,1350-00-01-02,東港所琉球大南線小區,22.3233337,120.3561675,25.64,mH2O,synthetic
2026-09-02T16:45:00,PL-02-DIST,1350-00-01-02,東港所琉球大南線小區,22.3233337,120.3561675,25.13,mH2O,synthetic
2026-09-02T17:00:00,PL-02-DIST,1350-00-01-02,東港所琉球大南線小區,22.3233337,120.3561675,20.61,mH2O,synthetic
2026-09-02T17:15:00,PL-02-DIST,1350-00-01-02,東港所琉球大南線小區,22.3233337,120.3561675,20.14,mH2O,synthetic
2026-09-02T17:30:00,PL-02-DIST,1350-00-01-02,東港所琉球大南線小區,22.3233337,120.3561675,19.43,mH2O,synthetic
2026-09-02T17:45:00,PL-02-DIST,1350-00-01-02,東港所琉球大南線小區,22.3233337,120.3561675,19.05,mH2O,synthetic
2026-09-02T18:00:00,PL-02-DIST,1350-00-01-02,東港所琉球大南線小區,22.3233337,120.3561675,18.7,mH2O,synthetic
2026-09-02T18:15:00,PL-02-DIST,1350-00-01-02,東港所琉球大南線小區,22.3233337,120.3561675,18.15,mH2O,synthetic
2026-09-02T18:30:00,PL-02-DIST,1350-00-01-02,東港所琉球大南線小區,22.3233337,120.3561675,17.56,mH2O,synthetic
2026-09-02T18:45:00,PL-02-DIST,1350-00-01-02,東港所琉球大南線小區,22.3233337,120.3561675,17.26,mH2O,synthetic
2026-09-02T19:00:00,PL-02-DIST,1350-00-01-02,東港所琉球大南線小區,22.3233337,120.3561675,17.18,mH2O,synthetic
2026-09-02T19:15:00,PL-02-DIST,1350-00-01-02,東港所琉球大南線小區,22.3233337,120.3561675,17.18,mH2O,synthetic
2026-09-02T19:30:00,PL-02-DIST,1350-00-01-02,東港所琉球大南線小區,22.3233337,120.3561675,17.47,mH2O,synthetic
2026-09-02T19:45:00,PL-02-DIST,1350-00-01-02,東港所琉球大南線小區,22.3233337,120.3561675,18.29,mH2O,synthetic
2026-09-02T20:00:00,PL-02-DIST,1350-00-01-02,東港所琉球大南線小區,22.3233337,120.3561675,18.33,mH2O,synthetic
2026-09-02T20:15:00,PL-02-DIST,1350-00-01-02,東港所琉球大南線小區,22.3233337,120.3561675,19.21,mH2O,synthetic
2026-09-02T20:30:00,PL-02-DIST,1350-00-01-02,東港所琉球大南線小區,22.3233337,120.3561675,19.67,mH2O,synthetic
2026-09-02T20:45:00,PL-02-DIST,1350-00-01-02,東港所琉球大南線小區,22.3233337,120.3561675,20.93,mH2O,synthetic
2026-09-02T21:00:00,PL-02-DIST,1350-00-01-02,東港所琉球大南線小區,22.3233337,120.3561675,20.54,mH2O,synthetic
2026-09-02T21:15:00,PL-02-DIST,1350-00-01-02,東港所琉球大南線小區,22.3233337,120.3561675,21.46,mH2O,synthetic
2026-09-02T21:30:00,PL-02-DIST,1350-00-01-02,東港所琉球大南線小區,22.3233337,120.3561675,21.75,mH2O,synthetic
2026-09-02T21:45:00,PL-02-DIST,1350-00-01-02,東港所琉球大南線小區,22.3233337,120.3561675,21.98,mH2O,synthetic
2026-09-02T22:00:00,PL-02-DIST,1350-00-01-02,東港所琉球大南線小區,22.3233337,120.3561675,22.48,mH2O,synthetic
2026-09-02T22:15:00,PL-02-DIST,1350-00-01-02,東港所琉球大南線小區,22.3233337,120.3561675,26.63,mH2O,synthetic
2026-09-02T22:30:00,PL-02-DIST,1350-00-01-02,東港所琉球大南線小區,22.3233337,120.3561675,26.5,mH2O,synthetic
2026-09-02T22:45:00,PL-02-DIST,1350-00-01-02,東港所琉球大南線小區,22.3233337,120.3561675,26.93,mH2O,synthetic
2026-09-02T23:00:00,PL-02-DIST,1350-00-01-02,東港所琉球大南線小區,22.3233337,120.3561675,26.98,mH2O,synthetic
2026-09-02T23:15:00,PL-02-DIST,1350-00-01-02,東港所琉球大南線小區,22.3233337,120.3561675,27.23,mH2O,synthetic
2026-09-02T23:30:00,PL-02-DIST,1350-00-01-02,東港所琉球大南線小區,22.3233337,120.3561675,26.83,mH2O,synthetic
2026-09-02T23:45:00,PL-02-DIST,1350-00-01-02,東港所琉球大南線小區,22.3233337,120.3561675,27.3,mH2O,synthetic
2026-09-03T00:00:00,PL-02-DIST,1350-00-01-02,東港所琉球大南線小區,22.3233337,120.3561675,27.43,mH2O,synthetic
2026-09-03T00:15:00,PL-02-DIST,1350-00-01-02,東港所琉球大南線小區,22.3233337,120.3561675,27.19,mH2O,synthetic
2026-09-03T00:30:00,PL-02-DIST,1350-00-01-02,東港所琉球大南線小區,22.3233337,120.3561675,27.91,mH2O,synthetic
2026-09-03T00:45:00,PL-02-DIST,1350-00-01-02,東港所琉球大南線小區,22.3233337,120.3561675,27.98,mH2O,synthetic
2026-09-03T01:00:00,PL-02-DIST,1350-00-01-02,東港所琉球大南線小區,22.3233337,120.3561675,28.03,mH2O,synthetic
2026-09-03T01:15:00,PL-02-DIST,1350-00-01-02,東港所琉球大南線小區,22.3233337,120.3561675,28.66,mH2O,synthetic
2026-09-03T01:30:00,PL-02-DIST,1350-00-01-02,東港所琉球大南線小區,22.3233337,120.3561675,28.6,mH2O,synthetic
2026-09-03T01:45:00,PL-02-DIST,1350-00-01-02,東港所琉球大南線小區,22.3233337,120.3561675,29.16,mH2O,synthetic
2026-09-03T02:00:00,PL-02-DIST,1350-00-01-02,東港所琉球大南線小區,22.3233337,120.3561675,29.13,mH2O,synthetic
2026-09-03T02:15:00,PL-02-DIST,1350-00-01-02,東港所琉球大南線小區,22.3233337,120.3561675,29.5,mH2O,synthetic
2026-09-03T02:30:00,PL-02-DIST,1350-00-01-02,東港所琉球大南線小區,22.3233337,120.3561675,29.63,mH2O,synthetic
2026-09-03T02:45:00,PL-02-DIST,1350-00-01-02,東港所琉球大南線小區,22.3233337,120.3561675,29.67,mH2O,synthetic
2026-09-03T03:00:00,PL-02-DIST,1350-00-01-02,東港所琉球大南線小區,22.3233337,120.3561675,29.37,mH2O,synthetic
2026-09-03T03:15:00,PL-02-DIST,1350-00-01-02,東港所琉球大南線小區,22.3233337,120.3561675,29.77,mH2O,synthetic
2026-09-03T03:30:00,PL-02-DIST,1350-00-01-02,東港所琉球大南線小區,22.3233337,120.3561675,29.48,mH2O,synthetic
2026-09-03T03:45:00,PL-02-DIST,1350-00-01-02,東港所琉球大南線小區,22.3233337,120.3561675,29.76,mH2O,synthetic
2026-09-03T04:00:00,PL-02-DIST,1350-00-01-02,東港所琉球大南線小區,22.3233337,120.3561675,29.22,mH2O,synthetic
2026-09-03T04:15:00,PL-02-DIST,1350-00-01-02,東港所琉球大南線小區,22.3233337,120.3561675,29.02,mH2O,synthetic
2026-09-03T04:30:00,PL-02-DIST,1350-00-01-02,東港所琉球大南線小區,22.3233337,120.3561675,28.39,mH2O,synthetic
2026-09-03T04:45:00,PL-02-DIST,1350-00-01-02,東港所琉球大南線小區,22.3233337,120.3561675,28.12,mH2O,synthetic
2026-09-03T05:00:00,PL-02-DIST,1350-00-01-02,東港所琉球大南線小區,22.3233337,120.3561675,27.82,mH2O,synthetic
2026-09-03T05:15:00,PL-02-DIST,1350-00-01-02,東港所琉球大南線小區,22.3233337,120.3561675,27.08,mH2O,synthetic
2026-09-03T05:30:00,PL-02-DIST,1350-00-01-02,東港所琉球大南線小區,22.3233337,120.3561675,26.53,mH2O,synthetic
2026-09-03T05:45:00,PL-02-DIST,1350-00-01-02,東港所琉球大南線小區,22.3233337,120.3561675,26.15,mH2O,synthetic
2026-09-03T06:00:00,PL-02-DIST,1350-00-01-02,東港所琉球大南線小區,22.3233337,120.3561675,25.46,mH2O,synthetic
2026-09-03T06:15:00,PL-02-DIST,1350-00-01-02,東港所琉球大南線小區,22.3233337,120.3561675,24.79,mH2O,synthetic
2026-09-03T06:30:00,PL-02-DIST,1350-00-01-02,東港所琉球大南線小區,22.3233337,120.3561675,24.25,mH2O,synthetic
2026-09-03T06:45:00,PL-02-DIST,1350-00-01-02,東港所琉球大南線小區,22.3233337,120.3561675,23.24,mH2O,synthetic
2026-09-03T07:00:00,PL-02-DIST,1350-00-01-02,東港所琉球大南線小區,22.3233337,120.3561675,22.92,mH2O,synthetic
2026-09-03T07:15:00,PL-02-DIST,1350-00-01-02,東港所琉球大南線小區,22.3233337,120.3561675,22.37,mH2O,synthetic
2026-09-03T07:30:00,PL-02-DIST,1350-00-01-02,東港所琉球大南線小區,22.3233337,120.3561675,22.21,mH2O,synthetic
2026-09-03T07:45:00,PL-02-DIST,1350-00-01-02,東港所琉球大南線小區,22.3233337,120.3561675,22.41,mH2O,synthetic
2026-09-03T08:00:00,PL-02-DIST,1350-00-01-02,東港所琉球大南線小區,22.3233337,120.3561675,22.21,mH2O,synthetic
2026-09-03T08:15:00,PL-02-DIST,1350-00-01-02,東港所琉球大南線小區,22.3233337,120.3561675,23.18,mH2O,synthetic
2026-09-03T08:30:00,PL-02-DIST,1350-00-01-02,東港所琉球大南線小區,22.3233337,120.3561675,23.62,mH2O,synthetic
2026-09-03T08:45:00,PL-02-DIST,1350-00-01-02,東港所琉球大南線小區,22.3233337,120.3561675,24.19,mH2O,synthetic
2026-09-03T09:00:00,PL-02-DIST,1350-00-01-02,東港所琉球大南線小區,22.3233337,120.3561675,24.59,mH2O,synthetic
2026-09-03T09:15:00,PL-02-DIST,1350-00-01-02,東港所琉球大南線小區,22.3233337,120.3561675,25.45,mH2O,synthetic
2026-09-03T09:30:00,PL-02-DIST,1350-00-01-02,東港所琉球大南線小區,22.3233337,120.3561675,25.58,mH2O,synthetic
2026-09-03T09:45:00,PL-02-DIST,1350-00-01-02,東港所琉球大南線小區,22.3233337,120.3561675,26.53,mH2O,synthetic
2026-09-03T10:00:00,PL-02-DIST,1350-00-01-02,東港所琉球大南線小區,22.3233337,120.3561675,26.53,mH2O,synthetic
2026-09-03T10:15:00,PL-02-DIST,1350-00-01-02,東港所琉球大南線小區,22.3233337,120.3561675,26.38,mH2O,synthetic
2026-09-03T10:30:00,PL-02-DIST,1350-00-01-02,東港所琉球大南線小區,22.3233337,120.3561675,26.71,mH2O,synthetic
2026-09-03T10:45:00,PL-02-DIST,1350-00-01-02,東港所琉球大南線小區,22.3233337,120.3561675,27.09,mH2O,synthetic
2026-09-03T11:00:00,PL-02-DIST,1350-00-01-02,東港所琉球大南線小區,22.3233337,120.3561675,26.83,mH2O,synthetic
2026-09-03T11:15:00,PL-02-DIST,1350-00-01-02,東港所琉球大南線小區,22.3233337,120.3561675,26.92,mH2O,synthetic
2026-09-03T11:30:00,PL-02-DIST,1350-00-01-02,東港所琉球大南線小區,22.3233337,120.3561675,26.91,mH2O,synthetic
2026-09-03T11:45:00,PL-02-DIST,1350-00-01-02,東港所琉球大南線小區,22.3233337,120.3561675,26.97,mH2O,synthetic
2026-09-03T12:00:00,PL-02-DIST,1350-00-01-02,東港所琉球大南線小區,22.3233337,120.3561675,26.62,mH2O,synthetic
2026-09-03T12:15:00,PL-02-DIST,1350-00-01-02,東港所琉球大南線小區,22.3233337,120.3561675,26.99,mH2O,synthetic
2026-09-03T12:30:00,PL-02-DIST,1350-00-01-02,東港所琉球大南線小區,22.3233337,120.3561675,26.88,mH2O,synthetic
2026-09-03T12:45:00,PL-02-DIST,1350-00-01-02,東港所琉球大南線小區,22.3233337,120.3561675,27.65,mH2O,synthetic
2026-09-03T13:00:00,PL-02-DIST,1350-00-01-02,東港所琉球大南線小區,22.3233337,120.3561675,26.95,mH2O,synthetic
2026-09-03T13:15:00,PL-02-DIST,1350-00-01-02,東港所琉球大南線小區,22.3233337,120.3561675,26.9,mH2O,synthetic
2026-09-03T13:30:00,PL-02-DIST,1350-00-01-02,東港所琉球大南線小區,22.3233337,120.3561675,27.21,mH2O,synthetic
2026-09-03T13:45:00,PL-02-DIST,1350-00-01-02,東港所琉球大南線小區,22.3233337,120.3561675,26.96,mH2O,synthetic
2026-09-03T14:00:00,PL-02-DIST,1350-00-01-02,東港所琉球大南線小區,22.3233337,120.3561675,27.04,mH2O,synthetic
2026-09-03T14:15:00,PL-02-DIST,1350-00-01-02,東港所琉球大南線小區,22.3233337,120.3561675,26.79,mH2O,synthetic
2026-09-03T14:30:00,PL-02-DIST,1350-00-01-02,東港所琉球大南線小區,22.3233337,120.3561675,27.31,mH2O,synthetic
2026-09-03T14:45:00,PL-02-DIST,1350-00-01-02,東港所琉球大南線小區,22.3233337,120.3561675,26.8,mH2O,synthetic
2026-09-03T15:00:00,PL-02-DIST,1350-00-01-02,東港所琉球大南線小區,22.3233337,120.3561675,26.98,mH2O,synthetic
2026-09-03T15:15:00,PL-02-DIST,1350-00-01-02,東港所琉球大南線小區,22.3233337,120.3561675,27.08,mH2O,synthetic
2026-09-03T15:30:00,PL-02-DIST,1350-00-01-02,東港所琉球大南線小區,22.3233337,120.3561675,26.67,mH2O,synthetic
2026-09-03T15:45:00,PL-02-DIST,1350-00-01-02,東港所琉球大南線小區,22.3233337,120.3561675,26.6,mH2O,synthetic
2026-09-03T16:00:00,PL-02-DIST,1350-00-01-02,東港所琉球大南線小區,22.3233337,120.3561675,26.54,mH2O,synthetic
2026-09-03T16:15:00,PL-02-DIST,1350-00-01-02,東港所琉球大南線小區,22.3233337,120.3561675,26.3,mH2O,synthetic
2026-09-03T16:30:00,PL-02-DIST,1350-00-01-02,東港所琉球大南線小區,22.3233337,120.3561675,25.59,mH2O,synthetic
2026-09-03T16:45:00,PL-02-DIST,1350-00-01-02,東港所琉球大南線小區,22.3233337,120.3561675,25.46,mH2O,synthetic
2026-09-03T17:00:00,PL-02-DIST,1350-00-01-02,東港所琉球大南線小區,22.3233337,120.3561675,24.73,mH2O,synthetic
2026-09-03T17:15:00,PL-02-DIST,1350-00-01-02,東港所琉球大南線小區,22.3233337,120.3561675,24.23,mH2O,synthetic
2026-09-03T17:30:00,PL-02-DIST,1350-00-01-02,東港所琉球大南線小區,22.3233337,120.3561675,23.67,mH2O,synthetic
2026-09-03T17:45:00,PL-02-DIST,1350-00-01-02,東港所琉球大南線小區,22.3233337,120.3561675,23.48,mH2O,synthetic
2026-09-03T18:00:00,PL-02-DIST,1350-00-01-02,東港所琉球大南線小區,22.3233337,120.3561675,22.99,mH2O,synthetic
2026-09-03T18:15:00,PL-02-DIST,1350-00-01-02,東港所琉球大南線小區,22.3233337,120.3561675,22.71,mH2O,synthetic
2026-09-03T18:30:00,PL-02-DIST,1350-00-01-02,東港所琉球大南線小區,22.3233337,120.3561675,21.73,mH2O,synthetic
2026-09-03T18:45:00,PL-02-DIST,1350-00-01-02,東港所琉球大南線小區,22.3233337,120.3561675,21.3,mH2O,synthetic
2026-09-03T19:00:00,PL-02-DIST,1350-00-01-02,東港所琉球大南線小區,22.3233337,120.3561675,21.19,mH2O,synthetic
2026-09-03T19:15:00,PL-02-DIST,1350-00-01-02,東港所琉球大南線小區,22.3233337,120.3561675,21.84,mH2O,synthetic
2026-09-03T19:30:00,PL-02-DIST,1350-00-01-02,東港所琉球大南線小區,22.3233337,120.3561675,21.4,mH2O,synthetic
2026-09-03T19:45:00,PL-02-DIST,1350-00-01-02,東港所琉球大南線小區,22.3233337,120.3561675,22.06,mH2O,synthetic
2026-09-03T20:00:00,PL-02-DIST,1350-00-01-02,東港所琉球大南線小區,22.3233337,120.3561675,22.51,mH2O,synthetic
2026-09-03T20:15:00,PL-02-DIST,1350-00-01-02,東港所琉球大南線小區,22.3233337,120.3561675,23.6,mH2O,synthetic
2026-09-03T20:30:00,PL-02-DIST,1350-00-01-02,東港所琉球大南線小區,22.3233337,120.3561675,23.59,mH2O,synthetic
2026-09-03T20:45:00,PL-02-DIST,1350-00-01-02,東港所琉球大南線小區,22.3233337,120.3561675,24.64,mH2O,synthetic
2026-09-03T21:00:00,PL-02-DIST,1350-00-01-02,東港所琉球大南線小區,22.3233337,120.3561675,25.23,mH2O,synthetic
2026-09-03T21:15:00,PL-02-DIST,1350-00-01-02,東港所琉球大南線小區,22.3233337,120.3561675,25.38,mH2O,synthetic
2026-09-03T21:30:00,PL-02-DIST,1350-00-01-02,東港所琉球大南線小區,22.3233337,120.3561675,25.93,mH2O,synthetic
2026-09-03T21:45:00,PL-02-DIST,1350-00-01-02,東港所琉球大南線小區,22.3233337,120.3561675,25.82,mH2O,synthetic
2026-09-03T22:00:00,PL-02-DIST,1350-00-01-02,東港所琉球大南線小區,22.3233337,120.3561675,26.39,mH2O,synthetic
2026-09-03T22:15:00,PL-02-DIST,1350-00-01-02,東港所琉球大南線小區,22.3233337,120.3561675,26.55,mH2O,synthetic
2026-09-03T22:30:00,PL-02-DIST,1350-00-01-02,東港所琉球大南線小區,22.3233337,120.3561675,26.17,mH2O,synthetic
2026-09-03T22:45:00,PL-02-DIST,1350-00-01-02,東港所琉球大南線小區,22.3233337,120.3561675,26.92,mH2O,synthetic
2026-09-03T23:00:00,PL-02-DIST,1350-00-01-02,東港所琉球大南線小區,22.3233337,120.3561675,26.98,mH2O,synthetic
2026-09-03T23:15:00,PL-02-DIST,1350-00-01-02,東港所琉球大南線小區,22.3233337,120.3561675,26.57,mH2O,synthetic
2026-09-03T23:30:00,PL-02-DIST,1350-00-01-02,東港所琉球大南線小區,22.3233337,120.3561675,26.65,mH2O,synthetic
2026-09-03T23:45:00,PL-02-DIST,1350-00-01-02,東港所琉球大南線小區,22.3233337,120.3561675,26.82,mH2O,synthetic
2026-09-01T00:00:00,PL-03-IN,1350-00-01-03,東港所琉球上杉線小區,22.3414775,120.3693102,36.27,mH2O,synthetic
2026-09-01T00:15:00,PL-03-IN,1350-00-01-03,東港所琉球上杉線小區,22.3414775,120.3693102,36.44,mH2O,synthetic
2026-09-01T00:30:00,PL-03-IN,1350-00-01-03,東港所琉球上杉線小區,22.3414775,120.3693102,36.43,mH2O,synthetic
2026-09-01T00:45:00,PL-03-IN,1350-00-01-03,東港所琉球上杉線小區,22.3414775,120.3693102,36.58,mH2O,synthetic
2026-09-01T01:00:00,PL-03-IN,1350-00-01-03,東港所琉球上杉線小區,22.3414775,120.3693102,37.05,mH2O,synthetic
2026-09-01T01:15:00,PL-03-IN,1350-00-01-03,東港所琉球上杉線小區,22.3414775,120.3693102,37.07,mH2O,synthetic
2026-09-01T01:30:00,PL-03-IN,1350-00-01-03,東港所琉球上杉線小區,22.3414775,120.3693102,37.35,mH2O,synthetic
2026-09-01T01:45:00,PL-03-IN,1350-00-01-03,東港所琉球上杉線小區,22.3414775,120.3693102,37.51,mH2O,synthetic
2026-09-01T02:00:00,PL-03-IN,1350-00-01-03,東港所琉球上杉線小區,22.3414775,120.3693102,37.84,mH2O,synthetic
2026-09-01T02:15:00,PL-03-IN,1350-00-01-03,東港所琉球上杉線小區,22.3414775,120.3693102,37.85,mH2O,synthetic
2026-09-01T02:30:00,PL-03-IN,1350-00-01-03,東港所琉球上杉線小區,22.3414775,120.3693102,38.19,mH2O,synthetic
2026-09-01T02:45:00,PL-03-IN,1350-00-01-03,東港所琉球上杉線小區,22.3414775,120.3693102,38.1,mH2O,synthetic
2026-09-01T03:00:00,PL-03-IN,1350-00-01-03,東港所琉球上杉線小區,22.3414775,120.3693102,38.29,mH2O,synthetic
2026-09-01T03:15:00,PL-03-IN,1350-00-01-03,東港所琉球上杉線小區,22.3414775,120.3693102,38.35,mH2O,synthetic
2026-09-01T03:30:00,PL-03-IN,1350-00-01-03,東港所琉球上杉線小區,22.3414775,120.3693102,37.68,mH2O,synthetic
2026-09-01T03:45:00,PL-03-IN,1350-00-01-03,東港所琉球上杉線小區,22.3414775,120.3693102,38.08,mH2O,synthetic
2026-09-01T04:00:00,PL-03-IN,1350-00-01-03,東港所琉球上杉線小區,22.3414775,120.3693102,38.1,mH2O,synthetic
2026-09-01T04:15:00,PL-03-IN,1350-00-01-03,東港所琉球上杉線小區,22.3414775,120.3693102,37.3,mH2O,synthetic
2026-09-01T04:30:00,PL-03-IN,1350-00-01-03,東港所琉球上杉線小區,22.3414775,120.3693102,37.27,mH2O,synthetic
2026-09-01T04:45:00,PL-03-IN,1350-00-01-03,東港所琉球上杉線小區,22.3414775,120.3693102,36.93,mH2O,synthetic
2026-09-01T05:00:00,PL-03-IN,1350-00-01-03,東港所琉球上杉線小區,22.3414775,120.3693102,36.8,mH2O,synthetic
2026-09-01T05:15:00,PL-03-IN,1350-00-01-03,東港所琉球上杉線小區,22.3414775,120.3693102,36.46,mH2O,synthetic
2026-09-01T05:30:00,PL-03-IN,1350-00-01-03,東港所琉球上杉線小區,22.3414775,120.3693102,35.81,mH2O,synthetic
2026-09-01T05:45:00,PL-03-IN,1350-00-01-03,東港所琉球上杉線小區,22.3414775,120.3693102,35.79,mH2O,synthetic
2026-09-01T06:00:00,PL-03-IN,1350-00-01-03,東港所琉球上杉線小區,22.3414775,120.3693102,34.82,mH2O,synthetic
2026-09-01T06:15:00,PL-03-IN,1350-00-01-03,東港所琉球上杉線小區,22.3414775,120.3693102,34.46,mH2O,synthetic
2026-09-01T06:30:00,PL-03-IN,1350-00-01-03,東港所琉球上杉線小區,22.3414775,120.3693102,34.2,mH2O,synthetic
2026-09-01T06:45:00,PL-03-IN,1350-00-01-03,東港所琉球上杉線小區,22.3414775,120.3693102,33.93,mH2O,synthetic
2026-09-01T07:00:00,PL-03-IN,1350-00-01-03,東港所琉球上杉線小區,22.3414775,120.3693102,33.0,mH2O,synthetic
2026-09-01T07:15:00,PL-03-IN,1350-00-01-03,東港所琉球上杉線小區,22.3414775,120.3693102,33.02,mH2O,synthetic
2026-09-01T07:30:00,PL-03-IN,1350-00-01-03,東港所琉球上杉線小區,22.3414775,120.3693102,32.79,mH2O,synthetic
2026-09-01T07:45:00,PL-03-IN,1350-00-01-03,東港所琉球上杉線小區,22.3414775,120.3693102,32.46,mH2O,synthetic
2026-09-01T08:00:00,PL-03-IN,1350-00-01-03,東港所琉球上杉線小區,22.3414775,120.3693102,32.82,mH2O,synthetic
2026-09-01T08:15:00,PL-03-IN,1350-00-01-03,東港所琉球上杉線小區,22.3414775,120.3693102,33.1,mH2O,synthetic
2026-09-01T08:30:00,PL-03-IN,1350-00-01-03,東港所琉球上杉線小區,22.3414775,120.3693102,33.66,mH2O,synthetic
2026-09-01T08:45:00,PL-03-IN,1350-00-01-03,東港所琉球上杉線小區,22.3414775,120.3693102,34.12,mH2O,synthetic
2026-09-01T09:00:00,PL-03-IN,1350-00-01-03,東港所琉球上杉線小區,22.3414775,120.3693102,34.64,mH2O,synthetic
2026-09-01T09:15:00,PL-03-IN,1350-00-01-03,東港所琉球上杉線小區,22.3414775,120.3693102,35.28,mH2O,synthetic
2026-09-01T09:30:00,PL-03-IN,1350-00-01-03,東港所琉球上杉線小區,22.3414775,120.3693102,35.4,mH2O,synthetic
2026-09-01T09:45:00,PL-03-IN,1350-00-01-03,東港所琉球上杉線小區,22.3414775,120.3693102,36.13,mH2O,synthetic
2026-09-01T10:00:00,PL-03-IN,1350-00-01-03,東港所琉球上杉線小區,22.3414775,120.3693102,35.66,mH2O,synthetic
2026-09-01T10:15:00,PL-03-IN,1350-00-01-03,東港所琉球上杉線小區,22.3414775,120.3693102,36.0,mH2O,synthetic
2026-09-01T10:30:00,PL-03-IN,1350-00-01-03,東港所琉球上杉線小區,22.3414775,120.3693102,35.99,mH2O,synthetic
2026-09-01T10:45:00,PL-03-IN,1350-00-01-03,東港所琉球上杉線小區,22.3414775,120.3693102,36.28,mH2O,synthetic
2026-09-01T11:00:00,PL-03-IN,1350-00-01-03,東港所琉球上杉線小區,22.3414775,120.3693102,35.89,mH2O,synthetic
2026-09-01T11:15:00,PL-03-IN,1350-00-01-03,東港所琉球上杉線小區,22.3414775,120.3693102,36.17,mH2O,synthetic
2026-09-01T11:30:00,PL-03-IN,1350-00-01-03,東港所琉球上杉線小區,22.3414775,120.3693102,36.35,mH2O,synthetic
2026-09-01T11:45:00,PL-03-IN,1350-00-01-03,東港所琉球上杉線小區,22.3414775,120.3693102,35.84,mH2O,synthetic
2026-09-01T12:00:00,PL-03-IN,1350-00-01-03,東港所琉球上杉線小區,22.3414775,120.3693102,35.98,mH2O,synthetic
2026-09-01T12:15:00,PL-03-IN,1350-00-01-03,東港所琉球上杉線小區,22.3414775,120.3693102,36.11,mH2O,synthetic
2026-09-01T12:30:00,PL-03-IN,1350-00-01-03,東港所琉球上杉線小區,22.3414775,120.3693102,35.9,mH2O,synthetic
2026-09-01T12:45:00,PL-03-IN,1350-00-01-03,東港所琉球上杉線小區,22.3414775,120.3693102,35.81,mH2O,synthetic
2026-09-01T13:00:00,PL-03-IN,1350-00-01-03,東港所琉球上杉線小區,22.3414775,120.3693102,36.4,mH2O,synthetic
2026-09-01T13:15:00,PL-03-IN,1350-00-01-03,東港所琉球上杉線小區,22.3414775,120.3693102,35.95,mH2O,synthetic
2026-09-01T13:30:00,PL-03-IN,1350-00-01-03,東港所琉球上杉線小區,22.3414775,120.3693102,36.38,mH2O,synthetic
2026-09-01T13:45:00,PL-03-IN,1350-00-01-03,東港所琉球上杉線小區,22.3414775,120.3693102,35.88,mH2O,synthetic
2026-09-01T14:00:00,PL-03-IN,1350-00-01-03,東港所琉球上杉線小區,22.3414775,120.3693102,35.95,mH2O,synthetic
2026-09-01T14:15:00,PL-03-IN,1350-00-01-03,東港所琉球上杉線小區,22.3414775,120.3693102,36.16,mH2O,synthetic
2026-09-01T14:30:00,PL-03-IN,1350-00-01-03,東港所琉球上杉線小區,22.3414775,120.3693102,35.93,mH2O,synthetic
2026-09-01T14:45:00,PL-03-IN,1350-00-01-03,東港所琉球上杉線小區,22.3414775,120.3693102,35.76,mH2O,synthetic
2026-09-01T15:00:00,PL-03-IN,1350-00-01-03,東港所琉球上杉線小區,22.3414775,120.3693102,35.77,mH2O,synthetic
2026-09-01T15:15:00,PL-03-IN,1350-00-01-03,東港所琉球上杉線小區,22.3414775,120.3693102,35.95,mH2O,synthetic
2026-09-01T15:30:00,PL-03-IN,1350-00-01-03,東港所琉球上杉線小區,22.3414775,120.3693102,35.68,mH2O,synthetic
2026-09-01T15:45:00,PL-03-IN,1350-00-01-03,東港所琉球上杉線小區,22.3414775,120.3693102,35.75,mH2O,synthetic
2026-09-01T16:00:00,PL-03-IN,1350-00-01-03,東港所琉球上杉線小區,22.3414775,120.3693102,35.1,mH2O,synthetic
2026-09-01T16:15:00,PL-03-IN,1350-00-01-03,東港所琉球上杉線小區,22.3414775,120.3693102,35.3,mH2O,synthetic
2026-09-01T16:30:00,PL-03-IN,1350-00-01-03,東港所琉球上杉線小區,22.3414775,120.3693102,35.16,mH2O,synthetic
2026-09-01T16:45:00,PL-03-IN,1350-00-01-03,東港所琉球上杉線小區,22.3414775,120.3693102,34.82,mH2O,synthetic
2026-09-01T17:00:00,PL-03-IN,1350-00-01-03,東港所琉球上杉線小區,22.3414775,120.3693102,34.38,mH2O,synthetic
2026-09-01T17:15:00,PL-03-IN,1350-00-01-03,東港所琉球上杉線小區,22.3414775,120.3693102,34.04,mH2O,synthetic
2026-09-01T17:30:00,PL-03-IN,1350-00-01-03,東港所琉球上杉線小區,22.3414775,120.3693102,33.85,mH2O,synthetic
2026-09-01T17:45:00,PL-03-IN,1350-00-01-03,東港所琉球上杉線小區,22.3414775,120.3693102,33.76,mH2O,synthetic
2026-09-01T18:00:00,PL-03-IN,1350-00-01-03,東港所琉球上杉線小區,22.3414775,120.3693102,32.73,mH2O,synthetic
2026-09-01T18:15:00,PL-03-IN,1350-00-01-03,東港所琉球上杉線小區,22.3414775,120.3693102,32.64,mH2O,synthetic
2026-09-01T18:30:00,PL-03-IN,1350-00-01-03,東港所琉球上杉線小區,22.3414775,120.3693102,32.65,mH2O,synthetic
2026-09-01T18:45:00,PL-03-IN,1350-00-01-03,東港所琉球上杉線小區,22.3414775,120.3693102,32.33,mH2O,synthetic
2026-09-01T19:00:00,PL-03-IN,1350-00-01-03,東港所琉球上杉線小區,22.3414775,120.3693102,32.18,mH2O,synthetic
2026-09-01T19:15:00,PL-03-IN,1350-00-01-03,東港所琉球上杉線小區,22.3414775,120.3693102,32.16,mH2O,synthetic
2026-09-01T19:30:00,PL-03-IN,1350-00-01-03,東港所琉球上杉線小區,22.3414775,120.3693102,32.43,mH2O,synthetic
2026-09-01T19:45:00,PL-03-IN,1350-00-01-03,東港所琉球上杉線小區,22.3414775,120.3693102,32.68,mH2O,synthetic
2026-09-01T20:00:00,PL-03-IN,1350-00-01-03,東港所琉球上杉線小區,22.3414775,120.3693102,32.56,mH2O,synthetic
2026-09-01T20:15:00,PL-03-IN,1350-00-01-03,東港所琉球上杉線小區,22.3414775,120.3693102,33.27,mH2O,synthetic
2026-09-01T20:30:00,PL-03-IN,1350-00-01-03,東港所琉球上杉線小區,22.3414775,120.3693102,33.41,mH2O,synthetic
2026-09-01T20:45:00,PL-03-IN,1350-00-01-03,東港所琉球上杉線小區,22.3414775,120.3693102,34.52,mH2O,synthetic
2026-09-01T21:00:00,PL-03-IN,1350-00-01-03,東港所琉球上杉線小區,22.3414775,120.3693102,34.78,mH2O,synthetic
2026-09-01T21:15:00,PL-03-IN,1350-00-01-03,東港所琉球上杉線小區,22.3414775,120.3693102,34.75,mH2O,synthetic
2026-09-01T21:30:00,PL-03-IN,1350-00-01-03,東港所琉球上杉線小區,22.3414775,120.3693102,35.38,mH2O,synthetic
2026-09-01T21:45:00,PL-03-IN,1350-00-01-03,東港所琉球上杉線小區,22.3414775,120.3693102,35.96,mH2O,synthetic
2026-09-01T22:00:00,PL-03-IN,1350-00-01-03,東港所琉球上杉線小區,22.3414775,120.3693102,35.46,mH2O,synthetic
2026-09-01T22:15:00,PL-03-IN,1350-00-01-03,東港所琉球上杉線小區,22.3414775,120.3693102,36.01,mH2O,synthetic
2026-09-01T22:30:00,PL-03-IN,1350-00-01-03,東港所琉球上杉線小區,22.3414775,120.3693102,35.9,mH2O,synthetic
2026-09-01T22:45:00,PL-03-IN,1350-00-01-03,東港所琉球上杉線小區,22.3414775,120.3693102,35.83,mH2O,synthetic
2026-09-01T23:00:00,PL-03-IN,1350-00-01-03,東港所琉球上杉線小區,22.3414775,120.3693102,35.69,mH2O,synthetic
2026-09-01T23:15:00,PL-03-IN,1350-00-01-03,東港所琉球上杉線小區,22.3414775,120.3693102,35.84,mH2O,synthetic
2026-09-01T23:30:00,PL-03-IN,1350-00-01-03,東港所琉球上杉線小區,22.3414775,120.3693102,35.89,mH2O,synthetic
2026-09-01T23:45:00,PL-03-IN,1350-00-01-03,東港所琉球上杉線小區,22.3414775,120.3693102,35.48,mH2O,synthetic
2026-09-02T00:00:00,PL-03-IN,1350-00-01-03,東港所琉球上杉線小區,22.3414775,120.3693102,36.5,mH2O,synthetic
2026-09-02T00:15:00,PL-03-IN,1350-00-01-03,東港所琉球上杉線小區,22.3414775,120.3693102,36.43,mH2O,synthetic
2026-09-02T00:30:00,PL-03-IN,1350-00-01-03,東港所琉球上杉線小區,22.3414775,120.3693102,36.75,mH2O,synthetic
2026-09-02T00:45:00,PL-03-IN,1350-00-01-03,東港所琉球上杉線小區,22.3414775,120.3693102,36.71,mH2O,synthetic
2026-09-02T01:00:00,PL-03-IN,1350-00-01-03,東港所琉球上杉線小區,22.3414775,120.3693102,37.65,mH2O,synthetic
2026-09-02T01:15:00,PL-03-IN,1350-00-01-03,東港所琉球上杉線小區,22.3414775,120.3693102,36.81,mH2O,synthetic
2026-09-02T01:30:00,PL-03-IN,1350-00-01-03,東港所琉球上杉線小區,22.3414775,120.3693102,37.17,mH2O,synthetic
2026-09-02T01:45:00,PL-03-IN,1350-00-01-03,東港所琉球上杉線小區,22.3414775,120.3693102,37.72,mH2O,synthetic
2026-09-02T02:00:00,PL-03-IN,1350-00-01-03,東港所琉球上杉線小區,22.3414775,120.3693102,38.26,mH2O,synthetic
2026-09-02T02:15:00,PL-03-IN,1350-00-01-03,東港所琉球上杉線小區,22.3414775,120.3693102,37.67,mH2O,synthetic
2026-09-02T02:30:00,PL-03-IN,1350-00-01-03,東港所琉球上杉線小區,22.3414775,120.3693102,38.41,mH2O,synthetic
2026-09-02T02:45:00,PL-03-IN,1350-00-01-03,東港所琉球上杉線小區,22.3414775,120.3693102,37.87,mH2O,synthetic
2026-09-02T03:00:00,PL-03-IN,1350-00-01-03,東港所琉球上杉線小區,22.3414775,120.3693102,38.38,mH2O,synthetic
2026-09-02T03:15:00,PL-03-IN,1350-00-01-03,東港所琉球上杉線小區,22.3414775,120.3693102,38.09,mH2O,synthetic
2026-09-02T03:30:00,PL-03-IN,1350-00-01-03,東港所琉球上杉線小區,22.3414775,120.3693102,38.49,mH2O,synthetic
2026-09-02T03:45:00,PL-03-IN,1350-00-01-03,東港所琉球上杉線小區,22.3414775,120.3693102,38.27,mH2O,synthetic
2026-09-02T04:00:00,PL-03-IN,1350-00-01-03,東港所琉球上杉線小區,22.3414775,120.3693102,37.57,mH2O,synthetic
2026-09-02T04:15:00,PL-03-IN,1350-00-01-03,東港所琉球上杉線小區,22.3414775,120.3693102,38.16,mH2O,synthetic
2026-09-02T04:30:00,PL-03-IN,1350-00-01-03,東港所琉球上杉線小區,22.3414775,120.3693102,37.03,mH2O,synthetic
2026-09-02T04:45:00,PL-03-IN,1350-00-01-03,東港所琉球上杉線小區,22.3414775,120.3693102,36.94,mH2O,synthetic
2026-09-02T05:00:00,PL-03-IN,1350-00-01-03,東港所琉球上杉線小區,22.3414775,120.3693102,37.1,mH2O,synthetic
2026-09-02T05:15:00,PL-03-IN,1350-00-01-03,東港所琉球上杉線小區,22.3414775,120.3693102,36.19,mH2O,synthetic
2026-09-02T05:30:00,PL-03-IN,1350-00-01-03,東港所琉球上杉線小區,22.3414775,120.3693102,35.81,mH2O,synthetic
2026-09-02T05:45:00,PL-03-IN,1350-00-01-03,東港所琉球上杉線小區,22.3414775,120.3693102,35.53,mH2O,synthetic
2026-09-02T06:00:00,PL-03-IN,1350-00-01-03,東港所琉球上杉線小區,22.3414775,120.3693102,35.11,mH2O,synthetic
2026-09-02T06:15:00,PL-03-IN,1350-00-01-03,東港所琉球上杉線小區,22.3414775,120.3693102,34.58,mH2O,synthetic
2026-09-02T06:30:00,PL-03-IN,1350-00-01-03,東港所琉球上杉線小區,22.3414775,120.3693102,33.81,mH2O,synthetic
2026-09-02T06:45:00,PL-03-IN,1350-00-01-03,東港所琉球上杉線小區,22.3414775,120.3693102,33.54,mH2O,synthetic
2026-09-02T07:00:00,PL-03-IN,1350-00-01-03,東港所琉球上杉線小區,22.3414775,120.3693102,33.25,mH2O,synthetic
2026-09-02T07:15:00,PL-03-IN,1350-00-01-03,東港所琉球上杉線小區,22.3414775,120.3693102,33.18,mH2O,synthetic
2026-09-02T07:30:00,PL-03-IN,1350-00-01-03,東港所琉球上杉線小區,22.3414775,120.3693102,32.82,mH2O,synthetic
2026-09-02T07:45:00,PL-03-IN,1350-00-01-03,東港所琉球上杉線小區,22.3414775,120.3693102,32.53,mH2O,synthetic
2026-09-02T08:00:00,PL-03-IN,1350-00-01-03,東港所琉球上杉線小區,22.3414775,120.3693102,33.03,mH2O,synthetic
2026-09-02T08:15:00,PL-03-IN,1350-00-01-03,東港所琉球上杉線小區,22.3414775,120.3693102,33.23,mH2O,synthetic
2026-09-02T08:30:00,PL-03-IN,1350-00-01-03,東港所琉球上杉線小區,22.3414775,120.3693102,34.06,mH2O,synthetic
2026-09-02T08:45:00,PL-03-IN,1350-00-01-03,東港所琉球上杉線小區,22.3414775,120.3693102,33.84,mH2O,synthetic
2026-09-02T09:00:00,PL-03-IN,1350-00-01-03,東港所琉球上杉線小區,22.3414775,120.3693102,34.76,mH2O,synthetic
2026-09-02T09:15:00,PL-03-IN,1350-00-01-03,東港所琉球上杉線小區,22.3414775,120.3693102,34.77,mH2O,synthetic
2026-09-02T09:30:00,PL-03-IN,1350-00-01-03,東港所琉球上杉線小區,22.3414775,120.3693102,35.59,mH2O,synthetic
2026-09-02T09:45:00,PL-03-IN,1350-00-01-03,東港所琉球上杉線小區,22.3414775,120.3693102,35.71,mH2O,synthetic
2026-09-02T10:00:00,PL-03-IN,1350-00-01-03,東港所琉球上杉線小區,22.3414775,120.3693102,35.76,mH2O,synthetic
2026-09-02T10:15:00,PL-03-IN,1350-00-01-03,東港所琉球上杉線小區,22.3414775,120.3693102,35.94,mH2O,synthetic
2026-09-02T10:30:00,PL-03-IN,1350-00-01-03,東港所琉球上杉線小區,22.3414775,120.3693102,35.83,mH2O,synthetic
2026-09-02T10:45:00,PL-03-IN,1350-00-01-03,東港所琉球上杉線小區,22.3414775,120.3693102,36.1,mH2O,synthetic
2026-09-02T11:00:00,PL-03-IN,1350-00-01-03,東港所琉球上杉線小區,22.3414775,120.3693102,35.96,mH2O,synthetic
2026-09-02T11:15:00,PL-03-IN,1350-00-01-03,東港所琉球上杉線小區,22.3414775,120.3693102,36.15,mH2O,synthetic
2026-09-02T11:30:00,PL-03-IN,1350-00-01-03,東港所琉球上杉線小區,22.3414775,120.3693102,36.01,mH2O,synthetic
2026-09-02T11:45:00,PL-03-IN,1350-00-01-03,東港所琉球上杉線小區,22.3414775,120.3693102,35.45,mH2O,synthetic
2026-09-02T12:00:00,PL-03-IN,1350-00-01-03,東港所琉球上杉線小區,22.3414775,120.3693102,35.89,mH2O,synthetic
2026-09-02T12:15:00,PL-03-IN,1350-00-01-03,東港所琉球上杉線小區,22.3414775,120.3693102,36.33,mH2O,synthetic
2026-09-02T12:30:00,PL-03-IN,1350-00-01-03,東港所琉球上杉線小區,22.3414775,120.3693102,36.32,mH2O,synthetic
2026-09-02T12:45:00,PL-03-IN,1350-00-01-03,東港所琉球上杉線小區,22.3414775,120.3693102,36.02,mH2O,synthetic
2026-09-02T13:00:00,PL-03-IN,1350-00-01-03,東港所琉球上杉線小區,22.3414775,120.3693102,35.97,mH2O,synthetic
2026-09-02T13:15:00,PL-03-IN,1350-00-01-03,東港所琉球上杉線小區,22.3414775,120.3693102,35.93,mH2O,synthetic
2026-09-02T13:30:00,PL-03-IN,1350-00-01-03,東港所琉球上杉線小區,22.3414775,120.3693102,36.14,mH2O,synthetic
2026-09-02T13:45:00,PL-03-IN,1350-00-01-03,東港所琉球上杉線小區,22.3414775,120.3693102,36.12,mH2O,synthetic
2026-09-02T14:00:00,PL-03-IN,1350-00-01-03,東港所琉球上杉線小區,22.3414775,120.3693102,35.78,mH2O,synthetic
2026-09-02T14:15:00,PL-03-IN,1350-00-01-03,東港所琉球上杉線小區,22.3414775,120.3693102,36.13,mH2O,synthetic
2026-09-02T14:30:00,PL-03-IN,1350-00-01-03,東港所琉球上杉線小區,22.3414775,120.3693102,36.25,mH2O,synthetic
2026-09-02T14:45:00,PL-03-IN,1350-00-01-03,東港所琉球上杉線小區,22.3414775,120.3693102,35.75,mH2O,synthetic
2026-09-02T15:00:00,PL-03-IN,1350-00-01-03,東港所琉球上杉線小區,22.3414775,120.3693102,35.89,mH2O,synthetic
2026-09-02T15:15:00,PL-03-IN,1350-00-01-03,東港所琉球上杉線小區,22.3414775,120.3693102,35.99,mH2O,synthetic
2026-09-02T15:30:00,PL-03-IN,1350-00-01-03,東港所琉球上杉線小區,22.3414775,120.3693102,35.98,mH2O,synthetic
2026-09-02T15:45:00,PL-03-IN,1350-00-01-03,東港所琉球上杉線小區,22.3414775,120.3693102,35.64,mH2O,synthetic
2026-09-02T16:00:00,PL-03-IN,1350-00-01-03,東港所琉球上杉線小區,22.3414775,120.3693102,35.48,mH2O,synthetic
2026-09-02T16:15:00,PL-03-IN,1350-00-01-03,東港所琉球上杉線小區,22.3414775,120.3693102,35.32,mH2O,synthetic
2026-09-02T16:30:00,PL-03-IN,1350-00-01-03,東港所琉球上杉線小區,22.3414775,120.3693102,35.29,mH2O,synthetic
2026-09-02T16:45:00,PL-03-IN,1350-00-01-03,東港所琉球上杉線小區,22.3414775,120.3693102,35.02,mH2O,synthetic
2026-09-02T17:00:00,PL-03-IN,1350-00-01-03,東港所琉球上杉線小區,22.3414775,120.3693102,34.6,mH2O,synthetic
2026-09-02T17:15:00,PL-03-IN,1350-00-01-03,東港所琉球上杉線小區,22.3414775,120.3693102,33.93,mH2O,synthetic
2026-09-02T17:30:00,PL-03-IN,1350-00-01-03,東港所琉球上杉線小區,22.3414775,120.3693102,33.6,mH2O,synthetic
2026-09-02T17:45:00,PL-03-IN,1350-00-01-03,東港所琉球上杉線小區,22.3414775,120.3693102,33.57,mH2O,synthetic
2026-09-02T18:00:00,PL-03-IN,1350-00-01-03,東港所琉球上杉線小區,22.3414775,120.3693102,32.77,mH2O,synthetic
2026-09-02T18:15:00,PL-03-IN,1350-00-01-03,東港所琉球上杉線小區,22.3414775,120.3693102,32.75,mH2O,synthetic
2026-09-02T18:30:00,PL-03-IN,1350-00-01-03,東港所琉球上杉線小區,22.3414775,120.3693102,32.35,mH2O,synthetic
2026-09-02T18:45:00,PL-03-IN,1350-00-01-03,東港所琉球上杉線小區,22.3414775,120.3693102,32.13,mH2O,synthetic
2026-09-02T19:00:00,PL-03-IN,1350-00-01-03,東港所琉球上杉線小區,22.3414775,120.3693102,32.21,mH2O,synthetic
2026-09-02T19:15:00,PL-03-IN,1350-00-01-03,東港所琉球上杉線小區,22.3414775,120.3693102,32.63,mH2O,synthetic
2026-09-02T19:30:00,PL-03-IN,1350-00-01-03,東港所琉球上杉線小區,22.3414775,120.3693102,32.49,mH2O,synthetic
2026-09-02T19:45:00,PL-03-IN,1350-00-01-03,東港所琉球上杉線小區,22.3414775,120.3693102,32.63,mH2O,synthetic
2026-09-02T20:00:00,PL-03-IN,1350-00-01-03,東港所琉球上杉線小區,22.3414775,120.3693102,32.72,mH2O,synthetic
2026-09-02T20:15:00,PL-03-IN,1350-00-01-03,東港所琉球上杉線小區,22.3414775,120.3693102,33.54,mH2O,synthetic
2026-09-02T20:30:00,PL-03-IN,1350-00-01-03,東港所琉球上杉線小區,22.3414775,120.3693102,34.08,mH2O,synthetic
2026-09-02T20:45:00,PL-03-IN,1350-00-01-03,東港所琉球上杉線小區,22.3414775,120.3693102,34.37,mH2O,synthetic
2026-09-02T21:00:00,PL-03-IN,1350-00-01-03,東港所琉球上杉線小區,22.3414775,120.3693102,34.86,mH2O,synthetic
2026-09-02T21:15:00,PL-03-IN,1350-00-01-03,東港所琉球上杉線小區,22.3414775,120.3693102,35.03,mH2O,synthetic
2026-09-02T21:30:00,PL-03-IN,1350-00-01-03,東港所琉球上杉線小區,22.3414775,120.3693102,34.92,mH2O,synthetic
2026-09-02T21:45:00,PL-03-IN,1350-00-01-03,東港所琉球上杉線小區,22.3414775,120.3693102,35.42,mH2O,synthetic
2026-09-02T22:00:00,PL-03-IN,1350-00-01-03,東港所琉球上杉線小區,22.3414775,120.3693102,35.71,mH2O,synthetic
2026-09-02T22:15:00,PL-03-IN,1350-00-01-03,東港所琉球上杉線小區,22.3414775,120.3693102,35.89,mH2O,synthetic
2026-09-02T22:30:00,PL-03-IN,1350-00-01-03,東港所琉球上杉線小區,22.3414775,120.3693102,35.71,mH2O,synthetic
2026-09-02T22:45:00,PL-03-IN,1350-00-01-03,東港所琉球上杉線小區,22.3414775,120.3693102,35.87,mH2O,synthetic
2026-09-02T23:00:00,PL-03-IN,1350-00-01-03,東港所琉球上杉線小區,22.3414775,120.3693102,36.01,mH2O,synthetic
2026-09-02T23:15:00,PL-03-IN,1350-00-01-03,東港所琉球上杉線小區,22.3414775,120.3693102,36.24,mH2O,synthetic
2026-09-02T23:30:00,PL-03-IN,1350-00-01-03,東港所琉球上杉線小區,22.3414775,120.3693102,36.2,mH2O,synthetic
2026-09-02T23:45:00,PL-03-IN,1350-00-01-03,東港所琉球上杉線小區,22.3414775,120.3693102,36.13,mH2O,synthetic
2026-09-03T00:00:00,PL-03-IN,1350-00-01-03,東港所琉球上杉線小區,22.3414775,120.3693102,36.47,mH2O,synthetic
2026-09-03T00:15:00,PL-03-IN,1350-00-01-03,東港所琉球上杉線小區,22.3414775,120.3693102,36.28,mH2O,synthetic
2026-09-03T00:30:00,PL-03-IN,1350-00-01-03,東港所琉球上杉線小區,22.3414775,120.3693102,36.4,mH2O,synthetic
2026-09-03T00:45:00,PL-03-IN,1350-00-01-03,東港所琉球上杉線小區,22.3414775,120.3693102,36.79,mH2O,synthetic
2026-09-03T01:00:00,PL-03-IN,1350-00-01-03,東港所琉球上杉線小區,22.3414775,120.3693102,37.22,mH2O,synthetic
2026-09-03T01:15:00,PL-03-IN,1350-00-01-03,東港所琉球上杉線小區,22.3414775,120.3693102,37.26,mH2O,synthetic
2026-09-03T01:30:00,PL-03-IN,1350-00-01-03,東港所琉球上杉線小區,22.3414775,120.3693102,37.5,mH2O,synthetic
2026-09-03T01:45:00,PL-03-IN,1350-00-01-03,東港所琉球上杉線小區,22.3414775,120.3693102,37.23,mH2O,synthetic
2026-09-03T02:00:00,PL-03-IN,1350-00-01-03,東港所琉球上杉線小區,22.3414775,120.3693102,37.42,mH2O,synthetic
2026-09-03T02:15:00,PL-03-IN,1350-00-01-03,東港所琉球上杉線小區,22.3414775,120.3693102,38.13,mH2O,synthetic
2026-09-03T02:30:00,PL-03-IN,1350-00-01-03,東港所琉球上杉線小區,22.3414775,120.3693102,38.0,mH2O,synthetic
2026-09-03T02:45:00,PL-03-IN,1350-00-01-03,東港所琉球上杉線小區,22.3414775,120.3693102,37.79,mH2O,synthetic
2026-09-03T03:00:00,PL-03-IN,1350-00-01-03,東港所琉球上杉線小區,22.3414775,120.3693102,38.29,mH2O,synthetic
2026-09-03T03:15:00,PL-03-IN,1350-00-01-03,東港所琉球上杉線小區,22.3414775,120.3693102,38.13,mH2O,synthetic
2026-09-03T03:30:00,PL-03-IN,1350-00-01-03,東港所琉球上杉線小區,22.3414775,120.3693102,38.65,mH2O,synthetic
2026-09-03T03:45:00,PL-03-IN,1350-00-01-03,東港所琉球上杉線小區,22.3414775,120.3693102,38.15,mH2O,synthetic
2026-09-03T04:00:00,PL-03-IN,1350-00-01-03,東港所琉球上杉線小區,22.3414775,120.3693102,37.79,mH2O,synthetic
2026-09-03T04:15:00,PL-03-IN,1350-00-01-03,東港所琉球上杉線小區,22.3414775,120.3693102,37.48,mH2O,synthetic
2026-09-03T04:30:00,PL-03-IN,1350-00-01-03,東港所琉球上杉線小區,22.3414775,120.3693102,37.33,mH2O,synthetic
2026-09-03T04:45:00,PL-03-IN,1350-00-01-03,東港所琉球上杉線小區,22.3414775,120.3693102,36.98,mH2O,synthetic
2026-09-03T05:00:00,PL-03-IN,1350-00-01-03,東港所琉球上杉線小區,22.3414775,120.3693102,36.38,mH2O,synthetic
2026-09-03T05:15:00,PL-03-IN,1350-00-01-03,東港所琉球上杉線小區,22.3414775,120.3693102,36.55,mH2O,synthetic
2026-09-03T05:30:00,PL-03-IN,1350-00-01-03,東港所琉球上杉線小區,22.3414775,120.3693102,36.01,mH2O,synthetic
2026-09-03T05:45:00,PL-03-IN,1350-00-01-03,東港所琉球上杉線小區,22.3414775,120.3693102,34.9,mH2O,synthetic
2026-09-03T06:00:00,PL-03-IN,1350-00-01-03,東港所琉球上杉線小區,22.3414775,120.3693102,34.87,mH2O,synthetic
2026-09-03T06:15:00,PL-03-IN,1350-00-01-03,東港所琉球上杉線小區,22.3414775,120.3693102,34.31,mH2O,synthetic
2026-09-03T06:30:00,PL-03-IN,1350-00-01-03,東港所琉球上杉線小區,22.3414775,120.3693102,34.19,mH2O,synthetic
2026-09-03T06:45:00,PL-03-IN,1350-00-01-03,東港所琉球上杉線小區,22.3414775,120.3693102,33.49,mH2O,synthetic
2026-09-03T07:00:00,PL-03-IN,1350-00-01-03,東港所琉球上杉線小區,22.3414775,120.3693102,33.44,mH2O,synthetic
2026-09-03T07:15:00,PL-03-IN,1350-00-01-03,東港所琉球上杉線小區,22.3414775,120.3693102,32.5,mH2O,synthetic
2026-09-03T07:30:00,PL-03-IN,1350-00-01-03,東港所琉球上杉線小區,22.3414775,120.3693102,32.51,mH2O,synthetic
2026-09-03T07:45:00,PL-03-IN,1350-00-01-03,東港所琉球上杉線小區,22.3414775,120.3693102,33.04,mH2O,synthetic
2026-09-03T08:00:00,PL-03-IN,1350-00-01-03,東港所琉球上杉線小區,22.3414775,120.3693102,32.88,mH2O,synthetic
2026-09-03T08:15:00,PL-03-IN,1350-00-01-03,東港所琉球上杉線小區,22.3414775,120.3693102,33.13,mH2O,synthetic
2026-09-03T08:30:00,PL-03-IN,1350-00-01-03,東港所琉球上杉線小區,22.3414775,120.3693102,33.66,mH2O,synthetic
2026-09-03T08:45:00,PL-03-IN,1350-00-01-03,東港所琉球上杉線小區,22.3414775,120.3693102,34.04,mH2O,synthetic
2026-09-03T09:00:00,PL-03-IN,1350-00-01-03,東港所琉球上杉線小區,22.3414775,120.3693102,34.75,mH2O,synthetic
2026-09-03T09:15:00,PL-03-IN,1350-00-01-03,東港所琉球上杉線小區,22.3414775,120.3693102,35.25,mH2O,synthetic
2026-09-03T09:30:00,PL-03-IN,1350-00-01-03,東港所琉球上杉線小區,22.3414775,120.3693102,34.96,mH2O,synthetic
2026-09-03T09:45:00,PL-03-IN,1350-00-01-03,東港所琉球上杉線小區,22.3414775,120.3693102,35.48,mH2O,synthetic
2026-09-03T10:00:00,PL-03-IN,1350-00-01-03,東港所琉球上杉線小區,22.3414775,120.3693102,35.72,mH2O,synthetic
2026-09-03T10:15:00,PL-03-IN,1350-00-01-03,東港所琉球上杉線小區,22.3414775,120.3693102,35.85,mH2O,synthetic
2026-09-03T10:30:00,PL-03-IN,1350-00-01-03,東港所琉球上杉線小區,22.3414775,120.3693102,36.09,mH2O,synthetic
2026-09-03T10:45:00,PL-03-IN,1350-00-01-03,東港所琉球上杉線小區,22.3414775,120.3693102,35.97,mH2O,synthetic
2026-09-03T11:00:00,PL-03-IN,1350-00-01-03,東港所琉球上杉線小區,22.3414775,120.3693102,35.84,mH2O,synthetic
2026-09-03T11:15:00,PL-03-IN,1350-00-01-03,東港所琉球上杉線小區,22.3414775,120.3693102,35.74,mH2O,synthetic
2026-09-03T11:30:00,PL-03-IN,1350-00-01-03,東港所琉球上杉線小區,22.3414775,120.3693102,35.59,mH2O,synthetic
2026-09-03T11:45:00,PL-03-IN,1350-00-01-03,東港所琉球上杉線小區,22.3414775,120.3693102,35.92,mH2O,synthetic
2026-09-03T12:00:00,PL-03-IN,1350-00-01-03,東港所琉球上杉線小區,22.3414775,120.3693102,36.0,mH2O,synthetic
2026-09-03T12:15:00,PL-03-IN,1350-00-01-03,東港所琉球上杉線小區,22.3414775,120.3693102,36.2,mH2O,synthetic
2026-09-03T12:30:00,PL-03-IN,1350-00-01-03,東港所琉球上杉線小區,22.3414775,120.3693102,35.92,mH2O,synthetic
2026-09-03T12:45:00,PL-03-IN,1350-00-01-03,東港所琉球上杉線小區,22.3414775,120.3693102,36.51,mH2O,synthetic
2026-09-03T13:00:00,PL-03-IN,1350-00-01-03,東港所琉球上杉線小區,22.3414775,120.3693102,35.98,mH2O,synthetic
2026-09-03T13:15:00,PL-03-IN,1350-00-01-03,東港所琉球上杉線小區,22.3414775,120.3693102,35.89,mH2O,synthetic
2026-09-03T13:30:00,PL-03-IN,1350-00-01-03,東港所琉球上杉線小區,22.3414775,120.3693102,36.08,mH2O,synthetic
2026-09-03T13:45:00,PL-03-IN,1350-00-01-03,東港所琉球上杉線小區,22.3414775,120.3693102,35.78,mH2O,synthetic
2026-09-03T14:00:00,PL-03-IN,1350-00-01-03,東港所琉球上杉線小區,22.3414775,120.3693102,36.04,mH2O,synthetic
2026-09-03T14:15:00,PL-03-IN,1350-00-01-03,東港所琉球上杉線小區,22.3414775,120.3693102,35.53,mH2O,synthetic
2026-09-03T14:30:00,PL-03-IN,1350-00-01-03,東港所琉球上杉線小區,22.3414775,120.3693102,36.12,mH2O,synthetic
2026-09-03T14:45:00,PL-03-IN,1350-00-01-03,東港所琉球上杉線小區,22.3414775,120.3693102,35.97,mH2O,synthetic
2026-09-03T15:00:00,PL-03-IN,1350-00-01-03,東港所琉球上杉線小區,22.3414775,120.3693102,35.98,mH2O,synthetic
2026-09-03T15:15:00,PL-03-IN,1350-00-01-03,東港所琉球上杉線小區,22.3414775,120.3693102,35.92,mH2O,synthetic
2026-09-03T15:30:00,PL-03-IN,1350-00-01-03,東港所琉球上杉線小區,22.3414775,120.3693102,35.54,mH2O,synthetic
2026-09-03T15:45:00,PL-03-IN,1350-00-01-03,東港所琉球上杉線小區,22.3414775,120.3693102,35.53,mH2O,synthetic
2026-09-03T16:00:00,PL-03-IN,1350-00-01-03,東港所琉球上杉線小區,22.3414775,120.3693102,35.94,mH2O,synthetic
2026-09-03T16:15:00,PL-03-IN,1350-00-01-03,東港所琉球上杉線小區,22.3414775,120.3693102,35.54,mH2O,synthetic
2026-09-03T16:30:00,PL-03-IN,1350-00-01-03,東港所琉球上杉線小區,22.3414775,120.3693102,35.07,mH2O,synthetic
2026-09-03T16:45:00,PL-03-IN,1350-00-01-03,東港所琉球上杉線小區,22.3414775,120.3693102,35.02,mH2O,synthetic
2026-09-03T17:00:00,PL-03-IN,1350-00-01-03,東港所琉球上杉線小區,22.3414775,120.3693102,34.69,mH2O,synthetic
2026-09-03T17:15:00,PL-03-IN,1350-00-01-03,東港所琉球上杉線小區,22.3414775,120.3693102,34.66,mH2O,synthetic
2026-09-03T17:30:00,PL-03-IN,1350-00-01-03,東港所琉球上杉線小區,22.3414775,120.3693102,34.08,mH2O,synthetic
2026-09-03T17:45:00,PL-03-IN,1350-00-01-03,東港所琉球上杉線小區,22.3414775,120.3693102,33.52,mH2O,synthetic
2026-09-03T18:00:00,PL-03-IN,1350-00-01-03,東港所琉球上杉線小區,22.3414775,120.3693102,32.94,mH2O,synthetic
2026-09-03T18:15:00,PL-03-IN,1350-00-01-03,東港所琉球上杉線小區,22.3414775,120.3693102,33.09,mH2O,synthetic
2026-09-03T18:30:00,PL-03-IN,1350-00-01-03,東港所琉球上杉線小區,22.3414775,120.3693102,32.41,mH2O,synthetic
2026-09-03T18:45:00,PL-03-IN,1350-00-01-03,東港所琉球上杉線小區,22.3414775,120.3693102,32.07,mH2O,synthetic
2026-09-03T19:00:00,PL-03-IN,1350-00-01-03,東港所琉球上杉線小區,22.3414775,120.3693102,31.93,mH2O,synthetic
2026-09-03T19:15:00,PL-03-IN,1350-00-01-03,東港所琉球上杉線小區,22.3414775,120.3693102,32.07,mH2O,synthetic
2026-09-03T19:30:00,PL-03-IN,1350-00-01-03,東港所琉球上杉線小區,22.3414775,120.3693102,32.35,mH2O,synthetic
2026-09-03T19:45:00,PL-03-IN,1350-00-01-03,東港所琉球上杉線小區,22.3414775,120.3693102,32.87,mH2O,synthetic
2026-09-03T20:00:00,PL-03-IN,1350-00-01-03,東港所琉球上杉線小區,22.3414775,120.3693102,33.24,mH2O,synthetic
2026-09-03T20:15:00,PL-03-IN,1350-00-01-03,東港所琉球上杉線小區,22.3414775,120.3693102,33.68,mH2O,synthetic
2026-09-03T20:30:00,PL-03-IN,1350-00-01-03,東港所琉球上杉線小區,22.3414775,120.3693102,33.87,mH2O,synthetic
2026-09-03T20:45:00,PL-03-IN,1350-00-01-03,東港所琉球上杉線小區,22.3414775,120.3693102,34.42,mH2O,synthetic
2026-09-03T21:00:00,PL-03-IN,1350-00-01-03,東港所琉球上杉線小區,22.3414775,120.3693102,35.1,mH2O,synthetic
2026-09-03T21:15:00,PL-03-IN,1350-00-01-03,東港所琉球上杉線小區,22.3414775,120.3693102,35.13,mH2O,synthetic
2026-09-03T21:30:00,PL-03-IN,1350-00-01-03,東港所琉球上杉線小區,22.3414775,120.3693102,35.56,mH2O,synthetic
2026-09-03T21:45:00,PL-03-IN,1350-00-01-03,東港所琉球上杉線小區,22.3414775,120.3693102,35.09,mH2O,synthetic
2026-09-03T22:00:00,PL-03-IN,1350-00-01-03,東港所琉球上杉線小區,22.3414775,120.3693102,35.44,mH2O,synthetic
2026-09-03T22:15:00,PL-03-IN,1350-00-01-03,東港所琉球上杉線小區,22.3414775,120.3693102,35.56,mH2O,synthetic
2026-09-03T22:30:00,PL-03-IN,1350-00-01-03,東港所琉球上杉線小區,22.3414775,120.3693102,35.23,mH2O,synthetic
2026-09-03T22:45:00,PL-03-IN,1350-00-01-03,東港所琉球上杉線小區,22.3414775,120.3693102,35.9,mH2O,synthetic
2026-09-03T23:00:00,PL-03-IN,1350-00-01-03,東港所琉球上杉線小區,22.3414775,120.3693102,36.24,mH2O,synthetic
2026-09-03T23:15:00,PL-03-IN,1350-00-01-03,東港所琉球上杉線小區,22.3414775,120.3693102,35.84,mH2O,synthetic
2026-09-03T23:30:00,PL-03-IN,1350-00-01-03,東港所琉球上杉線小區,22.3414775,120.3693102,36.02,mH2O,synthetic
2026-09-03T23:45:00,PL-03-IN,1350-00-01-03,東港所琉球上杉線小區,22.3414775,120.3693102,35.8,mH2O,synthetic
2026-09-01T00:00:00,PL-03-MID,1350-00-01-03,東港所琉球上杉線小區,22.343844,120.3660209,32.27,mH2O,synthetic
2026-09-01T00:15:00,PL-03-MID,1350-00-01-03,東港所琉球上杉線小區,22.343844,120.3660209,32.57,mH2O,synthetic
2026-09-01T00:30:00,PL-03-MID,1350-00-01-03,東港所琉球上杉線小區,22.343844,120.3660209,32.38,mH2O,synthetic
2026-09-01T00:45:00,PL-03-MID,1350-00-01-03,東港所琉球上杉線小區,22.343844,120.3660209,33.06,mH2O,synthetic
2026-09-01T01:00:00,PL-03-MID,1350-00-01-03,東港所琉球上杉線小區,22.343844,120.3660209,32.56,mH2O,synthetic
2026-09-01T01:15:00,PL-03-MID,1350-00-01-03,東港所琉球上杉線小區,22.343844,120.3660209,33.25,mH2O,synthetic
2026-09-01T01:30:00,PL-03-MID,1350-00-01-03,東港所琉球上杉線小區,22.343844,120.3660209,33.26,mH2O,synthetic
2026-09-01T01:45:00,PL-03-MID,1350-00-01-03,東港所琉球上杉線小區,22.343844,120.3660209,33.89,mH2O,synthetic
2026-09-01T02:00:00,PL-03-MID,1350-00-01-03,東港所琉球上杉線小區,22.343844,120.3660209,33.91,mH2O,synthetic
2026-09-01T02:15:00,PL-03-MID,1350-00-01-03,東港所琉球上杉線小區,22.343844,120.3660209,33.43,mH2O,synthetic
2026-09-01T02:30:00,PL-03-MID,1350-00-01-03,東港所琉球上杉線小區,22.343844,120.3660209,33.47,mH2O,synthetic
2026-09-01T02:45:00,PL-03-MID,1350-00-01-03,東港所琉球上杉線小區,22.343844,120.3660209,33.85,mH2O,synthetic
2026-09-01T03:00:00,PL-03-MID,1350-00-01-03,東港所琉球上杉線小區,22.343844,120.3660209,33.99,mH2O,synthetic
2026-09-01T03:15:00,PL-03-MID,1350-00-01-03,東港所琉球上杉線小區,22.343844,120.3660209,34.03,mH2O,synthetic
2026-09-01T03:30:00,PL-03-MID,1350-00-01-03,東港所琉球上杉線小區,22.343844,120.3660209,34.0,mH2O,synthetic
2026-09-01T03:45:00,PL-03-MID,1350-00-01-03,東港所琉球上杉線小區,22.343844,120.3660209,34.02,mH2O,synthetic
2026-09-01T04:00:00,PL-03-MID,1350-00-01-03,東港所琉球上杉線小區,22.343844,120.3660209,33.41,mH2O,synthetic
2026-09-01T04:15:00,PL-03-MID,1350-00-01-03,東港所琉球上杉線小區,22.343844,120.3660209,33.11,mH2O,synthetic
2026-09-01T04:30:00,PL-03-MID,1350-00-01-03,東港所琉球上杉線小區,22.343844,120.3660209,33.33,mH2O,synthetic
2026-09-01T04:45:00,PL-03-MID,1350-00-01-03,東港所琉球上杉線小區,22.343844,120.3660209,32.93,mH2O,synthetic
2026-09-01T05:00:00,PL-03-MID,1350-00-01-03,東港所琉球上杉線小區,22.343844,120.3660209,32.68,mH2O,synthetic
2026-09-01T05:15:00,PL-03-MID,1350-00-01-03,東港所琉球上杉線小區,22.343844,120.3660209,32.21,mH2O,synthetic
2026-09-01T05:30:00,PL-03-MID,1350-00-01-03,東港所琉球上杉線小區,22.343844,120.3660209,31.91,mH2O,synthetic
2026-09-01T05:45:00,PL-03-MID,1350-00-01-03,東港所琉球上杉線小區,22.343844,120.3660209,31.83,mH2O,synthetic
2026-09-01T06:00:00,PL-03-MID,1350-00-01-03,東港所琉球上杉線小區,22.343844,120.3660209,30.66,mH2O,synthetic
2026-09-01T06:15:00,PL-03-MID,1350-00-01-03,東港所琉球上杉線小區,22.343844,120.3660209,30.22,mH2O,synthetic
2026-09-01T06:30:00,PL-03-MID,1350-00-01-03,東港所琉球上杉線小區,22.343844,120.3660209,30.12,mH2O,synthetic
2026-09-01T06:45:00,PL-03-MID,1350-00-01-03,東港所琉球上杉線小區,22.343844,120.3660209,29.84,mH2O,synthetic
2026-09-01T07:00:00,PL-03-MID,1350-00-01-03,東港所琉球上杉線小區,22.343844,120.3660209,29.06,mH2O,synthetic
2026-09-01T07:15:00,PL-03-MID,1350-00-01-03,東港所琉球上杉線小區,22.343844,120.3660209,28.57,mH2O,synthetic
2026-09-01T07:30:00,PL-03-MID,1350-00-01-03,東港所琉球上杉線小區,22.343844,120.3660209,28.31,mH2O,synthetic
2026-09-01T07:45:00,PL-03-MID,1350-00-01-03,東港所琉球上杉線小區,22.343844,120.3660209,28.87,mH2O,synthetic
2026-09-01T08:00:00,PL-03-MID,1350-00-01-03,東港所琉球上杉線小區,22.343844,120.3660209,28.75,mH2O,synthetic
2026-09-01T08:15:00,PL-03-MID,1350-00-01-03,東港所琉球上杉線小區,22.343844,120.3660209,29.84,mH2O,synthetic
2026-09-01T08:30:00,PL-03-MID,1350-00-01-03,東港所琉球上杉線小區,22.343844,120.3660209,30.29,mH2O,synthetic
2026-09-01T08:45:00,PL-03-MID,1350-00-01-03,東港所琉球上杉線小區,22.343844,120.3660209,30.26,mH2O,synthetic
2026-09-01T09:00:00,PL-03-MID,1350-00-01-03,東港所琉球上杉線小區,22.343844,120.3660209,30.74,mH2O,synthetic
2026-09-01T09:15:00,PL-03-MID,1350-00-01-03,東港所琉球上杉線小區,22.343844,120.3660209,30.98,mH2O,synthetic
2026-09-01T09:30:00,PL-03-MID,1350-00-01-03,東港所琉球上杉線小區,22.343844,120.3660209,31.56,mH2O,synthetic
2026-09-01T09:45:00,PL-03-MID,1350-00-01-03,東港所琉球上杉線小區,22.343844,120.3660209,31.54,mH2O,synthetic
2026-09-01T10:00:00,PL-03-MID,1350-00-01-03,東港所琉球上杉線小區,22.343844,120.3660209,31.73,mH2O,synthetic
2026-09-01T10:15:00,PL-03-MID,1350-00-01-03,東港所琉球上杉線小區,22.343844,120.3660209,32.13,mH2O,synthetic
2026-09-01T10:30:00,PL-03-MID,1350-00-01-03,東港所琉球上杉線小區,22.343844,120.3660209,32.04,mH2O,synthetic
2026-09-01T10:45:00,PL-03-MID,1350-00-01-03,東港所琉球上杉線小區,22.343844,120.3660209,32.42,mH2O,synthetic
2026-09-01T11:00:00,PL-03-MID,1350-00-01-03,東港所琉球上杉線小區,22.343844,120.3660209,31.61,mH2O,synthetic
2026-09-01T11:15:00,PL-03-MID,1350-00-01-03,東港所琉球上杉線小區,22.343844,120.3660209,31.86,mH2O,synthetic
2026-09-01T11:30:00,PL-03-MID,1350-00-01-03,東港所琉球上杉線小區,22.343844,120.3660209,31.79,mH2O,synthetic
2026-09-01T11:45:00,PL-03-MID,1350-00-01-03,東港所琉球上杉線小區,22.343844,120.3660209,32.18,mH2O,synthetic
2026-09-01T12:00:00,PL-03-MID,1350-00-01-03,東港所琉球上杉線小區,22.343844,120.3660209,31.89,mH2O,synthetic
2026-09-01T12:15:00,PL-03-MID,1350-00-01-03,東港所琉球上杉線小區,22.343844,120.3660209,32.13,mH2O,synthetic
2026-09-01T12:30:00,PL-03-MID,1350-00-01-03,東港所琉球上杉線小區,22.343844,120.3660209,31.74,mH2O,synthetic
2026-09-01T12:45:00,PL-03-MID,1350-00-01-03,東港所琉球上杉線小區,22.343844,120.3660209,31.98,mH2O,synthetic
2026-09-01T13:00:00,PL-03-MID,1350-00-01-03,東港所琉球上杉線小區,22.343844,120.3660209,32.5,mH2O,synthetic
2026-09-01T13:15:00,PL-03-MID,1350-00-01-03,東港所琉球上杉線小區,22.343844,120.3660209,32.36,mH2O,synthetic
2026-09-01T13:30:00,PL-03-MID,1350-00-01-03,東港所琉球上杉線小區,22.343844,120.3660209,31.58,mH2O,synthetic
2026-09-01T13:45:00,PL-03-MID,1350-00-01-03,東港所琉球上杉線小區,22.343844,120.3660209,32.08,mH2O,synthetic
2026-09-01T14:00:00,PL-03-MID,1350-00-01-03,東港所琉球上杉線小區,22.343844,120.3660209,32.17,mH2O,synthetic
2026-09-01T14:15:00,PL-03-MID,1350-00-01-03,東港所琉球上杉線小區,22.343844,120.3660209,31.88,mH2O,synthetic
2026-09-01T14:30:00,PL-03-MID,1350-00-01-03,東港所琉球上杉線小區,22.343844,120.3660209,31.73,mH2O,synthetic
2026-09-01T14:45:00,PL-03-MID,1350-00-01-03,東港所琉球上杉線小區,22.343844,120.3660209,32.1,mH2O,synthetic
2026-09-01T15:00:00,PL-03-MID,1350-00-01-03,東港所琉球上杉線小區,22.343844,120.3660209,31.95,mH2O,synthetic
2026-09-01T15:15:00,PL-03-MID,1350-00-01-03,東港所琉球上杉線小區,22.343844,120.3660209,32.01,mH2O,synthetic
2026-09-01T15:30:00,PL-03-MID,1350-00-01-03,東港所琉球上杉線小區,22.343844,120.3660209,31.79,mH2O,synthetic
2026-09-01T15:45:00,PL-03-MID,1350-00-01-03,東港所琉球上杉線小區,22.343844,120.3660209,32.24,mH2O,synthetic
2026-09-01T16:00:00,PL-03-MID,1350-00-01-03,東港所琉球上杉線小區,22.343844,120.3660209,31.4,mH2O,synthetic
2026-09-01T16:15:00,PL-03-MID,1350-00-01-03,東港所琉球上杉線小區,22.343844,120.3660209,31.32,mH2O,synthetic
2026-09-01T16:30:00,PL-03-MID,1350-00-01-03,東港所琉球上杉線小區,22.343844,120.3660209,31.32,mH2O,synthetic
2026-09-01T16:45:00,PL-03-MID,1350-00-01-03,東港所琉球上杉線小區,22.343844,120.3660209,31.09,mH2O,synthetic
2026-09-01T17:00:00,PL-03-MID,1350-00-01-03,東港所琉球上杉線小區,22.343844,120.3660209,30.3,mH2O,synthetic
2026-09-01T17:15:00,PL-03-MID,1350-00-01-03,東港所琉球上杉線小區,22.343844,120.3660209,30.52,mH2O,synthetic
2026-09-01T17:30:00,PL-03-MID,1350-00-01-03,東港所琉球上杉線小區,22.343844,120.3660209,29.51,mH2O,synthetic
2026-09-01T17:45:00,PL-03-MID,1350-00-01-03,東港所琉球上杉線小區,22.343844,120.3660209,29.43,mH2O,synthetic
2026-09-01T18:00:00,PL-03-MID,1350-00-01-03,東港所琉球上杉線小區,22.343844,120.3660209,28.97,mH2O,synthetic
2026-09-01T18:15:00,PL-03-MID,1350-00-01-03,東港所琉球上杉線小區,22.343844,120.3660209,28.54,mH2O,synthetic
2026-09-01T18:30:00,PL-03-MID,1350-00-01-03,東港所琉球上杉線小區,22.343844,120.3660209,28.68,mH2O,synthetic
2026-09-01T18:45:00,PL-03-MID,1350-00-01-03,東港所琉球上杉線小區,22.343844,120.3660209,27.74,mH2O,synthetic
2026-09-01T19:00:00,PL-03-MID,1350-00-01-03,東港所琉球上杉線小區,22.343844,120.3660209,28.04,mH2O,synthetic
2026-09-01T19:15:00,PL-03-MID,1350-00-01-03,東港所琉球上杉線小區,22.343844,120.3660209,28.06,mH2O,synthetic
2026-09-01T19:30:00,PL-03-MID,1350-00-01-03,東港所琉球上杉線小區,22.343844,120.3660209,28.62,mH2O,synthetic
2026-09-01T19:45:00,PL-03-MID,1350-00-01-03,東港所琉球上杉線小區,22.343844,120.3660209,29.04,mH2O,synthetic
2026-09-01T20:00:00,PL-03-MID,1350-00-01-03,東港所琉球上杉線小區,22.343844,120.3660209,29.21,mH2O,synthetic
2026-09-01T20:15:00,PL-03-MID,1350-00-01-03,東港所琉球上杉線小區,22.343844,120.3660209,29.74,mH2O,synthetic
2026-09-01T20:30:00,PL-03-MID,1350-00-01-03,東港所琉球上杉線小區,22.343844,120.3660209,29.35,mH2O,synthetic
2026-09-01T20:45:00,PL-03-MID,1350-00-01-03,東港所琉球上杉線小區,22.343844,120.3660209,30.27,mH2O,synthetic
2026-09-01T21:00:00,PL-03-MID,1350-00-01-03,東港所琉球上杉線小區,22.343844,120.3660209,30.3,mH2O,synthetic
2026-09-01T21:15:00,PL-03-MID,1350-00-01-03,東港所琉球上杉線小區,22.343844,120.3660209,30.85,mH2O,synthetic
2026-09-01T21:30:00,PL-03-MID,1350-00-01-03,東港所琉球上杉線小區,22.343844,120.3660209,31.26,mH2O,synthetic
2026-09-01T21:45:00,PL-03-MID,1350-00-01-03,東港所琉球上杉線小區,22.343844,120.3660209,31.45,mH2O,synthetic
2026-09-01T22:00:00,PL-03-MID,1350-00-01-03,東港所琉球上杉線小區,22.343844,120.3660209,31.9,mH2O,synthetic
2026-09-01T22:15:00,PL-03-MID,1350-00-01-03,東港所琉球上杉線小區,22.343844,120.3660209,31.29,mH2O,synthetic
2026-09-01T22:30:00,PL-03-MID,1350-00-01-03,東港所琉球上杉線小區,22.343844,120.3660209,31.64,mH2O,synthetic
2026-09-01T22:45:00,PL-03-MID,1350-00-01-03,東港所琉球上杉線小區,22.343844,120.3660209,31.56,mH2O,synthetic
2026-09-01T23:00:00,PL-03-MID,1350-00-01-03,東港所琉球上杉線小區,22.343844,120.3660209,31.57,mH2O,synthetic
2026-09-01T23:15:00,PL-03-MID,1350-00-01-03,東港所琉球上杉線小區,22.343844,120.3660209,32.18,mH2O,synthetic
2026-09-01T23:30:00,PL-03-MID,1350-00-01-03,東港所琉球上杉線小區,22.343844,120.3660209,32.02,mH2O,synthetic
2026-09-01T23:45:00,PL-03-MID,1350-00-01-03,東港所琉球上杉線小區,22.343844,120.3660209,32.33,mH2O,synthetic
2026-09-02T00:00:00,PL-03-MID,1350-00-01-03,東港所琉球上杉線小區,22.343844,120.3660209,32.64,mH2O,synthetic
2026-09-02T00:15:00,PL-03-MID,1350-00-01-03,東港所琉球上杉線小區,22.343844,120.3660209,32.52,mH2O,synthetic
2026-09-02T00:30:00,PL-03-MID,1350-00-01-03,東港所琉球上杉線小區,22.343844,120.3660209,32.43,mH2O,synthetic
2026-09-02T00:45:00,PL-03-MID,1350-00-01-03,東港所琉球上杉線小區,22.343844,120.3660209,33.02,mH2O,synthetic
2026-09-02T01:00:00,PL-03-MID,1350-00-01-03,東港所琉球上杉線小區,22.343844,120.3660209,32.83,mH2O,synthetic
2026-09-02T01:15:00,PL-03-MID,1350-00-01-03,東港所琉球上杉線小區,22.343844,120.3660209,32.91,mH2O,synthetic
2026-09-02T01:30:00,PL-03-MID,1350-00-01-03,東港所琉球上杉線小區,22.343844,120.3660209,33.12,mH2O,synthetic
2026-09-02T01:45:00,PL-03-MID,1350-00-01-03,東港所琉球上杉線小區,22.343844,120.3660209,33.59,mH2O,synthetic
2026-09-02T02:00:00,PL-03-MID,1350-00-01-03,東港所琉球上杉線小區,22.343844,120.3660209,34.02,mH2O,synthetic
2026-09-02T02:15:00,PL-03-MID,1350-00-01-03,東港所琉球上杉線小區,22.343844,120.3660209,33.9,mH2O,synthetic
2026-09-02T02:30:00,PL-03-MID,1350-00-01-03,東港所琉球上杉線小區,22.343844,120.3660209,34.27,mH2O,synthetic
2026-09-02T02:45:00,PL-03-MID,1350-00-01-03,東港所琉球上杉線小區,22.343844,120.3660209,34.09,mH2O,synthetic
2026-09-02T03:00:00,PL-03-MID,1350-00-01-03,東港所琉球上杉線小區,22.343844,120.3660209,34.0,mH2O,synthetic
2026-09-02T03:15:00,PL-03-MID,1350-00-01-03,東港所琉球上杉線小區,22.343844,120.3660209,34.67,mH2O,synthetic
2026-09-02T03:30:00,PL-03-MID,1350-00-01-03,東港所琉球上杉線小區,22.343844,120.3660209,34.4,mH2O,synthetic
2026-09-02T03:45:00,PL-03-MID,1350-00-01-03,東港所琉球上杉線小區,22.343844,120.3660209,33.92,mH2O,synthetic
2026-09-02T04:00:00,PL-03-MID,1350-00-01-03,東港所琉球上杉線小區,22.343844,120.3660209,33.53,mH2O,synthetic
2026-09-02T04:15:00,PL-03-MID,1350-00-01-03,東港所琉球上杉線小區,22.343844,120.3660209,33.16,mH2O,synthetic
2026-09-02T04:30:00,PL-03-MID,1350-00-01-03,東港所琉球上杉線小區,22.343844,120.3660209,33.36,mH2O,synthetic
2026-09-02T04:45:00,PL-03-MID,1350-00-01-03,東港所琉球上杉線小區,22.343844,120.3660209,32.95,mH2O,synthetic
2026-09-02T05:00:00,PL-03-MID,1350-00-01-03,東港所琉球上杉線小區,22.343844,120.3660209,32.8,mH2O,synthetic
2026-09-02T05:15:00,PL-03-MID,1350-00-01-03,東港所琉球上杉線小區,22.343844,120.3660209,32.42,mH2O,synthetic
2026-09-02T05:30:00,PL-03-MID,1350-00-01-03,東港所琉球上杉線小區,22.343844,120.3660209,32.05,mH2O,synthetic
2026-09-02T05:45:00,PL-03-MID,1350-00-01-03,東港所琉球上杉線小區,22.343844,120.3660209,31.76,mH2O,synthetic
2026-09-02T06:00:00,PL-03-MID,1350-00-01-03,東港所琉球上杉線小區,22.343844,120.3660209,31.08,mH2O,synthetic
2026-09-02T06:15:00,PL-03-MID,1350-00-01-03,東港所琉球上杉線小區,22.343844,120.3660209,30.33,mH2O,synthetic
2026-09-02T06:30:00,PL-03-MID,1350-00-01-03,東港所琉球上杉線小區,22.343844,120.3660209,29.8,mH2O,synthetic
2026-09-02T06:45:00,PL-03-MID,1350-00-01-03,東港所琉球上杉線小區,22.343844,120.3660209,29.63,mH2O,synthetic
2026-09-02T07:00:00,PL-03-MID,1350-00-01-03,東港所琉球上杉線小區,22.343844,120.3660209,28.87,mH2O,synthetic
2026-09-02T07:15:00,PL-03-MID,1350-00-01-03,東港所琉球上杉線小區,22.343844,120.3660209,29.01,mH2O,synthetic
2026-09-02T07:30:00,PL-03-MID,1350-00-01-03,東港所琉球上杉線小區,22.343844,120.3660209,28.9,mH2O,synthetic
2026-09-02T07:45:00,PL-03-MID,1350-00-01-03,東港所琉球上杉線小區,22.343844,120.3660209,28.8,mH2O,synthetic
2026-09-02T08:00:00,PL-03-MID,1350-00-01-03,東港所琉球上杉線小區,22.343844,120.3660209,28.85,mH2O,synthetic
2026-09-02T08:15:00,PL-03-MID,1350-00-01-03,東港所琉球上杉線小區,22.343844,120.3660209,28.97,mH2O,synthetic
2026-09-02T08:30:00,PL-03-MID,1350-00-01-03,東港所琉球上杉線小區,22.343844,120.3660209,29.53,mH2O,synthetic
2026-09-02T08:45:00,PL-03-MID,1350-00-01-03,東港所琉球上杉線小區,22.343844,120.3660209,29.85,mH2O,synthetic
2026-09-02T09:00:00,PL-03-MID,1350-00-01-03,東港所琉球上杉線小區,22.343844,120.3660209,30.64,mH2O,synthetic
2026-09-02T09:15:00,PL-03-MID,1350-00-01-03,東港所琉球上杉線小區,22.343844,120.3660209,30.91,mH2O,synthetic
2026-09-02T09:30:00,PL-03-MID,1350-00-01-03,東港所琉球上杉線小區,22.343844,120.3660209,31.11,mH2O,synthetic
2026-09-02T09:45:00,PL-03-MID,1350-00-01-03,東港所琉球上杉線小區,22.343844,120.3660209,31.74,mH2O,synthetic
2026-09-02T10:00:00,PL-03-MID,1350-00-01-03,東港所琉球上杉線小區,22.343844,120.3660209,31.74,mH2O,synthetic
2026-09-02T10:15:00,PL-03-MID,1350-00-01-03,東港所琉球上杉線小區,22.343844,120.3660209,31.84,mH2O,synthetic
2026-09-02T10:30:00,PL-03-MID,1350-00-01-03,東港所琉球上杉線小區,22.343844,120.3660209,32.02,mH2O,synthetic
2026-09-02T10:45:00,PL-03-MID,1350-00-01-03,東港所琉球上杉線小區,22.343844,120.3660209,32.17,mH2O,synthetic
2026-09-02T11:00:00,PL-03-MID,1350-00-01-03,東港所琉球上杉線小區,22.343844,120.3660209,31.62,mH2O,synthetic
2026-09-02T11:15:00,PL-03-MID,1350-00-01-03,東港所琉球上杉線小區,22.343844,120.3660209,32.14,mH2O,synthetic
2026-09-02T11:30:00,PL-03-MID,1350-00-01-03,東港所琉球上杉線小區,22.343844,120.3660209,31.6,mH2O,synthetic
2026-09-02T11:45:00,PL-03-MID,1350-00-01-03,東港所琉球上杉線小區,22.343844,120.3660209,31.82,mH2O,synthetic
2026-09-02T12:00:00,PL-03-MID,1350-00-01-03,東港所琉球上杉線小區,22.343844,120.3660209,32.22,mH2O,synthetic
2026-09-02T12:15:00,PL-03-MID,1350-00-01-03,東港所琉球上杉線小區,22.343844,120.3660209,32.15,mH2O,synthetic
2026-09-02T12:30:00,PL-03-MID,1350-00-01-03,東港所琉球上杉線小區,22.343844,120.3660209,32.15,mH2O,synthetic
2026-09-02T12:45:00,PL-03-MID,1350-00-01-03,東港所琉球上杉線小區,22.343844,120.3660209,32.04,mH2O,synthetic
2026-09-02T13:00:00,PL-03-MID,1350-00-01-03,東港所琉球上杉線小區,22.343844,120.3660209,32.31,mH2O,synthetic
2026-09-02T13:15:00,PL-03-MID,1350-00-01-03,東港所琉球上杉線小區,22.343844,120.3660209,31.66,mH2O,synthetic
2026-09-02T13:30:00,PL-03-MID,1350-00-01-03,東港所琉球上杉線小區,22.343844,120.3660209,31.93,mH2O,synthetic
2026-09-02T13:45:00,PL-03-MID,1350-00-01-03,東港所琉球上杉線小區,22.343844,120.3660209,32.01,mH2O,synthetic
2026-09-02T14:00:00,PL-03-MID,1350-00-01-03,東港所琉球上杉線小區,22.343844,120.3660209,32.44,mH2O,synthetic
2026-09-02T14:15:00,PL-03-MID,1350-00-01-03,東港所琉球上杉線小區,22.343844,120.3660209,32.21,mH2O,synthetic
2026-09-02T14:30:00,PL-03-MID,1350-00-01-03,東港所琉球上杉線小區,22.343844,120.3660209,32.2,mH2O,synthetic
2026-09-02T14:45:00,PL-03-MID,1350-00-01-03,東港所琉球上杉線小區,22.343844,120.3660209,31.79,mH2O,synthetic
2026-09-02T15:00:00,PL-03-MID,1350-00-01-03,東港所琉球上杉線小區,22.343844,120.3660209,32.43,mH2O,synthetic
2026-09-02T15:15:00,PL-03-MID,1350-00-01-03,東港所琉球上杉線小區,22.343844,120.3660209,31.99,mH2O,synthetic
2026-09-02T15:30:00,PL-03-MID,1350-00-01-03,東港所琉球上杉線小區,22.343844,120.3660209,31.6,mH2O,synthetic
2026-09-02T15:45:00,PL-03-MID,1350-00-01-03,東港所琉球上杉線小區,22.343844,120.3660209,32.24,mH2O,synthetic
2026-09-02T16:00:00,PL-03-MID,1350-00-01-03,東港所琉球上杉線小區,22.343844,120.3660209,31.29,mH2O,synthetic
2026-09-02T16:15:00,PL-03-MID,1350-00-01-03,東港所琉球上杉線小區,22.343844,120.3660209,31.24,mH2O,synthetic
2026-09-02T16:30:00,PL-03-MID,1350-00-01-03,東港所琉球上杉線小區,22.343844,120.3660209,31.15,mH2O,synthetic
2026-09-02T16:45:00,PL-03-MID,1350-00-01-03,東港所琉球上杉線小區,22.343844,120.3660209,30.71,mH2O,synthetic
2026-09-02T17:00:00,PL-03-MID,1350-00-01-03,東港所琉球上杉線小區,22.343844,120.3660209,30.72,mH2O,synthetic
2026-09-02T17:15:00,PL-03-MID,1350-00-01-03,東港所琉球上杉線小區,22.343844,120.3660209,30.29,mH2O,synthetic
2026-09-02T17:30:00,PL-03-MID,1350-00-01-03,東港所琉球上杉線小區,22.343844,120.3660209,29.86,mH2O,synthetic
2026-09-02T17:45:00,PL-03-MID,1350-00-01-03,東港所琉球上杉線小區,22.343844,120.3660209,29.85,mH2O,synthetic
2026-09-02T18:00:00,PL-03-MID,1350-00-01-03,東港所琉球上杉線小區,22.343844,120.3660209,28.68,mH2O,synthetic
2026-09-02T18:15:00,PL-03-MID,1350-00-01-03,東港所琉球上杉線小區,22.343844,120.3660209,29.0,mH2O,synthetic
2026-09-02T18:30:00,PL-03-MID,1350-00-01-03,東港所琉球上杉線小區,22.343844,120.3660209,28.25,mH2O,synthetic
2026-09-02T18:45:00,PL-03-MID,1350-00-01-03,東港所琉球上杉線小區,22.343844,120.3660209,28.58,mH2O,synthetic
2026-09-02T19:00:00,PL-03-MID,1350-00-01-03,東港所琉球上杉線小區,22.343844,120.3660209,28.62,mH2O,synthetic
2026-09-02T19:15:00,PL-03-MID,1350-00-01-03,東港所琉球上杉線小區,22.343844,120.3660209,28.77,mH2O,synthetic
2026-09-02T19:30:00,PL-03-MID,1350-00-01-03,東港所琉球上杉線小區,22.343844,120.3660209,28.39,mH2O,synthetic
2026-09-02T19:45:00,PL-03-MID,1350-00-01-03,東港所琉球上杉線小區,22.343844,120.3660209,28.44,mH2O,synthetic
2026-09-02T20:00:00,PL-03-MID,1350-00-01-03,東港所琉球上杉線小區,22.343844,120.3660209,29.11,mH2O,synthetic
2026-09-02T20:15:00,PL-03-MID,1350-00-01-03,東港所琉球上杉線小區,22.343844,120.3660209,29.42,mH2O,synthetic
2026-09-02T20:30:00,PL-03-MID,1350-00-01-03,東港所琉球上杉線小區,22.343844,120.3660209,29.45,mH2O,synthetic
2026-09-02T20:45:00,PL-03-MID,1350-00-01-03,東港所琉球上杉線小區,22.343844,120.3660209,30.39,mH2O,synthetic
2026-09-02T21:00:00,PL-03-MID,1350-00-01-03,東港所琉球上杉線小區,22.343844,120.3660209,30.4,mH2O,synthetic
2026-09-02T21:15:00,PL-03-MID,1350-00-01-03,東港所琉球上杉線小區,22.343844,120.3660209,31.25,mH2O,synthetic
2026-09-02T21:30:00,PL-03-MID,1350-00-01-03,東港所琉球上杉線小區,22.343844,120.3660209,31.42,mH2O,synthetic
2026-09-02T21:45:00,PL-03-MID,1350-00-01-03,東港所琉球上杉線小區,22.343844,120.3660209,31.36,mH2O,synthetic
2026-09-02T22:00:00,PL-03-MID,1350-00-01-03,東港所琉球上杉線小區,22.343844,120.3660209,31.61,mH2O,synthetic
2026-09-02T22:15:00,PL-03-MID,1350-00-01-03,東港所琉球上杉線小區,22.343844,120.3660209,31.68,mH2O,synthetic
2026-09-02T22:30:00,PL-03-MID,1350-00-01-03,東港所琉球上杉線小區,22.343844,120.3660209,31.72,mH2O,synthetic
2026-09-02T22:45:00,PL-03-MID,1350-00-01-03,東港所琉球上杉線小區,22.343844,120.3660209,32.57,mH2O,synthetic
2026-09-02T23:00:00,PL-03-MID,1350-00-01-03,東港所琉球上杉線小區,22.343844,120.3660209,31.72,mH2O,synthetic
2026-09-02T23:15:00,PL-03-MID,1350-00-01-03,東港所琉球上杉線小區,22.343844,120.3660209,31.97,mH2O,synthetic
2026-09-02T23:30:00,PL-03-MID,1350-00-01-03,東港所琉球上杉線小區,22.343844,120.3660209,32.19,mH2O,synthetic
2026-09-02T23:45:00,PL-03-MID,1350-00-01-03,東港所琉球上杉線小區,22.343844,120.3660209,31.9,mH2O,synthetic
2026-09-03T00:00:00,PL-03-MID,1350-00-01-03,東港所琉球上杉線小區,22.343844,120.3660209,32.24,mH2O,synthetic
2026-09-03T00:15:00,PL-03-MID,1350-00-01-03,東港所琉球上杉線小區,22.343844,120.3660209,32.21,mH2O,synthetic
2026-09-03T00:30:00,PL-03-MID,1350-00-01-03,東港所琉球上杉線小區,22.343844,120.3660209,32.91,mH2O,synthetic
2026-09-03T00:45:00,PL-03-MID,1350-00-01-03,東港所琉球上杉線小區,22.343844,120.3660209,32.96,mH2O,synthetic
2026-09-03T01:00:00,PL-03-MID,1350-00-01-03,東港所琉球上杉線小區,22.343844,120.3660209,33.09,mH2O,synthetic
2026-09-03T01:15:00,PL-03-MID,1350-00-01-03,東港所琉球上杉線小區,22.343844,120.3660209,32.85,mH2O,synthetic
2026-09-03T01:30:00,PL-03-MID,1350-00-01-03,東港所琉球上杉線小區,22.343844,120.3660209,33.48,mH2O,synthetic
2026-09-03T01:45:00,PL-03-MID,1350-00-01-03,東港所琉球上杉線小區,22.343844,120.3660209,33.63,mH2O,synthetic
2026-09-03T02:00:00,PL-03-MID,1350-00-01-03,東港所琉球上杉線小區,22.343844,120.3660209,33.66,mH2O,synthetic
2026-09-03T02:15:00,PL-03-MID,1350-00-01-03,東港所琉球上杉線小區,22.343844,120.3660209,33.59,mH2O,synthetic
2026-09-03T02:30:00,PL-03-MID,1350-00-01-03,東港所琉球上杉線小區,22.343844,120.3660209,33.99,mH2O,synthetic
2026-09-03T02:45:00,PL-03-MID,1350-00-01-03,東港所琉球上杉線小區,22.343844,120.3660209,33.88,mH2O,synthetic
2026-09-03T03:00:00,PL-03-MID,1350-00-01-03,東港所琉球上杉線小區,22.343844,120.3660209,34.12,mH2O,synthetic
2026-09-03T03:15:00,PL-03-MID,1350-00-01-03,東港所琉球上杉線小區,22.343844,120.3660209,34.09,mH2O,synthetic
2026-09-03T03:30:00,PL-03-MID,1350-00-01-03,東港所琉球上杉線小區,22.343844,120.3660209,33.92,mH2O,synthetic
2026-09-03T03:45:00,PL-03-MID,1350-00-01-03,東港所琉球上杉線小區,22.343844,120.3660209,34.07,mH2O,synthetic
2026-09-03T04:00:00,PL-03-MID,1350-00-01-03,東港所琉球上杉線小區,22.343844,120.3660209,33.7,mH2O,synthetic
2026-09-03T04:15:00,PL-03-MID,1350-00-01-03,東港所琉球上杉線小區,22.343844,120.3660209,33.63,mH2O,synthetic
2026-09-03T04:30:00,PL-03-MID,1350-00-01-03,東港所琉球上杉線小區,22.343844,120.3660209,33.37,mH2O,synthetic
2026-09-03T04:45:00,PL-03-MID,1350-00-01-03,東港所琉球上杉線小區,22.343844,120.3660209,33.23,mH2O,synthetic
2026-09-03T05:00:00,PL-03-MID,1350-00-01-03,東港所琉球上杉線小區,22.343844,120.3660209,32.49,mH2O,synthetic
2026-09-03T05:15:00,PL-03-MID,1350-00-01-03,東港所琉球上杉線小區,22.343844,120.3660209,32.27,mH2O,synthetic
2026-09-03T05:30:00,PL-03-MID,1350-00-01-03,東港所琉球上杉線小區,22.343844,120.3660209,32.16,mH2O,synthetic
2026-09-03T05:45:00,PL-03-MID,1350-00-01-03,東港所琉球上杉線小區,22.343844,120.3660209,31.54,mH2O,synthetic
2026-09-03T06:00:00,PL-03-MID,1350-00-01-03,東港所琉球上杉線小區,22.343844,120.3660209,31.26,mH2O,synthetic
2026-09-03T06:15:00,PL-03-MID,1350-00-01-03,東港所琉球上杉線小區,22.343844,120.3660209,30.66,mH2O,synthetic
2026-09-03T06:30:00,PL-03-MID,1350-00-01-03,東港所琉球上杉線小區,22.343844,120.3660209,29.88,mH2O,synthetic
2026-09-03T06:45:00,PL-03-MID,1350-00-01-03,東港所琉球上杉線小區,22.343844,120.3660209,29.69,mH2O,synthetic
2026-09-03T07:00:00,PL-03-MID,1350-00-01-03,東港所琉球上杉線小區,22.343844,120.3660209,29.05,mH2O,synthetic
2026-09-03T07:15:00,PL-03-MID,1350-00-01-03,東港所琉球上杉線小區,22.343844,120.3660209,29.06,mH2O,synthetic
2026-09-03T07:30:00,PL-03-MID,1350-00-01-03,東港所琉球上杉線小區,22.343844,120.3660209,29.15,mH2O,synthetic
2026-09-03T07:45:00,PL-03-MID,1350-00-01-03,東港所琉球上杉線小區,22.343844,120.3660209,29.05,mH2O,synthetic
2026-09-03T08:00:00,PL-03-MID,1350-00-01-03,東港所琉球上杉線小區,22.343844,120.3660209,29.53,mH2O,synthetic
2026-09-03T08:15:00,PL-03-MID,1350-00-01-03,東港所琉球上杉線小區,22.343844,120.3660209,29.02,mH2O,synthetic
2026-09-03T08:30:00,PL-03-MID,1350-00-01-03,東港所琉球上杉線小區,22.343844,120.3660209,29.65,mH2O,synthetic
2026-09-03T08:45:00,PL-03-MID,1350-00-01-03,東港所琉球上杉線小區,22.343844,120.3660209,30.15,mH2O,synthetic
2026-09-03T09:00:00,PL-03-MID,1350-00-01-03,東港所琉球上杉線小區,22.343844,120.3660209,30.54,mH2O,synthetic
2026-09-03T09:15:00,PL-03-MID,1350-00-01-03,東港所琉球上杉線小區,22.343844,120.3660209,31.09,mH2O,synthetic
2026-09-03T09:30:00,PL-03-MID,1350-00-01-03,東港所琉球上杉線小區,22.343844,120.3660209,31.23,mH2O,synthetic
2026-09-03T09:45:00,PL-03-MID,1350-00-01-03,東港所琉球上杉線小區,22.343844,120.3660209,31.79,mH2O,synthetic
2026-09-03T10:00:00,PL-03-MID,1350-00-01-03,東港所琉球上杉線小區,22.343844,120.3660209,31.93,mH2O,synthetic
2026-09-03T10:15:00,PL-03-MID,1350-00-01-03,東港所琉球上杉線小區,22.343844,120.3660209,31.92,mH2O,synthetic
2026-09-03T10:30:00,PL-03-MID,1350-00-01-03,東港所琉球上杉線小區,22.343844,120.3660209,31.68,mH2O,synthetic
2026-09-03T10:45:00,PL-03-MID,1350-00-01-03,東港所琉球上杉線小區,22.343844,120.3660209,32.07,mH2O,synthetic
2026-09-03T11:00:00,PL-03-MID,1350-00-01-03,東港所琉球上杉線小區,22.343844,120.3660209,32.12,mH2O,synthetic
2026-09-03T11:15:00,PL-03-MID,1350-00-01-03,東港所琉球上杉線小區,22.343844,120.3660209,32.06,mH2O,synthetic
2026-09-03T11:30:00,PL-03-MID,1350-00-01-03,東港所琉球上杉線小區,22.343844,120.3660209,32.0,mH2O,synthetic
2026-09-03T11:45:00,PL-03-MID,1350-00-01-03,東港所琉球上杉線小區,22.343844,120.3660209,32.31,mH2O,synthetic
2026-09-03T12:00:00,PL-03-MID,1350-00-01-03,東港所琉球上杉線小區,22.343844,120.3660209,31.88,mH2O,synthetic
2026-09-03T12:15:00,PL-03-MID,1350-00-01-03,東港所琉球上杉線小區,22.343844,120.3660209,31.92,mH2O,synthetic
2026-09-03T12:30:00,PL-03-MID,1350-00-01-03,東港所琉球上杉線小區,22.343844,120.3660209,32.15,mH2O,synthetic
2026-09-03T12:45:00,PL-03-MID,1350-00-01-03,東港所琉球上杉線小區,22.343844,120.3660209,32.12,mH2O,synthetic
2026-09-03T13:00:00,PL-03-MID,1350-00-01-03,東港所琉球上杉線小區,22.343844,120.3660209,32.19,mH2O,synthetic
2026-09-03T13:15:00,PL-03-MID,1350-00-01-03,東港所琉球上杉線小區,22.343844,120.3660209,31.94,mH2O,synthetic
2026-09-03T13:30:00,PL-03-MID,1350-00-01-03,東港所琉球上杉線小區,22.343844,120.3660209,31.71,mH2O,synthetic
2026-09-03T13:45:00,PL-03-MID,1350-00-01-03,東港所琉球上杉線小區,22.343844,120.3660209,31.72,mH2O,synthetic
2026-09-03T14:00:00,PL-03-MID,1350-00-01-03,東港所琉球上杉線小區,22.343844,120.3660209,31.9,mH2O,synthetic
2026-09-03T14:15:00,PL-03-MID,1350-00-01-03,東港所琉球上杉線小區,22.343844,120.3660209,32.16,mH2O,synthetic
2026-09-03T14:30:00,PL-03-MID,1350-00-01-03,東港所琉球上杉線小區,22.343844,120.3660209,32.15,mH2O,synthetic
2026-09-03T14:45:00,PL-03-MID,1350-00-01-03,東港所琉球上杉線小區,22.343844,120.3660209,31.56,mH2O,synthetic
2026-09-03T15:00:00,PL-03-MID,1350-00-01-03,東港所琉球上杉線小區,22.343844,120.3660209,32.05,mH2O,synthetic
2026-09-03T15:15:00,PL-03-MID,1350-00-01-03,東港所琉球上杉線小區,22.343844,120.3660209,31.87,mH2O,synthetic
2026-09-03T15:30:00,PL-03-MID,1350-00-01-03,東港所琉球上杉線小區,22.343844,120.3660209,31.59,mH2O,synthetic
2026-09-03T15:45:00,PL-03-MID,1350-00-01-03,東港所琉球上杉線小區,22.343844,120.3660209,32.21,mH2O,synthetic
2026-09-03T16:00:00,PL-03-MID,1350-00-01-03,東港所琉球上杉線小區,22.343844,120.3660209,31.66,mH2O,synthetic
2026-09-03T16:15:00,PL-03-MID,1350-00-01-03,東港所琉球上杉線小區,22.343844,120.3660209,31.61,mH2O,synthetic
2026-09-03T16:30:00,PL-03-MID,1350-00-01-03,東港所琉球上杉線小區,22.343844,120.3660209,31.77,mH2O,synthetic
2026-09-03T16:45:00,PL-03-MID,1350-00-01-03,東港所琉球上杉線小區,22.343844,120.3660209,30.8,mH2O,synthetic
2026-09-03T17:00:00,PL-03-MID,1350-00-01-03,東港所琉球上杉線小區,22.343844,120.3660209,30.51,mH2O,synthetic
2026-09-03T17:15:00,PL-03-MID,1350-00-01-03,東港所琉球上杉線小區,22.343844,120.3660209,30.56,mH2O,synthetic
2026-09-03T17:30:00,PL-03-MID,1350-00-01-03,東港所琉球上杉線小區,22.343844,120.3660209,29.55,mH2O,synthetic
2026-09-03T17:45:00,PL-03-MID,1350-00-01-03,東港所琉球上杉線小區,22.343844,120.3660209,29.45,mH2O,synthetic
2026-09-03T18:00:00,PL-03-MID,1350-00-01-03,東港所琉球上杉線小區,22.343844,120.3660209,29.05,mH2O,synthetic
2026-09-03T18:15:00,PL-03-MID,1350-00-01-03,東港所琉球上杉線小區,22.343844,120.3660209,28.91,mH2O,synthetic
2026-09-03T18:30:00,PL-03-MID,1350-00-01-03,東港所琉球上杉線小區,22.343844,120.3660209,28.52,mH2O,synthetic
2026-09-03T18:45:00,PL-03-MID,1350-00-01-03,東港所琉球上杉線小區,22.343844,120.3660209,28.06,mH2O,synthetic
2026-09-03T19:00:00,PL-03-MID,1350-00-01-03,東港所琉球上杉線小區,22.343844,120.3660209,28.41,mH2O,synthetic
2026-09-03T19:15:00,PL-03-MID,1350-00-01-03,東港所琉球上杉線小區,22.343844,120.3660209,28.44,mH2O,synthetic
2026-09-03T19:30:00,PL-03-MID,1350-00-01-03,東港所琉球上杉線小區,22.343844,120.3660209,28.2,mH2O,synthetic
2026-09-03T19:45:00,PL-03-MID,1350-00-01-03,東港所琉球上杉線小區,22.343844,120.3660209,28.55,mH2O,synthetic
2026-09-03T20:00:00,PL-03-MID,1350-00-01-03,東港所琉球上杉線小區,22.343844,120.3660209,28.92,mH2O,synthetic
2026-09-03T20:15:00,PL-03-MID,1350-00-01-03,東港所琉球上杉線小區,22.343844,120.3660209,29.18,mH2O,synthetic
2026-09-03T20:30:00,PL-03-MID,1350-00-01-03,東港所琉球上杉線小區,22.343844,120.3660209,30.07,mH2O,synthetic
2026-09-03T20:45:00,PL-03-MID,1350-00-01-03,東港所琉球上杉線小區,22.343844,120.3660209,30.16,mH2O,synthetic
2026-09-03T21:00:00,PL-03-MID,1350-00-01-03,東港所琉球上杉線小區,22.343844,120.3660209,30.54,mH2O,synthetic
2026-09-03T21:15:00,PL-03-MID,1350-00-01-03,東港所琉球上杉線小區,22.343844,120.3660209,30.7,mH2O,synthetic
2026-09-03T21:30:00,PL-03-MID,1350-00-01-03,東港所琉球上杉線小區,22.343844,120.3660209,31.12,mH2O,synthetic
2026-09-03T21:45:00,PL-03-MID,1350-00-01-03,東港所琉球上杉線小區,22.343844,120.3660209,31.75,mH2O,synthetic
2026-09-03T22:00:00,PL-03-MID,1350-00-01-03,東港所琉球上杉線小區,22.343844,120.3660209,31.76,mH2O,synthetic
2026-09-03T22:15:00,PL-03-MID,1350-00-01-03,東港所琉球上杉線小區,22.343844,120.3660209,31.37,mH2O,synthetic
2026-09-03T22:30:00,PL-03-MID,1350-00-01-03,東港所琉球上杉線小區,22.343844,120.3660209,31.6,mH2O,synthetic
2026-09-03T22:45:00,PL-03-MID,1350-00-01-03,東港所琉球上杉線小區,22.343844,120.3660209,32.03,mH2O,synthetic
2026-09-03T23:00:00,PL-03-MID,1350-00-01-03,東港所琉球上杉線小區,22.343844,120.3660209,31.82,mH2O,synthetic
2026-09-03T23:15:00,PL-03-MID,1350-00-01-03,東港所琉球上杉線小區,22.343844,120.3660209,31.84,mH2O,synthetic
2026-09-03T23:30:00,PL-03-MID,1350-00-01-03,東港所琉球上杉線小區,22.343844,120.3660209,31.79,mH2O,synthetic
2026-09-03T23:45:00,PL-03-MID,1350-00-01-03,東港所琉球上杉線小區,22.343844,120.3660209,31.69,mH2O,synthetic
2026-09-01T00:00:00,PL-03-DIST,1350-00-01-03,東港所琉球上杉線小區,22.3506983,120.3696412,28.5,mH2O,synthetic
2026-09-01T00:15:00,PL-03-DIST,1350-00-01-03,東港所琉球上杉線小區,22.3506983,120.3696412,28.54,mH2O,synthetic
2026-09-01T00:30:00,PL-03-DIST,1350-00-01-03,東港所琉球上杉線小區,22.3506983,120.3696412,29.05,mH2O,synthetic
2026-09-01T00:45:00,PL-03-DIST,1350-00-01-03,東港所琉球上杉線小區,22.3506983,120.3696412,28.98,mH2O,synthetic
2026-09-01T01:00:00,PL-03-DIST,1350-00-01-03,東港所琉球上杉線小區,22.3506983,120.3696412,29.01,mH2O,synthetic
2026-09-01T01:15:00,PL-03-DIST,1350-00-01-03,東港所琉球上杉線小區,22.3506983,120.3696412,29.61,mH2O,synthetic
2026-09-01T01:30:00,PL-03-DIST,1350-00-01-03,東港所琉球上杉線小區,22.3506983,120.3696412,30.0,mH2O,synthetic
2026-09-01T01:45:00,PL-03-DIST,1350-00-01-03,東港所琉球上杉線小區,22.3506983,120.3696412,29.77,mH2O,synthetic
2026-09-01T02:00:00,PL-03-DIST,1350-00-01-03,東港所琉球上杉線小區,22.3506983,120.3696412,29.78,mH2O,synthetic
2026-09-01T02:15:00,PL-03-DIST,1350-00-01-03,東港所琉球上杉線小區,22.3506983,120.3696412,30.23,mH2O,synthetic
2026-09-01T02:30:00,PL-03-DIST,1350-00-01-03,東港所琉球上杉線小區,22.3506983,120.3696412,30.18,mH2O,synthetic
2026-09-01T02:45:00,PL-03-DIST,1350-00-01-03,東港所琉球上杉線小區,22.3506983,120.3696412,30.93,mH2O,synthetic
2026-09-01T03:00:00,PL-03-DIST,1350-00-01-03,東港所琉球上杉線小區,22.3506983,120.3696412,30.29,mH2O,synthetic
2026-09-01T03:15:00,PL-03-DIST,1350-00-01-03,東港所琉球上杉線小區,22.3506983,120.3696412,30.49,mH2O,synthetic
2026-09-01T03:30:00,PL-03-DIST,1350-00-01-03,東港所琉球上杉線小區,22.3506983,120.3696412,30.79,mH2O,synthetic
2026-09-01T03:45:00,PL-03-DIST,1350-00-01-03,東港所琉球上杉線小區,22.3506983,120.3696412,30.51,mH2O,synthetic
2026-09-01T04:00:00,PL-03-DIST,1350-00-01-03,東港所琉球上杉線小區,22.3506983,120.3696412,30.0,mH2O,synthetic
2026-09-01T04:15:00,PL-03-DIST,1350-00-01-03,東港所琉球上杉線小區,22.3506983,120.3696412,29.69,mH2O,synthetic
2026-09-01T04:30:00,PL-03-DIST,1350-00-01-03,東港所琉球上杉線小區,22.3506983,120.3696412,29.52,mH2O,synthetic
2026-09-01T04:45:00,PL-03-DIST,1350-00-01-03,東港所琉球上杉線小區,22.3506983,120.3696412,29.15,mH2O,synthetic
2026-09-01T05:00:00,PL-03-DIST,1350-00-01-03,東港所琉球上杉線小區,22.3506983,120.3696412,29.13,mH2O,synthetic
2026-09-01T05:15:00,PL-03-DIST,1350-00-01-03,東港所琉球上杉線小區,22.3506983,120.3696412,28.3,mH2O,synthetic
2026-09-01T05:30:00,PL-03-DIST,1350-00-01-03,東港所琉球上杉線小區,22.3506983,120.3696412,27.49,mH2O,synthetic
2026-09-01T05:45:00,PL-03-DIST,1350-00-01-03,東港所琉球上杉線小區,22.3506983,120.3696412,27.39,mH2O,synthetic
2026-09-01T06:00:00,PL-03-DIST,1350-00-01-03,東港所琉球上杉線小區,22.3506983,120.3696412,26.71,mH2O,synthetic
2026-09-01T06:15:00,PL-03-DIST,1350-00-01-03,東港所琉球上杉線小區,22.3506983,120.3696412,25.7,mH2O,synthetic
2026-09-01T06:30:00,PL-03-DIST,1350-00-01-03,東港所琉球上杉線小區,22.3506983,120.3696412,25.18,mH2O,synthetic
2026-09-01T06:45:00,PL-03-DIST,1350-00-01-03,東港所琉球上杉線小區,22.3506983,120.3696412,24.34,mH2O,synthetic
2026-09-01T07:00:00,PL-03-DIST,1350-00-01-03,東港所琉球上杉線小區,22.3506983,120.3696412,23.51,mH2O,synthetic
2026-09-01T07:15:00,PL-03-DIST,1350-00-01-03,東港所琉球上杉線小區,22.3506983,120.3696412,23.38,mH2O,synthetic
2026-09-01T07:30:00,PL-03-DIST,1350-00-01-03,東港所琉球上杉線小區,22.3506983,120.3696412,23.0,mH2O,synthetic
2026-09-01T07:45:00,PL-03-DIST,1350-00-01-03,東港所琉球上杉線小區,22.3506983,120.3696412,23.21,mH2O,synthetic
2026-09-01T08:00:00,PL-03-DIST,1350-00-01-03,東港所琉球上杉線小區,22.3506983,120.3696412,23.46,mH2O,synthetic
2026-09-01T08:15:00,PL-03-DIST,1350-00-01-03,東港所琉球上杉線小區,22.3506983,120.3696412,24.23,mH2O,synthetic
2026-09-01T08:30:00,PL-03-DIST,1350-00-01-03,東港所琉球上杉線小區,22.3506983,120.3696412,24.8,mH2O,synthetic
2026-09-01T08:45:00,PL-03-DIST,1350-00-01-03,東港所琉球上杉線小區,22.3506983,120.3696412,25.11,mH2O,synthetic
2026-09-01T09:00:00,PL-03-DIST,1350-00-01-03,東港所琉球上杉線小區,22.3506983,120.3696412,25.81,mH2O,synthetic
2026-09-01T09:15:00,PL-03-DIST,1350-00-01-03,東港所琉球上杉線小區,22.3506983,120.3696412,26.55,mH2O,synthetic
2026-09-01T09:30:00,PL-03-DIST,1350-00-01-03,東港所琉球上杉線小區,22.3506983,120.3696412,27.1,mH2O,synthetic
2026-09-01T09:45:00,PL-03-DIST,1350-00-01-03,東港所琉球上杉線小區,22.3506983,120.3696412,27.35,mH2O,synthetic
2026-09-01T10:00:00,PL-03-DIST,1350-00-01-03,東港所琉球上杉線小區,22.3506983,120.3696412,27.1,mH2O,synthetic
2026-09-01T10:15:00,PL-03-DIST,1350-00-01-03,東港所琉球上杉線小區,22.3506983,120.3696412,28.03,mH2O,synthetic
2026-09-01T10:30:00,PL-03-DIST,1350-00-01-03,東港所琉球上杉線小區,22.3506983,120.3696412,28.25,mH2O,synthetic
2026-09-01T10:45:00,PL-03-DIST,1350-00-01-03,東港所琉球上杉線小區,22.3506983,120.3696412,28.27,mH2O,synthetic
2026-09-01T11:00:00,PL-03-DIST,1350-00-01-03,東港所琉球上杉線小區,22.3506983,120.3696412,28.08,mH2O,synthetic
2026-09-01T11:15:00,PL-03-DIST,1350-00-01-03,東港所琉球上杉線小區,22.3506983,120.3696412,28.13,mH2O,synthetic
2026-09-01T11:30:00,PL-03-DIST,1350-00-01-03,東港所琉球上杉線小區,22.3506983,120.3696412,27.85,mH2O,synthetic
2026-09-01T11:45:00,PL-03-DIST,1350-00-01-03,東港所琉球上杉線小區,22.3506983,120.3696412,28.04,mH2O,synthetic
2026-09-01T12:00:00,PL-03-DIST,1350-00-01-03,東港所琉球上杉線小區,22.3506983,120.3696412,27.75,mH2O,synthetic
2026-09-01T12:15:00,PL-03-DIST,1350-00-01-03,東港所琉球上杉線小區,22.3506983,120.3696412,28.03,mH2O,synthetic
2026-09-01T12:30:00,PL-03-DIST,1350-00-01-03,東港所琉球上杉線小區,22.3506983,120.3696412,27.69,mH2O,synthetic
2026-09-01T12:45:00,PL-03-DIST,1350-00-01-03,東港所琉球上杉線小區,22.3506983,120.3696412,28.13,mH2O,synthetic
2026-09-01T13:00:00,PL-03-DIST,1350-00-01-03,東港所琉球上杉線小區,22.3506983,120.3696412,27.92,mH2O,synthetic
2026-09-01T13:15:00,PL-03-DIST,1350-00-01-03,東港所琉球上杉線小區,22.3506983,120.3696412,28.17,mH2O,synthetic
2026-09-01T13:30:00,PL-03-DIST,1350-00-01-03,東港所琉球上杉線小區,22.3506983,120.3696412,28.04,mH2O,synthetic
2026-09-01T13:45:00,PL-03-DIST,1350-00-01-03,東港所琉球上杉線小區,22.3506983,120.3696412,27.89,mH2O,synthetic
2026-09-01T14:00:00,PL-03-DIST,1350-00-01-03,東港所琉球上杉線小區,22.3506983,120.3696412,28.17,mH2O,synthetic
2026-09-01T14:15:00,PL-03-DIST,1350-00-01-03,東港所琉球上杉線小區,22.3506983,120.3696412,27.72,mH2O,synthetic
2026-09-01T14:30:00,PL-03-DIST,1350-00-01-03,東港所琉球上杉線小區,22.3506983,120.3696412,27.91,mH2O,synthetic
2026-09-01T14:45:00,PL-03-DIST,1350-00-01-03,東港所琉球上杉線小區,22.3506983,120.3696412,27.82,mH2O,synthetic
2026-09-01T15:00:00,PL-03-DIST,1350-00-01-03,東港所琉球上杉線小區,22.3506983,120.3696412,28.06,mH2O,synthetic
2026-09-01T15:15:00,PL-03-DIST,1350-00-01-03,東港所琉球上杉線小區,22.3506983,120.3696412,27.82,mH2O,synthetic
2026-09-01T15:30:00,PL-03-DIST,1350-00-01-03,東港所琉球上杉線小區,22.3506983,120.3696412,27.8,mH2O,synthetic
2026-09-01T15:45:00,PL-03-DIST,1350-00-01-03,東港所琉球上杉線小區,22.3506983,120.3696412,27.72,mH2O,synthetic
2026-09-01T16:00:00,PL-03-DIST,1350-00-01-03,東港所琉球上杉線小區,22.3506983,120.3696412,26.89,mH2O,synthetic
2026-09-01T16:15:00,PL-03-DIST,1350-00-01-03,東港所琉球上杉線小區,22.3506983,120.3696412,26.95,mH2O,synthetic
2026-09-01T16:30:00,PL-03-DIST,1350-00-01-03,東港所琉球上杉線小區,22.3506983,120.3696412,26.85,mH2O,synthetic
2026-09-01T16:45:00,PL-03-DIST,1350-00-01-03,東港所琉球上杉線小區,22.3506983,120.3696412,26.64,mH2O,synthetic
2026-09-01T17:00:00,PL-03-DIST,1350-00-01-03,東港所琉球上杉線小區,22.3506983,120.3696412,26.07,mH2O,synthetic
2026-09-01T17:15:00,PL-03-DIST,1350-00-01-03,東港所琉球上杉線小區,22.3506983,120.3696412,25.68,mH2O,synthetic
2026-09-01T17:30:00,PL-03-DIST,1350-00-01-03,東港所琉球上杉線小區,22.3506983,120.3696412,24.76,mH2O,synthetic
2026-09-01T17:45:00,PL-03-DIST,1350-00-01-03,東港所琉球上杉線小區,22.3506983,120.3696412,24.23,mH2O,synthetic
2026-09-01T18:00:00,PL-03-DIST,1350-00-01-03,東港所琉球上杉線小區,22.3506983,120.3696412,23.53,mH2O,synthetic
2026-09-01T18:15:00,PL-03-DIST,1350-00-01-03,東港所琉球上杉線小區,22.3506983,120.3696412,23.04,mH2O,synthetic
2026-09-01T18:30:00,PL-03-DIST,1350-00-01-03,東港所琉球上杉線小區,22.3506983,120.3696412,22.56,mH2O,synthetic
2026-09-01T18:45:00,PL-03-DIST,1350-00-01-03,東港所琉球上杉線小區,22.3506983,120.3696412,22.37,mH2O,synthetic
2026-09-01T19:00:00,PL-03-DIST,1350-00-01-03,東港所琉球上杉線小區,22.3506983,120.3696412,22.36,mH2O,synthetic
2026-09-01T19:15:00,PL-03-DIST,1350-00-01-03,東港所琉球上杉線小區,22.3506983,120.3696412,22.34,mH2O,synthetic
2026-09-01T19:30:00,PL-03-DIST,1350-00-01-03,東港所琉球上杉線小區,22.3506983,120.3696412,22.75,mH2O,synthetic
2026-09-01T19:45:00,PL-03-DIST,1350-00-01-03,東港所琉球上杉線小區,22.3506983,120.3696412,22.73,mH2O,synthetic
2026-09-01T20:00:00,PL-03-DIST,1350-00-01-03,東港所琉球上杉線小區,22.3506983,120.3696412,23.73,mH2O,synthetic
2026-09-01T20:15:00,PL-03-DIST,1350-00-01-03,東港所琉球上杉線小區,22.3506983,120.3696412,24.25,mH2O,synthetic
2026-09-01T20:30:00,PL-03-DIST,1350-00-01-03,東港所琉球上杉線小區,22.3506983,120.3696412,24.91,mH2O,synthetic
2026-09-01T20:45:00,PL-03-DIST,1350-00-01-03,東港所琉球上杉線小區,22.3506983,120.3696412,25.29,mH2O,synthetic
2026-09-01T21:00:00,PL-03-DIST,1350-00-01-03,東港所琉球上杉線小區,22.3506983,120.3696412,25.83,mH2O,synthetic
2026-09-01T21:15:00,PL-03-DIST,1350-00-01-03,東港所琉球上杉線小區,22.3506983,120.3696412,26.64,mH2O,synthetic
2026-09-01T21:30:00,PL-03-DIST,1350-00-01-03,東港所琉球上杉線小區,22.3506983,120.3696412,26.79,mH2O,synthetic
2026-09-01T21:45:00,PL-03-DIST,1350-00-01-03,東港所琉球上杉線小區,22.3506983,120.3696412,27.59,mH2O,synthetic
2026-09-01T22:00:00,PL-03-DIST,1350-00-01-03,東港所琉球上杉線小區,22.3506983,120.3696412,27.1,mH2O,synthetic
2026-09-01T22:15:00,PL-03-DIST,1350-00-01-03,東港所琉球上杉線小區,22.3506983,120.3696412,27.55,mH2O,synthetic
2026-09-01T22:30:00,PL-03-DIST,1350-00-01-03,東港所琉球上杉線小區,22.3506983,120.3696412,27.49,mH2O,synthetic
2026-09-01T22:45:00,PL-03-DIST,1350-00-01-03,東港所琉球上杉線小區,22.3506983,120.3696412,27.66,mH2O,synthetic
2026-09-01T23:00:00,PL-03-DIST,1350-00-01-03,東港所琉球上杉線小區,22.3506983,120.3696412,27.72,mH2O,synthetic
2026-09-01T23:15:00,PL-03-DIST,1350-00-01-03,東港所琉球上杉線小區,22.3506983,120.3696412,27.83,mH2O,synthetic
2026-09-01T23:30:00,PL-03-DIST,1350-00-01-03,東港所琉球上杉線小區,22.3506983,120.3696412,28.14,mH2O,synthetic
2026-09-01T23:45:00,PL-03-DIST,1350-00-01-03,東港所琉球上杉線小區,22.3506983,120.3696412,27.73,mH2O,synthetic
2026-09-02T00:00:00,PL-03-DIST,1350-00-01-03,東港所琉球上杉線小區,22.3506983,120.3696412,28.61,mH2O,synthetic
2026-09-02T00:15:00,PL-03-DIST,1350-00-01-03,東港所琉球上杉線小區,22.3506983,120.3696412,28.31,mH2O,synthetic
2026-09-02T00:30:00,PL-03-DIST,1350-00-01-03,東港所琉球上杉線小區,22.3506983,120.3696412,28.71,mH2O,synthetic
2026-09-02T00:45:00,PL-03-DIST,1350-00-01-03,東港所琉球上杉線小區,22.3506983,120.3696412,29.29,mH2O,synthetic
2026-09-02T01:00:00,PL-03-DIST,1350-00-01-03,東港所琉球上杉線小區,22.3506983,120.3696412,29.32,mH2O,synthetic
2026-09-02T01:15:00,PL-03-DIST,1350-00-01-03,東港所琉球上杉線小區,22.3506983,120.3696412,29.52,mH2O,synthetic
2026-09-02T01:30:00,PL-03-DIST,1350-00-01-03,東港所琉球上杉線小區,22.3506983,120.3696412,29.84,mH2O,synthetic
2026-09-02T01:45:00,PL-03-DIST,1350-00-01-03,東港所琉球上杉線小區,22.3506983,120.3696412,30.06,mH2O,synthetic
2026-09-02T02:00:00,PL-03-DIST,1350-00-01-03,東港所琉球上杉線小區,22.3506983,120.3696412,30.29,mH2O,synthetic
2026-09-02T02:15:00,PL-03-DIST,1350-00-01-03,東港所琉球上杉線小區,22.3506983,120.3696412,30.65,mH2O,synthetic
2026-09-02T02:30:00,PL-03-DIST,1350-00-01-03,東港所琉球上杉線小區,22.3506983,120.3696412,30.25,mH2O,synthetic
2026-09-02T02:45:00,PL-03-DIST,1350-00-01-03,東港所琉球上杉線小區,22.3506983,120.3696412,30.55,mH2O,synthetic
2026-09-02T03:00:00,PL-03-DIST,1350-00-01-03,東港所琉球上杉線小區,22.3506983,120.3696412,30.74,mH2O,synthetic
2026-09-02T03:15:00,PL-03-DIST,1350-00-01-03,東港所琉球上杉線小區,22.3506983,120.3696412,30.73,mH2O,synthetic
2026-09-02T03:30:00,PL-03-DIST,1350-00-01-03,東港所琉球上杉線小區,22.3506983,120.3696412,30.59,mH2O,synthetic
2026-09-02T03:45:00,PL-03-DIST,1350-00-01-03,東港所琉球上杉線小區,22.3506983,120.3696412,30.61,mH2O,synthetic
2026-09-02T04:00:00,PL-03-DIST,1350-00-01-03,東港所琉球上杉線小區,22.3506983,120.3696412,30.0,mH2O,synthetic
2026-09-02T04:15:00,PL-03-DIST,1350-00-01-03,東港所琉球上杉線小區,22.3506983,120.3696412,29.56,mH2O,synthetic
2026-09-02T04:30:00,PL-03-DIST,1350-00-01-03,東港所琉球上杉線小區,22.3506983,120.3696412,29.84,mH2O,synthetic
2026-09-02T04:45:00,PL-03-DIST,1350-00-01-03,東港所琉球上杉線小區,22.3506983,120.3696412,29.21,mH2O,synthetic
2026-09-02T05:00:00,PL-03-DIST,1350-00-01-03,東港所琉球上杉線小區,22.3506983,120.3696412,28.68,mH2O,synthetic
2026-09-02T05:15:00,PL-03-DIST,1350-00-01-03,東港所琉球上杉線小區,22.3506983,120.3696412,28.34,mH2O,synthetic
2026-09-02T05:30:00,PL-03-DIST,1350-00-01-03,東港所琉球上杉線小區,22.3506983,120.3696412,27.7,mH2O,synthetic
2026-09-02T05:45:00,PL-03-DIST,1350-00-01-03,東港所琉球上杉線小區,22.3506983,120.3696412,27.39,mH2O,synthetic
2026-09-02T06:00:00,PL-03-DIST,1350-00-01-03,東港所琉球上杉線小區,22.3506983,120.3696412,26.68,mH2O,synthetic
2026-09-02T06:15:00,PL-03-DIST,1350-00-01-03,東港所琉球上杉線小區,22.3506983,120.3696412,25.81,mH2O,synthetic
2026-09-02T06:30:00,PL-03-DIST,1350-00-01-03,東港所琉球上杉線小區,22.3506983,120.3696412,25.13,mH2O,synthetic
2026-09-02T06:45:00,PL-03-DIST,1350-00-01-03,東港所琉球上杉線小區,22.3506983,120.3696412,24.34,mH2O,synthetic
2026-09-02T07:00:00,PL-03-DIST,1350-00-01-03,東港所琉球上杉線小區,22.3506983,120.3696412,24.0,mH2O,synthetic
2026-09-02T07:15:00,PL-03-DIST,1350-00-01-03,東港所琉球上杉線小區,22.3506983,120.3696412,22.88,mH2O,synthetic
2026-09-02T07:30:00,PL-03-DIST,1350-00-01-03,東港所琉球上杉線小區,22.3506983,120.3696412,23.0,mH2O,synthetic
2026-09-02T07:45:00,PL-03-DIST,1350-00-01-03,東港所琉球上杉線小區,22.3506983,120.3696412,23.34,mH2O,synthetic
2026-09-02T08:00:00,PL-03-DIST,1350-00-01-03,東港所琉球上杉線小區,22.3506983,120.3696412,23.58,mH2O,synthetic
2026-09-02T08:15:00,PL-03-DIST,1350-00-01-03,東港所琉球上杉線小區,22.3506983,120.3696412,23.95,mH2O,synthetic
2026-09-02T08:30:00,PL-03-DIST,1350-00-01-03,東港所琉球上杉線小區,22.3506983,120.3696412,24.9,mH2O,synthetic
2026-09-02T08:45:00,PL-03-DIST,1350-00-01-03,東港所琉球上杉線小區,22.3506983,120.3696412,25.18,mH2O,synthetic
2026-09-02T09:00:00,PL-03-DIST,1350-00-01-03,東港所琉球上杉線小區,22.3506983,120.3696412,26.06,mH2O,synthetic
2026-09-02T09:15:00,PL-03-DIST,1350-00-01-03,東港所琉球上杉線小區,22.3506983,120.3696412,26.58,mH2O,synthetic
2026-09-02T09:30:00,PL-03-DIST,1350-00-01-03,東港所琉球上杉線小區,22.3506983,120.3696412,27.01,mH2O,synthetic
2026-09-02T09:45:00,PL-03-DIST,1350-00-01-03,東港所琉球上杉線小區,22.3506983,120.3696412,27.15,mH2O,synthetic
2026-09-02T10:00:00,PL-03-DIST,1350-00-01-03,東港所琉球上杉線小區,22.3506983,120.3696412,27.54,mH2O,synthetic
2026-09-02T10:15:00,PL-03-DIST,1350-00-01-03,東港所琉球上杉線小區,22.3506983,120.3696412,28.02,mH2O,synthetic
2026-09-02T10:30:00,PL-03-DIST,1350-00-01-03,東港所琉球上杉線小區,22.3506983,120.3696412,27.98,mH2O,synthetic
2026-09-02T10:45:00,PL-03-DIST,1350-00-01-03,東港所琉球上杉線小區,22.3506983,120.3696412,28.13,mH2O,synthetic
2026-09-02T11:00:00,PL-03-DIST,1350-00-01-03,東港所琉球上杉線小區,22.3506983,120.3696412,27.94,mH2O,synthetic
2026-09-02T11:15:00,PL-03-DIST,1350-00-01-03,東港所琉球上杉線小區,22.3506983,120.3696412,27.61,mH2O,synthetic
2026-09-02T11:30:00,PL-03-DIST,1350-00-01-03,東港所琉球上杉線小區,22.3506983,120.3696412,27.89,mH2O,synthetic
2026-09-02T11:45:00,PL-03-DIST,1350-00-01-03,東港所琉球上杉線小區,22.3506983,120.3696412,27.96,mH2O,synthetic
2026-09-02T12:00:00,PL-03-DIST,1350-00-01-03,東港所琉球上杉線小區,22.3506983,120.3696412,28.28,mH2O,synthetic
2026-09-02T12:15:00,PL-03-DIST,1350-00-01-03,東港所琉球上杉線小區,22.3506983,120.3696412,28.25,mH2O,synthetic
2026-09-02T12:30:00,PL-03-DIST,1350-00-01-03,東港所琉球上杉線小區,22.3506983,120.3696412,28.09,mH2O,synthetic
2026-09-02T12:45:00,PL-03-DIST,1350-00-01-03,東港所琉球上杉線小區,22.3506983,120.3696412,27.81,mH2O,synthetic
2026-09-02T13:00:00,PL-03-DIST,1350-00-01-03,東港所琉球上杉線小區,22.3506983,120.3696412,28.03,mH2O,synthetic
2026-09-02T13:15:00,PL-03-DIST,1350-00-01-03,東港所琉球上杉線小區,22.3506983,120.3696412,27.94,mH2O,synthetic
2026-09-02T13:30:00,PL-03-DIST,1350-00-01-03,東港所琉球上杉線小區,22.3506983,120.3696412,27.94,mH2O,synthetic
2026-09-02T13:45:00,PL-03-DIST,1350-00-01-03,東港所琉球上杉線小區,22.3506983,120.3696412,27.72,mH2O,synthetic
2026-09-02T14:00:00,PL-03-DIST,1350-00-01-03,東港所琉球上杉線小區,22.3506983,120.3696412,28.09,mH2O,synthetic
2026-09-02T14:15:00,PL-03-DIST,1350-00-01-03,東港所琉球上杉線小區,22.3506983,120.3696412,27.97,mH2O,synthetic
2026-09-02T14:30:00,PL-03-DIST,1350-00-01-03,東港所琉球上杉線小區,22.3506983,120.3696412,28.14,mH2O,synthetic
2026-09-02T14:45:00,PL-03-DIST,1350-00-01-03,東港所琉球上杉線小區,22.3506983,120.3696412,27.62,mH2O,synthetic
2026-09-02T15:00:00,PL-03-DIST,1350-00-01-03,東港所琉球上杉線小區,22.3506983,120.3696412,27.65,mH2O,synthetic
2026-09-02T15:15:00,PL-03-DIST,1350-00-01-03,東港所琉球上杉線小區,22.3506983,120.3696412,28.64,mH2O,synthetic
2026-09-02T15:30:00,PL-03-DIST,1350-00-01-03,東港所琉球上杉線小區,22.3506983,120.3696412,27.54,mH2O,synthetic
2026-09-02T15:45:00,PL-03-DIST,1350-00-01-03,東港所琉球上杉線小區,22.3506983,120.3696412,27.66,mH2O,synthetic
2026-09-02T16:00:00,PL-03-DIST,1350-00-01-03,東港所琉球上杉線小區,22.3506983,120.3696412,27.51,mH2O,synthetic
2026-09-02T16:15:00,PL-03-DIST,1350-00-01-03,東港所琉球上杉線小區,22.3506983,120.3696412,26.94,mH2O,synthetic
2026-09-02T16:30:00,PL-03-DIST,1350-00-01-03,東港所琉球上杉線小區,22.3506983,120.3696412,27.21,mH2O,synthetic
2026-09-02T16:45:00,PL-03-DIST,1350-00-01-03,東港所琉球上杉線小區,22.3506983,120.3696412,26.41,mH2O,synthetic
2026-09-02T17:00:00,PL-03-DIST,1350-00-01-03,東港所琉球上杉線小區,22.3506983,120.3696412,25.97,mH2O,synthetic
2026-09-02T17:15:00,PL-03-DIST,1350-00-01-03,東港所琉球上杉線小區,22.3506983,120.3696412,25.8,mH2O,synthetic
2026-09-02T17:30:00,PL-03-DIST,1350-00-01-03,東港所琉球上杉線小區,22.3506983,120.3696412,24.64,mH2O,synthetic
2026-09-02T17:45:00,PL-03-DIST,1350-00-01-03,東港所琉球上杉線小區,22.3506983,120.3696412,24.1,mH2O,synthetic
2026-09-02T18:00:00,PL-03-DIST,1350-00-01-03,東港所琉球上杉線小區,22.3506983,120.3696412,23.56,mH2O,synthetic
2026-09-02T18:15:00,PL-03-DIST,1350-00-01-03,東港所琉球上杉線小區,22.3506983,120.3696412,22.83,mH2O,synthetic
2026-09-02T18:30:00,PL-03-DIST,1350-00-01-03,東港所琉球上杉線小區,22.3506983,120.3696412,22.8,mH2O,synthetic
2026-09-02T18:45:00,PL-03-DIST,1350-00-01-03,東港所琉球上杉線小區,22.3506983,120.3696412,22.59,mH2O,synthetic
2026-09-02T19:00:00,PL-03-DIST,1350-00-01-03,東港所琉球上杉線小區,22.3506983,120.3696412,22.44,mH2O,synthetic
2026-09-02T19:15:00,PL-03-DIST,1350-00-01-03,東港所琉球上杉線小區,22.3506983,120.3696412,22.63,mH2O,synthetic
2026-09-02T19:30:00,PL-03-DIST,1350-00-01-03,東港所琉球上杉線小區,22.3506983,120.3696412,22.93,mH2O,synthetic
2026-09-02T19:45:00,PL-03-DIST,1350-00-01-03,東港所琉球上杉線小區,22.3506983,120.3696412,23.21,mH2O,synthetic
2026-09-02T20:00:00,PL-03-DIST,1350-00-01-03,東港所琉球上杉線小區,22.3506983,120.3696412,23.59,mH2O,synthetic
2026-09-02T20:15:00,PL-03-DIST,1350-00-01-03,東港所琉球上杉線小區,22.3506983,120.3696412,24.48,mH2O,synthetic
2026-09-02T20:30:00,PL-03-DIST,1350-00-01-03,東港所琉球上杉線小區,22.3506983,120.3696412,24.66,mH2O,synthetic
2026-09-02T20:45:00,PL-03-DIST,1350-00-01-03,東港所琉球上杉線小區,22.3506983,120.3696412,25.7,mH2O,synthetic
2026-09-02T21:00:00,PL-03-DIST,1350-00-01-03,東港所琉球上杉線小區,22.3506983,120.3696412,25.9,mH2O,synthetic
2026-09-02T21:15:00,PL-03-DIST,1350-00-01-03,東港所琉球上杉線小區,22.3506983,120.3696412,26.59,mH2O,synthetic
2026-09-02T21:30:00,PL-03-DIST,1350-00-01-03,東港所琉球上杉線小區,22.3506983,120.3696412,27.23,mH2O,synthetic
2026-09-02T21:45:00,PL-03-DIST,1350-00-01-03,東港所琉球上杉線小區,22.3506983,120.3696412,26.66,mH2O,synthetic
2026-09-02T22:00:00,PL-03-DIST,1350-00-01-03,東港所琉球上杉線小區,22.3506983,120.3696412,27.37,mH2O,synthetic
2026-09-02T22:15:00,PL-03-DIST,1350-00-01-03,東港所琉球上杉線小區,22.3506983,120.3696412,27.51,mH2O,synthetic
2026-09-02T22:30:00,PL-03-DIST,1350-00-01-03,東港所琉球上杉線小區,22.3506983,120.3696412,28.11,mH2O,synthetic
2026-09-02T22:45:00,PL-03-DIST,1350-00-01-03,東港所琉球上杉線小區,22.3506983,120.3696412,27.74,mH2O,synthetic
2026-09-02T23:00:00,PL-03-DIST,1350-00-01-03,東港所琉球上杉線小區,22.3506983,120.3696412,28.5,mH2O,synthetic
2026-09-02T23:15:00,PL-03-DIST,1350-00-01-03,東港所琉球上杉線小區,22.3506983,120.3696412,27.6,mH2O,synthetic
2026-09-02T23:30:00,PL-03-DIST,1350-00-01-03,東港所琉球上杉線小區,22.3506983,120.3696412,28.04,mH2O,synthetic
2026-09-02T23:45:00,PL-03-DIST,1350-00-01-03,東港所琉球上杉線小區,22.3506983,120.3696412,27.9,mH2O,synthetic
2026-09-03T00:00:00,PL-03-DIST,1350-00-01-03,東港所琉球上杉線小區,22.3506983,120.3696412,28.59,mH2O,synthetic
2026-09-03T00:15:00,PL-03-DIST,1350-00-01-03,東港所琉球上杉線小區,22.3506983,120.3696412,28.5,mH2O,synthetic
2026-09-03T00:30:00,PL-03-DIST,1350-00-01-03,東港所琉球上杉線小區,22.3506983,120.3696412,28.7,mH2O,synthetic
2026-09-03T00:45:00,PL-03-DIST,1350-00-01-03,東港所琉球上杉線小區,22.3506983,120.3696412,28.6,mH2O,synthetic
2026-09-03T01:00:00,PL-03-DIST,1350-00-01-03,東港所琉球上杉線小區,22.3506983,120.3696412,29.24,mH2O,synthetic
2026-09-03T01:15:00,PL-03-DIST,1350-00-01-03,東港所琉球上杉線小區,22.3506983,120.3696412,29.13,mH2O,synthetic
2026-09-03T01:30:00,PL-03-DIST,1350-00-01-03,東港所琉球上杉線小區,22.3506983,120.3696412,29.41,mH2O,synthetic
2026-09-03T01:45:00,PL-03-DIST,1350-00-01-03,東港所琉球上杉線小區,22.3506983,120.3696412,29.95,mH2O,synthetic
2026-09-03T02:00:00,PL-03-DIST,1350-00-01-03,東港所琉球上杉線小區,22.3506983,120.3696412,30.13,mH2O,synthetic
2026-09-03T02:15:00,PL-03-DIST,1350-00-01-03,東港所琉球上杉線小區,22.3506983,120.3696412,30.56,mH2O,synthetic
2026-09-03T02:30:00,PL-03-DIST,1350-00-01-03,東港所琉球上杉線小區,22.3506983,120.3696412,30.18,mH2O,synthetic
2026-09-03T02:45:00,PL-03-DIST,1350-00-01-03,東港所琉球上杉線小區,22.3506983,120.3696412,30.66,mH2O,synthetic
2026-09-03T03:00:00,PL-03-DIST,1350-00-01-03,東港所琉球上杉線小區,22.3506983,120.3696412,30.67,mH2O,synthetic
2026-09-03T03:15:00,PL-03-DIST,1350-00-01-03,東港所琉球上杉線小區,22.3506983,120.3696412,30.5,mH2O,synthetic
2026-09-03T03:30:00,PL-03-DIST,1350-00-01-03,東港所琉球上杉線小區,22.3506983,120.3696412,30.29,mH2O,synthetic
2026-09-03T03:45:00,PL-03-DIST,1350-00-01-03,東港所琉球上杉線小區,22.3506983,120.3696412,30.3,mH2O,synthetic
2026-09-03T04:00:00,PL-03-DIST,1350-00-01-03,東港所琉球上杉線小區,22.3506983,120.3696412,30.31,mH2O,synthetic
2026-09-03T04:15:00,PL-03-DIST,1350-00-01-03,東港所琉球上杉線小區,22.3506983,120.3696412,29.78,mH2O,synthetic
2026-09-03T04:30:00,PL-03-DIST,1350-00-01-03,東港所琉球上杉線小區,22.3506983,120.3696412,29.74,mH2O,synthetic
2026-09-03T04:45:00,PL-03-DIST,1350-00-01-03,東港所琉球上杉線小區,22.3506983,120.3696412,29.15,mH2O,synthetic
2026-09-03T05:00:00,PL-03-DIST,1350-00-01-03,東港所琉球上杉線小區,22.3506983,120.3696412,29.18,mH2O,synthetic
2026-09-03T05:15:00,PL-03-DIST,1350-00-01-03,東港所琉球上杉線小區,22.3506983,120.3696412,28.34,mH2O,synthetic
2026-09-03T05:30:00,PL-03-DIST,1350-00-01-03,東港所琉球上杉線小區,22.3506983,120.3696412,27.75,mH2O,synthetic
2026-09-03T05:45:00,PL-03-DIST,1350-00-01-03,東港所琉球上杉線小區,22.3506983,120.3696412,26.82,mH2O,synthetic
2026-09-03T06:00:00,PL-03-DIST,1350-00-01-03,東港所琉球上杉線小區,22.3506983,120.3696412,26.17,mH2O,synthetic
2026-09-03T06:15:00,PL-03-DIST,1350-00-01-03,東港所琉球上杉線小區,22.3506983,120.3696412,25.83,mH2O,synthetic
2026-09-03T06:30:00,PL-03-DIST,1350-00-01-03,東港所琉球上杉線小區,22.3506983,120.3696412,24.96,mH2O,synthetic
2026-09-03T06:45:00,PL-03-DIST,1350-00-01-03,東港所琉球上杉線小區,22.3506983,120.3696412,24.39,mH2O,synthetic
2026-09-03T07:00:00,PL-03-DIST,1350-00-01-03,東港所琉球上杉線小區,22.3506983,120.3696412,23.62,mH2O,synthetic
2026-09-03T07:15:00,PL-03-DIST,1350-00-01-03,東港所琉球上杉線小區,22.3506983,120.3696412,23.37,mH2O,synthetic
2026-09-03T07:30:00,PL-03-DIST,1350-00-01-03,東港所琉球上杉線小區,22.3506983,120.3696412,23.12,mH2O,synthetic
2026-09-03T07:45:00,PL-03-DIST,1350-00-01-03,東港所琉球上杉線小區,22.3506983,120.3696412,23.42,mH2O,synthetic
2026-09-03T08:00:00,PL-03-DIST,1350-00-01-03,東港所琉球上杉線小區,22.3506983,120.3696412,23.62,mH2O,synthetic
2026-09-03T08:15:00,PL-03-DIST,1350-00-01-03,東港所琉球上杉線小區,22.3506983,120.3696412,24.57,mH2O,synthetic
2026-09-03T08:30:00,PL-03-DIST,1350-00-01-03,東港所琉球上杉線小區,22.3506983,120.3696412,24.61,mH2O,synthetic
2026-09-03T08:45:00,PL-03-DIST,1350-00-01-03,東港所琉球上杉線小區,22.3506983,120.3696412,25.64,mH2O,synthetic
2026-09-03T09:00:00,PL-03-DIST,1350-00-01-03,東港所琉球上杉線小區,22.3506983,120.3696412,25.78,mH2O,synthetic
2026-09-03T09:15:00,PL-03-DIST,1350-00-01-03,東港所琉球上杉線小區,22.3506983,120.3696412,26.45,mH2O,synthetic
2026-09-03T09:30:00,PL-03-DIST,1350-00-01-03,東港所琉球上杉線小區,22.3506983,120.3696412,26.81,mH2O,synthetic
2026-09-03T09:45:00,PL-03-DIST,1350-00-01-03,東港所琉球上杉線小區,22.3506983,120.3696412,27.61,mH2O,synthetic
2026-09-03T10:00:00,PL-03-DIST,1350-00-01-03,東港所琉球上杉線小區,22.3506983,120.3696412,27.68,mH2O,synthetic
2026-09-03T10:15:00,PL-03-DIST,1350-00-01-03,東港所琉球上杉線小區,22.3506983,120.3696412,27.78,mH2O,synthetic
2026-09-03T10:30:00,PL-03-DIST,1350-00-01-03,東港所琉球上杉線小區,22.3506983,120.3696412,27.91,mH2O,synthetic
2026-09-03T10:45:00,PL-03-DIST,1350-00-01-03,東港所琉球上杉線小區,22.3506983,120.3696412,27.68,mH2O,synthetic
2026-09-03T11:00:00,PL-03-DIST,1350-00-01-03,東港所琉球上杉線小區,22.3506983,120.3696412,28.27,mH2O,synthetic
2026-09-03T11:15:00,PL-03-DIST,1350-00-01-03,東港所琉球上杉線小區,22.3506983,120.3696412,28.29,mH2O,synthetic
2026-09-03T11:30:00,PL-03-DIST,1350-00-01-03,東港所琉球上杉線小區,22.3506983,120.3696412,27.98,mH2O,synthetic
2026-09-03T11:45:00,PL-03-DIST,1350-00-01-03,東港所琉球上杉線小區,22.3506983,120.3696412,28.0,mH2O,synthetic
2026-09-03T12:00:00,PL-03-DIST,1350-00-01-03,東港所琉球上杉線小區,22.3506983,120.3696412,28.14,mH2O,synthetic
2026-09-03T12:15:00,PL-03-DIST,1350-00-01-03,東港所琉球上杉線小區,22.3506983,120.3696412,27.96,mH2O,synthetic
2026-09-03T12:30:00,PL-03-DIST,1350-00-01-03,東港所琉球上杉線小區,22.3506983,120.3696412,27.96,mH2O,synthetic
2026-09-03T12:45:00,PL-03-DIST,1350-00-01-03,東港所琉球上杉線小區,22.3506983,120.3696412,27.89,mH2O,synthetic
2026-09-03T13:00:00,PL-03-DIST,1350-00-01-03,東港所琉球上杉線小區,22.3506983,120.3696412,27.92,mH2O,synthetic
2026-09-03T13:15:00,PL-03-DIST,1350-00-01-03,東港所琉球上杉線小區,22.3506983,120.3696412,27.89,mH2O,synthetic
2026-09-03T13:30:00,PL-03-DIST,1350-00-01-03,東港所琉球上杉線小區,22.3506983,120.3696412,28.16,mH2O,synthetic
2026-09-03T13:45:00,PL-03-DIST,1350-00-01-03,東港所琉球上杉線小區,22.3506983,120.3696412,27.92,mH2O,synthetic
2026-09-03T14:00:00,PL-03-DIST,1350-00-01-03,東港所琉球上杉線小區,22.3506983,120.3696412,27.89,mH2O,synthetic
2026-09-03T14:15:00,PL-03-DIST,1350-00-01-03,東港所琉球上杉線小區,22.3506983,120.3696412,27.84,mH2O,synthetic
2026-09-03T14:30:00,PL-03-DIST,1350-00-01-03,東港所琉球上杉線小區,22.3506983,120.3696412,27.63,mH2O,synthetic
2026-09-03T14:45:00,PL-03-DIST,1350-00-01-03,東港所琉球上杉線小區,22.3506983,120.3696412,28.28,mH2O,synthetic
2026-09-03T15:00:00,PL-03-DIST,1350-00-01-03,東港所琉球上杉線小區,22.3506983,120.3696412,28.01,mH2O,synthetic
2026-09-03T15:15:00,PL-03-DIST,1350-00-01-03,東港所琉球上杉線小區,22.3506983,120.3696412,28.02,mH2O,synthetic
2026-09-03T15:30:00,PL-03-DIST,1350-00-01-03,東港所琉球上杉線小區,22.3506983,120.3696412,27.62,mH2O,synthetic
2026-09-03T15:45:00,PL-03-DIST,1350-00-01-03,東港所琉球上杉線小區,22.3506983,120.3696412,27.92,mH2O,synthetic
2026-09-03T16:00:00,PL-03-DIST,1350-00-01-03,東港所琉球上杉線小區,22.3506983,120.3696412,27.44,mH2O,synthetic
2026-09-03T16:15:00,PL-03-DIST,1350-00-01-03,東港所琉球上杉線小區,22.3506983,120.3696412,27.47,mH2O,synthetic
2026-09-03T16:30:00,PL-03-DIST,1350-00-01-03,東港所琉球上杉線小區,22.3506983,120.3696412,26.82,mH2O,synthetic
2026-09-03T16:45:00,PL-03-DIST,1350-00-01-03,東港所琉球上杉線小區,22.3506983,120.3696412,26.41,mH2O,synthetic
2026-09-03T17:00:00,PL-03-DIST,1350-00-01-03,東港所琉球上杉線小區,22.3506983,120.3696412,25.82,mH2O,synthetic
2026-09-03T17:15:00,PL-03-DIST,1350-00-01-03,東港所琉球上杉線小區,22.3506983,120.3696412,25.41,mH2O,synthetic
2026-09-03T17:30:00,PL-03-DIST,1350-00-01-03,東港所琉球上杉線小區,22.3506983,120.3696412,24.86,mH2O,synthetic
2026-09-03T17:45:00,PL-03-DIST,1350-00-01-03,東港所琉球上杉線小區,22.3506983,120.3696412,24.54,mH2O,synthetic
2026-09-03T18:00:00,PL-03-DIST,1350-00-01-03,東港所琉球上杉線小區,22.3506983,120.3696412,23.98,mH2O,synthetic
2026-09-03T18:15:00,PL-03-DIST,1350-00-01-03,東港所琉球上杉線小區,22.3506983,120.3696412,23.15,mH2O,synthetic
2026-09-03T18:30:00,PL-03-DIST,1350-00-01-03,東港所琉球上杉線小區,22.3506983,120.3696412,23.01,mH2O,synthetic
2026-09-03T18:45:00,PL-03-DIST,1350-00-01-03,東港所琉球上杉線小區,22.3506983,120.3696412,21.89,mH2O,synthetic
2026-09-03T19:00:00,PL-03-DIST,1350-00-01-03,東港所琉球上杉線小區,22.3506983,120.3696412,22.3,mH2O,synthetic
2026-09-03T19:15:00,PL-03-DIST,1350-00-01-03,東港所琉球上杉線小區,22.3506983,120.3696412,22.54,mH2O,synthetic
2026-09-03T19:30:00,PL-03-DIST,1350-00-01-03,東港所琉球上杉線小區,22.3506983,120.3696412,22.93,mH2O,synthetic
2026-09-03T19:45:00,PL-03-DIST,1350-00-01-03,東港所琉球上杉線小區,22.3506983,120.3696412,23.23,mH2O,synthetic
2026-09-03T20:00:00,PL-03-DIST,1350-00-01-03,東港所琉球上杉線小區,22.3506983,120.3696412,23.63,mH2O,synthetic
2026-09-03T20:15:00,PL-03-DIST,1350-00-01-03,東港所琉球上杉線小區,22.3506983,120.3696412,24.11,mH2O,synthetic
2026-09-03T20:30:00,PL-03-DIST,1350-00-01-03,東港所琉球上杉線小區,22.3506983,120.3696412,24.63,mH2O,synthetic
2026-09-03T20:45:00,PL-03-DIST,1350-00-01-03,東港所琉球上杉線小區,22.3506983,120.3696412,25.81,mH2O,synthetic
2026-09-03T21:00:00,PL-03-DIST,1350-00-01-03,東港所琉球上杉線小區,22.3506983,120.3696412,26.19,mH2O,synthetic
2026-09-03T21:15:00,PL-03-DIST,1350-00-01-03,東港所琉球上杉線小區,22.3506983,120.3696412,26.71,mH2O,synthetic
2026-09-03T21:30:00,PL-03-DIST,1350-00-01-03,東港所琉球上杉線小區,22.3506983,120.3696412,26.83,mH2O,synthetic
2026-09-03T21:45:00,PL-03-DIST,1350-00-01-03,東港所琉球上杉線小區,22.3506983,120.3696412,27.04,mH2O,synthetic
2026-09-03T22:00:00,PL-03-DIST,1350-00-01-03,東港所琉球上杉線小區,22.3506983,120.3696412,27.53,mH2O,synthetic
2026-09-03T22:15:00,PL-03-DIST,1350-00-01-03,東港所琉球上杉線小區,22.3506983,120.3696412,27.6,mH2O,synthetic
2026-09-03T22:30:00,PL-03-DIST,1350-00-01-03,東港所琉球上杉線小區,22.3506983,120.3696412,27.71,mH2O,synthetic
2026-09-03T22:45:00,PL-03-DIST,1350-00-01-03,東港所琉球上杉線小區,22.3506983,120.3696412,27.83,mH2O,synthetic
2026-09-03T23:00:00,PL-03-DIST,1350-00-01-03,東港所琉球上杉線小區,22.3506983,120.3696412,27.76,mH2O,synthetic
2026-09-03T23:15:00,PL-03-DIST,1350-00-01-03,東港所琉球上杉線小區,22.3506983,120.3696412,27.75,mH2O,synthetic
2026-09-03T23:30:00,PL-03-DIST,1350-00-01-03,東港所琉球上杉線小區,22.3506983,120.3696412,27.91,mH2O,synthetic
2026-09-03T23:45:00,PL-03-DIST,1350-00-01-03,東港所琉球上杉線小區,22.3506983,120.3696412,27.68,mH2O,synthetic
2026-09-01T00:00:00,PL-04-IN,1350-00-01-04,東港所琉球天福線小區,22.341343,120.3705992,42.51,mH2O,synthetic
2026-09-01T00:15:00,PL-04-IN,1350-00-01-04,東港所琉球天福線小區,22.341343,120.3705992,42.69,mH2O,synthetic
2026-09-01T00:30:00,PL-04-IN,1350-00-01-04,東港所琉球天福線小區,22.341343,120.3705992,42.48,mH2O,synthetic
2026-09-01T00:45:00,PL-04-IN,1350-00-01-04,東港所琉球天福線小區,22.341343,120.3705992,42.4,mH2O,synthetic
2026-09-01T01:00:00,PL-04-IN,1350-00-01-04,東港所琉球天福線小區,22.341343,120.3705992,43.07,mH2O,synthetic
2026-09-01T01:15:00,PL-04-IN,1350-00-01-04,東港所琉球天福線小區,22.341343,120.3705992,43.23,mH2O,synthetic
2026-09-01T01:30:00,PL-04-IN,1350-00-01-04,東港所琉球天福線小區,22.341343,120.3705992,43.38,mH2O,synthetic
2026-09-01T01:45:00,PL-04-IN,1350-00-01-04,東港所琉球天福線小區,22.341343,120.3705992,43.27,mH2O,synthetic
2026-09-01T02:00:00,PL-04-IN,1350-00-01-04,東港所琉球天福線小區,22.341343,120.3705992,43.32,mH2O,synthetic
2026-09-01T02:15:00,PL-04-IN,1350-00-01-04,東港所琉球天福線小區,22.341343,120.3705992,44.26,mH2O,synthetic
2026-09-01T02:30:00,PL-04-IN,1350-00-01-04,東港所琉球天福線小區,22.341343,120.3705992,43.96,mH2O,synthetic
2026-09-01T02:45:00,PL-04-IN,1350-00-01-04,東港所琉球天福線小區,22.341343,120.3705992,44.19,mH2O,synthetic
2026-09-01T03:00:00,PL-04-IN,1350-00-01-04,東港所琉球天福線小區,22.341343,120.3705992,44.08,mH2O,synthetic
2026-09-01T03:15:00,PL-04-IN,1350-00-01-04,東港所琉球天福線小區,22.341343,120.3705992,44.16,mH2O,synthetic
2026-09-01T03:30:00,PL-04-IN,1350-00-01-04,東港所琉球天福線小區,22.341343,120.3705992,43.72,mH2O,synthetic
2026-09-01T03:45:00,PL-04-IN,1350-00-01-04,東港所琉球天福線小區,22.341343,120.3705992,43.78,mH2O,synthetic
2026-09-01T04:00:00,PL-04-IN,1350-00-01-04,東港所琉球天福線小區,22.341343,120.3705992,43.41,mH2O,synthetic
2026-09-01T04:15:00,PL-04-IN,1350-00-01-04,東港所琉球天福線小區,22.341343,120.3705992,43.27,mH2O,synthetic
2026-09-01T04:30:00,PL-04-IN,1350-00-01-04,東港所琉球天福線小區,22.341343,120.3705992,43.12,mH2O,synthetic
2026-09-01T04:45:00,PL-04-IN,1350-00-01-04,東港所琉球天福線小區,22.341343,120.3705992,42.61,mH2O,synthetic
2026-09-01T05:00:00,PL-04-IN,1350-00-01-04,東港所琉球天福線小區,22.341343,120.3705992,42.6,mH2O,synthetic
2026-09-01T05:15:00,PL-04-IN,1350-00-01-04,東港所琉球天福線小區,22.341343,120.3705992,42.19,mH2O,synthetic
2026-09-01T05:30:00,PL-04-IN,1350-00-01-04,東港所琉球天福線小區,22.341343,120.3705992,41.69,mH2O,synthetic
2026-09-01T05:45:00,PL-04-IN,1350-00-01-04,東港所琉球天福線小區,22.341343,120.3705992,41.48,mH2O,synthetic
2026-09-01T06:00:00,PL-04-IN,1350-00-01-04,東港所琉球天福線小區,22.341343,120.3705992,41.01,mH2O,synthetic
2026-09-01T06:15:00,PL-04-IN,1350-00-01-04,東港所琉球天福線小區,22.341343,120.3705992,40.31,mH2O,synthetic
2026-09-01T06:30:00,PL-04-IN,1350-00-01-04,東港所琉球天福線小區,22.341343,120.3705992,39.92,mH2O,synthetic
2026-09-01T06:45:00,PL-04-IN,1350-00-01-04,東港所琉球天福線小區,22.341343,120.3705992,39.16,mH2O,synthetic
2026-09-01T07:00:00,PL-04-IN,1350-00-01-04,東港所琉球天福線小區,22.341343,120.3705992,38.86,mH2O,synthetic
2026-09-01T07:15:00,PL-04-IN,1350-00-01-04,東港所琉球天福線小區,22.341343,120.3705992,38.28,mH2O,synthetic
2026-09-01T07:30:00,PL-04-IN,1350-00-01-04,東港所琉球天福線小區,22.341343,120.3705992,38.44,mH2O,synthetic
2026-09-01T07:45:00,PL-04-IN,1350-00-01-04,東港所琉球天福線小區,22.341343,120.3705992,38.48,mH2O,synthetic
2026-09-01T08:00:00,PL-04-IN,1350-00-01-04,東港所琉球天福線小區,22.341343,120.3705992,38.3,mH2O,synthetic
2026-09-01T08:15:00,PL-04-IN,1350-00-01-04,東港所琉球天福線小區,22.341343,120.3705992,38.71,mH2O,synthetic
2026-09-01T08:30:00,PL-04-IN,1350-00-01-04,東港所琉球天福線小區,22.341343,120.3705992,39.92,mH2O,synthetic
2026-09-01T08:45:00,PL-04-IN,1350-00-01-04,東港所琉球天福線小區,22.341343,120.3705992,39.62,mH2O,synthetic
2026-09-01T09:00:00,PL-04-IN,1350-00-01-04,東港所琉球天福線小區,22.341343,120.3705992,40.24,mH2O,synthetic
2026-09-01T09:15:00,PL-04-IN,1350-00-01-04,東港所琉球天福線小區,22.341343,120.3705992,40.96,mH2O,synthetic
2026-09-01T09:30:00,PL-04-IN,1350-00-01-04,東港所琉球天福線小區,22.341343,120.3705992,41.49,mH2O,synthetic
2026-09-01T09:45:00,PL-04-IN,1350-00-01-04,東港所琉球天福線小區,22.341343,120.3705992,41.32,mH2O,synthetic
2026-09-01T10:00:00,PL-04-IN,1350-00-01-04,東港所琉球天福線小區,22.341343,120.3705992,41.49,mH2O,synthetic
2026-09-01T10:15:00,PL-04-IN,1350-00-01-04,東港所琉球天福線小區,22.341343,120.3705992,42.08,mH2O,synthetic
2026-09-01T10:30:00,PL-04-IN,1350-00-01-04,東港所琉球天福線小區,22.341343,120.3705992,41.95,mH2O,synthetic
2026-09-01T10:45:00,PL-04-IN,1350-00-01-04,東港所琉球天福線小區,22.341343,120.3705992,41.4,mH2O,synthetic
2026-09-01T11:00:00,PL-04-IN,1350-00-01-04,東港所琉球天福線小區,22.341343,120.3705992,41.98,mH2O,synthetic
2026-09-01T11:15:00,PL-04-IN,1350-00-01-04,東港所琉球天福線小區,22.341343,120.3705992,41.95,mH2O,synthetic
2026-09-01T11:30:00,PL-04-IN,1350-00-01-04,東港所琉球天福線小區,22.341343,120.3705992,42.15,mH2O,synthetic
2026-09-01T11:45:00,PL-04-IN,1350-00-01-04,東港所琉球天福線小區,22.341343,120.3705992,42.07,mH2O,synthetic
2026-09-01T12:00:00,PL-04-IN,1350-00-01-04,東港所琉球天福線小區,22.341343,120.3705992,42.07,mH2O,synthetic
2026-09-01T12:15:00,PL-04-IN,1350-00-01-04,東港所琉球天福線小區,22.341343,120.3705992,42.02,mH2O,synthetic
2026-09-01T12:30:00,PL-04-IN,1350-00-01-04,東港所琉球天福線小區,22.341343,120.3705992,42.06,mH2O,synthetic
2026-09-01T12:45:00,PL-04-IN,1350-00-01-04,東港所琉球天福線小區,22.341343,120.3705992,41.75,mH2O,synthetic
2026-09-01T13:00:00,PL-04-IN,1350-00-01-04,東港所琉球天福線小區,22.341343,120.3705992,41.82,mH2O,synthetic
2026-09-01T13:15:00,PL-04-IN,1350-00-01-04,東港所琉球天福線小區,22.341343,120.3705992,41.81,mH2O,synthetic
2026-09-01T13:30:00,PL-04-IN,1350-00-01-04,東港所琉球天福線小區,22.341343,120.3705992,41.7,mH2O,synthetic
2026-09-01T13:45:00,PL-04-IN,1350-00-01-04,東港所琉球天福線小區,22.341343,120.3705992,42.17,mH2O,synthetic
2026-09-01T14:00:00,PL-04-IN,1350-00-01-04,東港所琉球天福線小區,22.341343,120.3705992,42.23,mH2O,synthetic
2026-09-01T14:15:00,PL-04-IN,1350-00-01-04,東港所琉球天福線小區,22.341343,120.3705992,42.12,mH2O,synthetic
2026-09-01T14:30:00,PL-04-IN,1350-00-01-04,東港所琉球天福線小區,22.341343,120.3705992,41.84,mH2O,synthetic
2026-09-01T14:45:00,PL-04-IN,1350-00-01-04,東港所琉球天福線小區,22.341343,120.3705992,41.84,mH2O,synthetic
2026-09-01T15:00:00,PL-04-IN,1350-00-01-04,東港所琉球天福線小區,22.341343,120.3705992,41.83,mH2O,synthetic
2026-09-01T15:15:00,PL-04-IN,1350-00-01-04,東港所琉球天福線小區,22.341343,120.3705992,42.13,mH2O,synthetic
2026-09-01T15:30:00,PL-04-IN,1350-00-01-04,東港所琉球天福線小區,22.341343,120.3705992,41.94,mH2O,synthetic
2026-09-01T15:45:00,PL-04-IN,1350-00-01-04,東港所琉球天福線小區,22.341343,120.3705992,42.11,mH2O,synthetic
2026-09-01T16:00:00,PL-04-IN,1350-00-01-04,東港所琉球天福線小區,22.341343,120.3705992,41.39,mH2O,synthetic
2026-09-01T16:15:00,PL-04-IN,1350-00-01-04,東港所琉球天福線小區,22.341343,120.3705992,41.38,mH2O,synthetic
2026-09-01T16:30:00,PL-04-IN,1350-00-01-04,東港所琉球天福線小區,22.341343,120.3705992,40.93,mH2O,synthetic
2026-09-01T16:45:00,PL-04-IN,1350-00-01-04,東港所琉球天福線小區,22.341343,120.3705992,40.62,mH2O,synthetic
2026-09-01T17:00:00,PL-04-IN,1350-00-01-04,東港所琉球天福線小區,22.341343,120.3705992,40.57,mH2O,synthetic
2026-09-01T17:15:00,PL-04-IN,1350-00-01-04,東港所琉球天福線小區,22.341343,120.3705992,40.16,mH2O,synthetic
2026-09-01T17:30:00,PL-04-IN,1350-00-01-04,東港所琉球天福線小區,22.341343,120.3705992,39.72,mH2O,synthetic
2026-09-01T17:45:00,PL-04-IN,1350-00-01-04,東港所琉球天福線小區,22.341343,120.3705992,39.09,mH2O,synthetic
2026-09-01T18:00:00,PL-04-IN,1350-00-01-04,東港所琉球天福線小區,22.341343,120.3705992,39.08,mH2O,synthetic
2026-09-01T18:15:00,PL-04-IN,1350-00-01-04,東港所琉球天福線小區,22.341343,120.3705992,38.64,mH2O,synthetic
2026-09-01T18:30:00,PL-04-IN,1350-00-01-04,東港所琉球天福線小區,22.341343,120.3705992,38.63,mH2O,synthetic
2026-09-01T18:45:00,PL-04-IN,1350-00-01-04,東港所琉球天福線小區,22.341343,120.3705992,38.38,mH2O,synthetic
2026-09-01T19:00:00,PL-04-IN,1350-00-01-04,東港所琉球天福線小區,22.341343,120.3705992,37.91,mH2O,synthetic
2026-09-01T19:15:00,PL-04-IN,1350-00-01-04,東港所琉球天福線小區,22.341343,120.3705992,38.35,mH2O,synthetic
2026-09-01T19:30:00,PL-04-IN,1350-00-01-04,東港所琉球天福線小區,22.341343,120.3705992,38.3,mH2O,synthetic
2026-09-01T19:45:00,PL-04-IN,1350-00-01-04,東港所琉球天福線小區,22.341343,120.3705992,39.04,mH2O,synthetic
2026-09-01T20:00:00,PL-04-IN,1350-00-01-04,東港所琉球天福線小區,22.341343,120.3705992,39.03,mH2O,synthetic
2026-09-01T20:15:00,PL-04-IN,1350-00-01-04,東港所琉球天福線小區,22.341343,120.3705992,39.32,mH2O,synthetic
2026-09-01T20:30:00,PL-04-IN,1350-00-01-04,東港所琉球天福線小區,22.341343,120.3705992,39.75,mH2O,synthetic
2026-09-01T20:45:00,PL-04-IN,1350-00-01-04,東港所琉球天福線小區,22.341343,120.3705992,39.9,mH2O,synthetic
2026-09-01T21:00:00,PL-04-IN,1350-00-01-04,東港所琉球天福線小區,22.341343,120.3705992,40.88,mH2O,synthetic
2026-09-01T21:15:00,PL-04-IN,1350-00-01-04,東港所琉球天福線小區,22.341343,120.3705992,41.39,mH2O,synthetic
2026-09-01T21:30:00,PL-04-IN,1350-00-01-04,東港所琉球天福線小區,22.341343,120.3705992,40.82,mH2O,synthetic
2026-09-01T21:45:00,PL-04-IN,1350-00-01-04,東港所琉球天福線小區,22.341343,120.3705992,41.37,mH2O,synthetic
2026-09-01T22:00:00,PL-04-IN,1350-00-01-04,東港所琉球天福線小區,22.341343,120.3705992,41.58,mH2O,synthetic
2026-09-01T22:15:00,PL-04-IN,1350-00-01-04,東港所琉球天福線小區,22.341343,120.3705992,41.6,mH2O,synthetic
2026-09-01T22:30:00,PL-04-IN,1350-00-01-04,東港所琉球天福線小區,22.341343,120.3705992,42.09,mH2O,synthetic
2026-09-01T22:45:00,PL-04-IN,1350-00-01-04,東港所琉球天福線小區,22.341343,120.3705992,42.16,mH2O,synthetic
2026-09-01T23:00:00,PL-04-IN,1350-00-01-04,東港所琉球天福線小區,22.341343,120.3705992,41.88,mH2O,synthetic
2026-09-01T23:15:00,PL-04-IN,1350-00-01-04,東港所琉球天福線小區,22.341343,120.3705992,42.41,mH2O,synthetic
2026-09-01T23:30:00,PL-04-IN,1350-00-01-04,東港所琉球天福線小區,22.341343,120.3705992,41.98,mH2O,synthetic
2026-09-01T23:45:00,PL-04-IN,1350-00-01-04,東港所琉球天福線小區,22.341343,120.3705992,41.93,mH2O,synthetic
2026-09-02T00:00:00,PL-04-IN,1350-00-01-04,東港所琉球天福線小區,22.341343,120.3705992,42.44,mH2O,synthetic
2026-09-02T00:15:00,PL-04-IN,1350-00-01-04,東港所琉球天福線小區,22.341343,120.3705992,42.34,mH2O,synthetic
2026-09-02T00:30:00,PL-04-IN,1350-00-01-04,東港所琉球天福線小區,22.341343,120.3705992,42.96,mH2O,synthetic
2026-09-02T00:45:00,PL-04-IN,1350-00-01-04,東港所琉球天福線小區,22.341343,120.3705992,42.94,mH2O,synthetic
2026-09-02T01:00:00,PL-04-IN,1350-00-01-04,東港所琉球天福線小區,22.341343,120.3705992,42.91,mH2O,synthetic
2026-09-02T01:15:00,PL-04-IN,1350-00-01-04,東港所琉球天福線小區,22.341343,120.3705992,43.14,mH2O,synthetic
2026-09-02T01:30:00,PL-04-IN,1350-00-01-04,東港所琉球天福線小區,22.341343,120.3705992,43.17,mH2O,synthetic
2026-09-02T01:45:00,PL-04-IN,1350-00-01-04,東港所琉球天福線小區,22.341343,120.3705992,43.62,mH2O,synthetic
2026-09-02T02:00:00,PL-04-IN,1350-00-01-04,東港所琉球天福線小區,22.341343,120.3705992,43.45,mH2O,synthetic
2026-09-02T02:15:00,PL-04-IN,1350-00-01-04,東港所琉球天福線小區,22.341343,120.3705992,43.89,mH2O,synthetic
2026-09-02T02:30:00,PL-04-IN,1350-00-01-04,東港所琉球天福線小區,22.341343,120.3705992,43.89,mH2O,synthetic
2026-09-02T02:45:00,PL-04-IN,1350-00-01-04,東港所琉球天福線小區,22.341343,120.3705992,44.2,mH2O,synthetic
2026-09-02T03:00:00,PL-04-IN,1350-00-01-04,東港所琉球天福線小區,22.341343,120.3705992,44.33,mH2O,synthetic
2026-09-02T03:15:00,PL-04-IN,1350-00-01-04,東港所琉球天福線小區,22.341343,120.3705992,44.25,mH2O,synthetic
2026-09-02T03:30:00,PL-04-IN,1350-00-01-04,東港所琉球天福線小區,22.341343,120.3705992,43.97,mH2O,synthetic
2026-09-02T03:45:00,PL-04-IN,1350-00-01-04,東港所琉球天福線小區,22.341343,120.3705992,43.72,mH2O,synthetic
2026-09-02T04:00:00,PL-04-IN,1350-00-01-04,東港所琉球天福線小區,22.341343,120.3705992,43.64,mH2O,synthetic
2026-09-02T04:15:00,PL-04-IN,1350-00-01-04,東港所琉球天福線小區,22.341343,120.3705992,43.51,mH2O,synthetic
2026-09-02T04:30:00,PL-04-IN,1350-00-01-04,東港所琉球天福線小區,22.341343,120.3705992,43.38,mH2O,synthetic
2026-09-02T04:45:00,PL-04-IN,1350-00-01-04,東港所琉球天福線小區,22.341343,120.3705992,42.88,mH2O,synthetic
2026-09-02T05:00:00,PL-04-IN,1350-00-01-04,東港所琉球天福線小區,22.341343,120.3705992,42.49,mH2O,synthetic
2026-09-02T05:15:00,PL-04-IN,1350-00-01-04,東港所琉球天福線小區,22.341343,120.3705992,42.39,mH2O,synthetic
2026-09-02T05:30:00,PL-04-IN,1350-00-01-04,東港所琉球天福線小區,22.341343,120.3705992,42.25,mH2O,synthetic
2026-09-02T05:45:00,PL-04-IN,1350-00-01-04,東港所琉球天福線小區,22.341343,120.3705992,41.92,mH2O,synthetic
2026-09-02T06:00:00,PL-04-IN,1350-00-01-04,東港所琉球天福線小區,22.341343,120.3705992,41.19,mH2O,synthetic
2026-09-02T06:15:00,PL-04-IN,1350-00-01-04,東港所琉球天福線小區,22.341343,120.3705992,40.27,mH2O,synthetic
2026-09-02T06:30:00,PL-04-IN,1350-00-01-04,東港所琉球天福線小區,22.341343,120.3705992,39.78,mH2O,synthetic
2026-09-02T06:45:00,PL-04-IN,1350-00-01-04,東港所琉球天福線小區,22.341343,120.3705992,38.81,mH2O,synthetic
2026-09-02T07:00:00,PL-04-IN,1350-00-01-04,東港所琉球天福線小區,22.341343,120.3705992,38.44,mH2O,synthetic
2026-09-02T07:15:00,PL-04-IN,1350-00-01-04,東港所琉球天福線小區,22.341343,120.3705992,38.44,mH2O,synthetic
2026-09-02T07:30:00,PL-04-IN,1350-00-01-04,東港所琉球天福線小區,22.341343,120.3705992,37.94,mH2O,synthetic
2026-09-02T07:45:00,PL-04-IN,1350-00-01-04,東港所琉球天福線小區,22.341343,120.3705992,38.49,mH2O,synthetic
2026-09-02T08:00:00,PL-04-IN,1350-00-01-04,東港所琉球天福線小區,22.341343,120.3705992,38.51,mH2O,synthetic
2026-09-02T08:15:00,PL-04-IN,1350-00-01-04,東港所琉球天福線小區,22.341343,120.3705992,38.95,mH2O,synthetic
2026-09-02T08:30:00,PL-04-IN,1350-00-01-04,東港所琉球天福線小區,22.341343,120.3705992,39.09,mH2O,synthetic
2026-09-02T08:45:00,PL-04-IN,1350-00-01-04,東港所琉球天福線小區,22.341343,120.3705992,39.9,mH2O,synthetic
2026-09-02T09:00:00,PL-04-IN,1350-00-01-04,東港所琉球天福線小區,22.341343,120.3705992,40.24,mH2O,synthetic
2026-09-02T09:15:00,PL-04-IN,1350-00-01-04,東港所琉球天福線小區,22.341343,120.3705992,40.92,mH2O,synthetic
2026-09-02T09:30:00,PL-04-IN,1350-00-01-04,東港所琉球天福線小區,22.341343,120.3705992,41.52,mH2O,synthetic
2026-09-02T09:45:00,PL-04-IN,1350-00-01-04,東港所琉球天福線小區,22.341343,120.3705992,40.96,mH2O,synthetic
2026-09-02T10:00:00,PL-04-IN,1350-00-01-04,東港所琉球天福線小區,22.341343,120.3705992,41.79,mH2O,synthetic
2026-09-02T10:15:00,PL-04-IN,1350-00-01-04,東港所琉球天福線小區,22.341343,120.3705992,41.8,mH2O,synthetic
2026-09-02T10:30:00,PL-04-IN,1350-00-01-04,東港所琉球天福線小區,22.341343,120.3705992,41.73,mH2O,synthetic
2026-09-02T10:45:00,PL-04-IN,1350-00-01-04,東港所琉球天福線小區,22.341343,120.3705992,41.99,mH2O,synthetic
2026-09-02T11:00:00,PL-04-IN,1350-00-01-04,東港所琉球天福線小區,22.341343,120.3705992,42.08,mH2O,synthetic
2026-09-02T11:15:00,PL-04-IN,1350-00-01-04,東港所琉球天福線小區,22.341343,120.3705992,41.82,mH2O,synthetic
2026-09-02T11:30:00,PL-04-IN,1350-00-01-04,東港所琉球天福線小區,22.341343,120.3705992,41.97,mH2O,synthetic
2026-09-02T11:45:00,PL-04-IN,1350-00-01-04,東港所琉球天福線小區,22.341343,120.3705992,41.99,mH2O,synthetic
2026-09-02T12:00:00,PL-04-IN,1350-00-01-04,東港所琉球天福線小區,22.341343,120.3705992,42.09,mH2O,synthetic
2026-09-02T12:15:00,PL-04-IN,1350-00-01-04,東港所琉球天福線小區,22.341343,120.3705992,42.27,mH2O,synthetic
2026-09-02T12:30:00,PL-04-IN,1350-00-01-04,東港所琉球天福線小區,22.341343,120.3705992,41.9,mH2O,synthetic
2026-09-02T12:45:00,PL-04-IN,1350-00-01-04,東港所琉球天福線小區,22.341343,120.3705992,42.29,mH2O,synthetic
2026-09-02T13:00:00,PL-04-IN,1350-00-01-04,東港所琉球天福線小區,22.341343,120.3705992,41.71,mH2O,synthetic
2026-09-02T13:15:00,PL-04-IN,1350-00-01-04,東港所琉球天福線小區,22.341343,120.3705992,42.07,mH2O,synthetic
2026-09-02T13:30:00,PL-04-IN,1350-00-01-04,東港所琉球天福線小區,22.341343,120.3705992,41.62,mH2O,synthetic
2026-09-02T13:45:00,PL-04-IN,1350-00-01-04,東港所琉球天福線小區,22.341343,120.3705992,42.01,mH2O,synthetic
2026-09-02T14:00:00,PL-04-IN,1350-00-01-04,東港所琉球天福線小區,22.341343,120.3705992,42.15,mH2O,synthetic
2026-09-02T14:15:00,PL-04-IN,1350-00-01-04,東港所琉球天福線小區,22.341343,120.3705992,42.43,mH2O,synthetic
2026-09-02T14:30:00,PL-04-IN,1350-00-01-04,東港所琉球天福線小區,22.341343,120.3705992,41.99,mH2O,synthetic
2026-09-02T14:45:00,PL-04-IN,1350-00-01-04,東港所琉球天福線小區,22.341343,120.3705992,41.79,mH2O,synthetic
2026-09-02T15:00:00,PL-04-IN,1350-00-01-04,東港所琉球天福線小區,22.341343,120.3705992,42.16,mH2O,synthetic
2026-09-02T15:15:00,PL-04-IN,1350-00-01-04,東港所琉球天福線小區,22.341343,120.3705992,41.9,mH2O,synthetic
2026-09-02T15:30:00,PL-04-IN,1350-00-01-04,東港所琉球天福線小區,22.341343,120.3705992,41.84,mH2O,synthetic
2026-09-02T15:45:00,PL-04-IN,1350-00-01-04,東港所琉球天福線小區,22.341343,120.3705992,41.93,mH2O,synthetic
2026-09-02T16:00:00,PL-04-IN,1350-00-01-04,東港所琉球天福線小區,22.341343,120.3705992,41.84,mH2O,synthetic
2026-09-02T16:15:00,PL-04-IN,1350-00-01-04,東港所琉球天福線小區,22.341343,120.3705992,41.05,mH2O,synthetic
2026-09-02T16:30:00,PL-04-IN,1350-00-01-04,東港所琉球天福線小區,22.341343,120.3705992,41.21,mH2O,synthetic
2026-09-02T16:45:00,PL-04-IN,1350-00-01-04,東港所琉球天福線小區,22.341343,120.3705992,40.92,mH2O,synthetic
2026-09-02T17:00:00,PL-04-IN,1350-00-01-04,東港所琉球天福線小區,22.341343,120.3705992,40.37,mH2O,synthetic
2026-09-02T17:15:00,PL-04-IN,1350-00-01-04,東港所琉球天福線小區,22.341343,120.3705992,39.88,mH2O,synthetic
2026-09-02T17:30:00,PL-04-IN,1350-00-01-04,東港所琉球天福線小區,22.341343,120.3705992,39.82,mH2O,synthetic
2026-09-02T17:45:00,PL-04-IN,1350-00-01-04,東港所琉球天福線小區,22.341343,120.3705992,39.33,mH2O,synthetic
2026-09-02T18:00:00,PL-04-IN,1350-00-01-04,東港所琉球天福線小區,22.341343,120.3705992,38.88,mH2O,synthetic
2026-09-02T18:15:00,PL-04-IN,1350-00-01-04,東港所琉球天福線小區,22.341343,120.3705992,38.67,mH2O,synthetic
2026-09-02T18:30:00,PL-04-IN,1350-00-01-04,東港所琉球天福線小區,22.341343,120.3705992,38.35,mH2O,synthetic
2026-09-02T18:45:00,PL-04-IN,1350-00-01-04,東港所琉球天福線小區,22.341343,120.3705992,38.26,mH2O,synthetic
2026-09-02T19:00:00,PL-04-IN,1350-00-01-04,東港所琉球天福線小區,22.341343,120.3705992,38.55,mH2O,synthetic
2026-09-02T19:15:00,PL-04-IN,1350-00-01-04,東港所琉球天福線小區,22.341343,120.3705992,38.25,mH2O,synthetic
2026-09-02T19:30:00,PL-04-IN,1350-00-01-04,東港所琉球天福線小區,22.341343,120.3705992,38.84,mH2O,synthetic
2026-09-02T19:45:00,PL-04-IN,1350-00-01-04,東港所琉球天福線小區,22.341343,120.3705992,38.97,mH2O,synthetic
2026-09-02T20:00:00,PL-04-IN,1350-00-01-04,東港所琉球天福線小區,22.341343,120.3705992,39.25,mH2O,synthetic
2026-09-02T20:15:00,PL-04-IN,1350-00-01-04,東港所琉球天福線小區,22.341343,120.3705992,39.27,mH2O,synthetic
2026-09-02T20:30:00,PL-04-IN,1350-00-01-04,東港所琉球天福線小區,22.341343,120.3705992,39.77,mH2O,synthetic
2026-09-02T20:45:00,PL-04-IN,1350-00-01-04,東港所琉球天福線小區,22.341343,120.3705992,40.03,mH2O,synthetic
2026-09-02T21:00:00,PL-04-IN,1350-00-01-04,東港所琉球天福線小區,22.341343,120.3705992,40.69,mH2O,synthetic
2026-09-02T21:15:00,PL-04-IN,1350-00-01-04,東港所琉球天福線小區,22.341343,120.3705992,40.91,mH2O,synthetic
2026-09-02T21:30:00,PL-04-IN,1350-00-01-04,東港所琉球天福線小區,22.341343,120.3705992,41.3,mH2O,synthetic
2026-09-02T21:45:00,PL-04-IN,1350-00-01-04,東港所琉球天福線小區,22.341343,120.3705992,41.49,mH2O,synthetic
2026-09-02T22:00:00,PL-04-IN,1350-00-01-04,東港所琉球天福線小區,22.341343,120.3705992,41.64,mH2O,synthetic
2026-09-02T22:15:00,PL-04-IN,1350-00-01-04,東港所琉球天福線小區,22.341343,120.3705992,41.65,mH2O,synthetic
2026-09-02T22:30:00,PL-04-IN,1350-00-01-04,東港所琉球天福線小區,22.341343,120.3705992,41.61,mH2O,synthetic
2026-09-02T22:45:00,PL-04-IN,1350-00-01-04,東港所琉球天福線小區,22.341343,120.3705992,41.79,mH2O,synthetic
2026-09-02T23:00:00,PL-04-IN,1350-00-01-04,東港所琉球天福線小區,22.341343,120.3705992,42.09,mH2O,synthetic
2026-09-02T23:15:00,PL-04-IN,1350-00-01-04,東港所琉球天福線小區,22.341343,120.3705992,41.92,mH2O,synthetic
2026-09-02T23:30:00,PL-04-IN,1350-00-01-04,東港所琉球天福線小區,22.341343,120.3705992,41.96,mH2O,synthetic
2026-09-02T23:45:00,PL-04-IN,1350-00-01-04,東港所琉球天福線小區,22.341343,120.3705992,42.18,mH2O,synthetic
2026-09-03T00:00:00,PL-04-IN,1350-00-01-04,東港所琉球天福線小區,22.341343,120.3705992,42.49,mH2O,synthetic
2026-09-03T00:15:00,PL-04-IN,1350-00-01-04,東港所琉球天福線小區,22.341343,120.3705992,42.18,mH2O,synthetic
2026-09-03T00:30:00,PL-04-IN,1350-00-01-04,東港所琉球天福線小區,22.341343,120.3705992,42.63,mH2O,synthetic
2026-09-03T00:45:00,PL-04-IN,1350-00-01-04,東港所琉球天福線小區,22.341343,120.3705992,42.61,mH2O,synthetic
2026-09-03T01:00:00,PL-04-IN,1350-00-01-04,東港所琉球天福線小區,22.341343,120.3705992,42.97,mH2O,synthetic
2026-09-03T01:15:00,PL-04-IN,1350-00-01-04,東港所琉球天福線小區,22.341343,120.3705992,43.26,mH2O,synthetic
2026-09-03T01:30:00,PL-04-IN,1350-00-01-04,東港所琉球天福線小區,22.341343,120.3705992,43.48,mH2O,synthetic
2026-09-03T01:45:00,PL-04-IN,1350-00-01-04,東港所琉球天福線小區,22.341343,120.3705992,43.93,mH2O,synthetic
2026-09-03T02:00:00,PL-04-IN,1350-00-01-04,東港所琉球天福線小區,22.341343,120.3705992,43.63,mH2O,synthetic
2026-09-03T02:15:00,PL-04-IN,1350-00-01-04,東港所琉球天福線小區,22.341343,120.3705992,43.82,mH2O,synthetic
2026-09-03T02:30:00,PL-04-IN,1350-00-01-04,東港所琉球天福線小區,22.341343,120.3705992,44.13,mH2O,synthetic
2026-09-03T02:45:00,PL-04-IN,1350-00-01-04,東港所琉球天福線小區,22.341343,120.3705992,44.29,mH2O,synthetic
2026-09-03T03:00:00,PL-04-IN,1350-00-01-04,東港所琉球天福線小區,22.341343,120.3705992,43.87,mH2O,synthetic
2026-09-03T03:15:00,PL-04-IN,1350-00-01-04,東港所琉球天福線小區,22.341343,120.3705992,44.22,mH2O,synthetic
2026-09-03T03:30:00,PL-04-IN,1350-00-01-04,東港所琉球天福線小區,22.341343,120.3705992,44.14,mH2O,synthetic
2026-09-03T03:45:00,PL-04-IN,1350-00-01-04,東港所琉球天福線小區,22.341343,120.3705992,43.84,mH2O,synthetic
2026-09-03T04:00:00,PL-04-IN,1350-00-01-04,東港所琉球天福線小區,22.341343,120.3705992,43.65,mH2O,synthetic
2026-09-03T04:15:00,PL-04-IN,1350-00-01-04,東港所琉球天福線小區,22.341343,120.3705992,43.67,mH2O,synthetic
2026-09-03T04:30:00,PL-04-IN,1350-00-01-04,東港所琉球天福線小區,22.341343,120.3705992,43.37,mH2O,synthetic
2026-09-03T04:45:00,PL-04-IN,1350-00-01-04,東港所琉球天福線小區,22.341343,120.3705992,43.09,mH2O,synthetic
2026-09-03T05:00:00,PL-04-IN,1350-00-01-04,東港所琉球天福線小區,22.341343,120.3705992,42.54,mH2O,synthetic
2026-09-03T05:15:00,PL-04-IN,1350-00-01-04,東港所琉球天福線小區,22.341343,120.3705992,41.97,mH2O,synthetic
2026-09-03T05:30:00,PL-04-IN,1350-00-01-04,東港所琉球天福線小區,22.341343,120.3705992,41.93,mH2O,synthetic
2026-09-03T05:45:00,PL-04-IN,1350-00-01-04,東港所琉球天福線小區,22.341343,120.3705992,41.45,mH2O,synthetic
2026-09-03T06:00:00,PL-04-IN,1350-00-01-04,東港所琉球天福線小區,22.341343,120.3705992,41.11,mH2O,synthetic
2026-09-03T06:15:00,PL-04-IN,1350-00-01-04,東港所琉球天福線小區,22.341343,120.3705992,40.32,mH2O,synthetic
2026-09-03T06:30:00,PL-04-IN,1350-00-01-04,東港所琉球天福線小區,22.341343,120.3705992,39.61,mH2O,synthetic
2026-09-03T06:45:00,PL-04-IN,1350-00-01-04,東港所琉球天福線小區,22.341343,120.3705992,39.09,mH2O,synthetic
2026-09-03T07:00:00,PL-04-IN,1350-00-01-04,東港所琉球天福線小區,22.341343,120.3705992,38.45,mH2O,synthetic
2026-09-03T07:15:00,PL-04-IN,1350-00-01-04,東港所琉球天福線小區,22.341343,120.3705992,38.56,mH2O,synthetic
2026-09-03T07:30:00,PL-04-IN,1350-00-01-04,東港所琉球天福線小區,22.341343,120.3705992,38.17,mH2O,synthetic
2026-09-03T07:45:00,PL-04-IN,1350-00-01-04,東港所琉球天福線小區,22.341343,120.3705992,38.16,mH2O,synthetic
2026-09-03T08:00:00,PL-04-IN,1350-00-01-04,東港所琉球天福線小區,22.341343,120.3705992,38.58,mH2O,synthetic
2026-09-03T08:15:00,PL-04-IN,1350-00-01-04,東港所琉球天福線小區,22.341343,120.3705992,38.86,mH2O,synthetic
2026-09-03T08:30:00,PL-04-IN,1350-00-01-04,東港所琉球天福線小區,22.341343,120.3705992,39.07,mH2O,synthetic
2026-09-03T08:45:00,PL-04-IN,1350-00-01-04,東港所琉球天福線小區,22.341343,120.3705992,39.85,mH2O,synthetic
2026-09-03T09:00:00,PL-04-IN,1350-00-01-04,東港所琉球天福線小區,22.341343,120.3705992,40.13,mH2O,synthetic
2026-09-03T09:15:00,PL-04-IN,1350-00-01-04,東港所琉球天福線小區,22.341343,120.3705992,40.84,mH2O,synthetic
2026-09-03T09:30:00,PL-04-IN,1350-00-01-04,東港所琉球天福線小區,22.341343,120.3705992,40.92,mH2O,synthetic
2026-09-03T09:45:00,PL-04-IN,1350-00-01-04,東港所琉球天福線小區,22.341343,120.3705992,41.64,mH2O,synthetic
2026-09-03T10:00:00,PL-04-IN,1350-00-01-04,東港所琉球天福線小區,22.341343,120.3705992,41.73,mH2O,synthetic
2026-09-03T10:15:00,PL-04-IN,1350-00-01-04,東港所琉球天福線小區,22.341343,120.3705992,41.85,mH2O,synthetic
2026-09-03T10:30:00,PL-04-IN,1350-00-01-04,東港所琉球天福線小區,22.341343,120.3705992,42.2,mH2O,synthetic
2026-09-03T10:45:00,PL-04-IN,1350-00-01-04,東港所琉球天福線小區,22.341343,120.3705992,41.4,mH2O,synthetic
2026-09-03T11:00:00,PL-04-IN,1350-00-01-04,東港所琉球天福線小區,22.341343,120.3705992,42.25,mH2O,synthetic
2026-09-03T11:15:00,PL-04-IN,1350-00-01-04,東港所琉球天福線小區,22.341343,120.3705992,42.29,mH2O,synthetic
2026-09-03T11:30:00,PL-04-IN,1350-00-01-04,東港所琉球天福線小區,22.341343,120.3705992,41.78,mH2O,synthetic
2026-09-03T11:45:00,PL-04-IN,1350-00-01-04,東港所琉球天福線小區,22.341343,120.3705992,42.22,mH2O,synthetic
2026-09-03T12:00:00,PL-04-IN,1350-00-01-04,東港所琉球天福線小區,22.341343,120.3705992,41.82,mH2O,synthetic
2026-09-03T12:15:00,PL-04-IN,1350-00-01-04,東港所琉球天福線小區,22.341343,120.3705992,41.77,mH2O,synthetic
2026-09-03T12:30:00,PL-04-IN,1350-00-01-04,東港所琉球天福線小區,22.341343,120.3705992,41.98,mH2O,synthetic
2026-09-03T12:45:00,PL-04-IN,1350-00-01-04,東港所琉球天福線小區,22.341343,120.3705992,42.4,mH2O,synthetic
2026-09-03T13:00:00,PL-04-IN,1350-00-01-04,東港所琉球天福線小區,22.341343,120.3705992,42.08,mH2O,synthetic
2026-09-03T13:15:00,PL-04-IN,1350-00-01-04,東港所琉球天福線小區,22.341343,120.3705992,42.01,mH2O,synthetic
2026-09-03T13:30:00,PL-04-IN,1350-00-01-04,東港所琉球天福線小區,22.341343,120.3705992,42.19,mH2O,synthetic
2026-09-03T13:45:00,PL-04-IN,1350-00-01-04,東港所琉球天福線小區,22.341343,120.3705992,41.86,mH2O,synthetic
2026-09-03T14:00:00,PL-04-IN,1350-00-01-04,東港所琉球天福線小區,22.341343,120.3705992,42.32,mH2O,synthetic
2026-09-03T14:15:00,PL-04-IN,1350-00-01-04,東港所琉球天福線小區,22.341343,120.3705992,42.33,mH2O,synthetic
2026-09-03T14:30:00,PL-04-IN,1350-00-01-04,東港所琉球天福線小區,22.341343,120.3705992,42.07,mH2O,synthetic
2026-09-03T14:45:00,PL-04-IN,1350-00-01-04,東港所琉球天福線小區,22.341343,120.3705992,41.79,mH2O,synthetic
2026-09-03T15:00:00,PL-04-IN,1350-00-01-04,東港所琉球天福線小區,22.341343,120.3705992,42.17,mH2O,synthetic
2026-09-03T15:15:00,PL-04-IN,1350-00-01-04,東港所琉球天福線小區,22.341343,120.3705992,41.95,mH2O,synthetic
2026-09-03T15:30:00,PL-04-IN,1350-00-01-04,東港所琉球天福線小區,22.341343,120.3705992,41.96,mH2O,synthetic
2026-09-03T15:45:00,PL-04-IN,1350-00-01-04,東港所琉球天福線小區,22.341343,120.3705992,41.98,mH2O,synthetic
2026-09-03T16:00:00,PL-04-IN,1350-00-01-04,東港所琉球天福線小區,22.341343,120.3705992,41.7,mH2O,synthetic
2026-09-03T16:15:00,PL-04-IN,1350-00-01-04,東港所琉球天福線小區,22.341343,120.3705992,41.23,mH2O,synthetic
2026-09-03T16:30:00,PL-04-IN,1350-00-01-04,東港所琉球天福線小區,22.341343,120.3705992,41.53,mH2O,synthetic
2026-09-03T16:45:00,PL-04-IN,1350-00-01-04,東港所琉球天福線小區,22.341343,120.3705992,40.99,mH2O,synthetic
2026-09-03T17:00:00,PL-04-IN,1350-00-01-04,東港所琉球天福線小區,22.341343,120.3705992,40.67,mH2O,synthetic
2026-09-03T17:15:00,PL-04-IN,1350-00-01-04,東港所琉球天福線小區,22.341343,120.3705992,40.37,mH2O,synthetic
2026-09-03T17:30:00,PL-04-IN,1350-00-01-04,東港所琉球天福線小區,22.341343,120.3705992,39.9,mH2O,synthetic
2026-09-03T17:45:00,PL-04-IN,1350-00-01-04,東港所琉球天福線小區,22.341343,120.3705992,39.59,mH2O,synthetic
2026-09-03T18:00:00,PL-04-IN,1350-00-01-04,東港所琉球天福線小區,22.341343,120.3705992,39.08,mH2O,synthetic
2026-09-03T18:15:00,PL-04-IN,1350-00-01-04,東港所琉球天福線小區,22.341343,120.3705992,38.66,mH2O,synthetic
2026-09-03T18:30:00,PL-04-IN,1350-00-01-04,東港所琉球天福線小區,22.341343,120.3705992,38.31,mH2O,synthetic
2026-09-03T18:45:00,PL-04-IN,1350-00-01-04,東港所琉球天福線小區,22.341343,120.3705992,38.15,mH2O,synthetic
2026-09-03T19:00:00,PL-04-IN,1350-00-01-04,東港所琉球天福線小區,22.341343,120.3705992,38.14,mH2O,synthetic
2026-09-03T19:15:00,PL-04-IN,1350-00-01-04,東港所琉球天福線小區,22.341343,120.3705992,38.48,mH2O,synthetic
2026-09-03T19:30:00,PL-04-IN,1350-00-01-04,東港所琉球天福線小區,22.341343,120.3705992,38.36,mH2O,synthetic
2026-09-03T19:45:00,PL-04-IN,1350-00-01-04,東港所琉球天福線小區,22.341343,120.3705992,38.67,mH2O,synthetic
2026-09-03T20:00:00,PL-04-IN,1350-00-01-04,東港所琉球天福線小區,22.341343,120.3705992,39.02,mH2O,synthetic
2026-09-03T20:15:00,PL-04-IN,1350-00-01-04,東港所琉球天福線小區,22.341343,120.3705992,39.55,mH2O,synthetic
2026-09-03T20:30:00,PL-04-IN,1350-00-01-04,東港所琉球天福線小區,22.341343,120.3705992,39.98,mH2O,synthetic
2026-09-03T20:45:00,PL-04-IN,1350-00-01-04,東港所琉球天福線小區,22.341343,120.3705992,40.67,mH2O,synthetic
2026-09-03T21:00:00,PL-04-IN,1350-00-01-04,東港所琉球天福線小區,22.341343,120.3705992,40.3,mH2O,synthetic
2026-09-03T21:15:00,PL-04-IN,1350-00-01-04,東港所琉球天福線小區,22.341343,120.3705992,40.88,mH2O,synthetic
2026-09-03T21:30:00,PL-04-IN,1350-00-01-04,東港所琉球天福線小區,22.341343,120.3705992,41.33,mH2O,synthetic
2026-09-03T21:45:00,PL-04-IN,1350-00-01-04,東港所琉球天福線小區,22.341343,120.3705992,41.06,mH2O,synthetic
2026-09-03T22:00:00,PL-04-IN,1350-00-01-04,東港所琉球天福線小區,22.341343,120.3705992,41.98,mH2O,synthetic
2026-09-03T22:15:00,PL-04-IN,1350-00-01-04,東港所琉球天福線小區,22.341343,120.3705992,41.7,mH2O,synthetic
2026-09-03T22:30:00,PL-04-IN,1350-00-01-04,東港所琉球天福線小區,22.341343,120.3705992,41.65,mH2O,synthetic
2026-09-03T22:45:00,PL-04-IN,1350-00-01-04,東港所琉球天福線小區,22.341343,120.3705992,42.1,mH2O,synthetic
2026-09-03T23:00:00,PL-04-IN,1350-00-01-04,東港所琉球天福線小區,22.341343,120.3705992,41.45,mH2O,synthetic
2026-09-03T23:15:00,PL-04-IN,1350-00-01-04,東港所琉球天福線小區,22.341343,120.3705992,42.01,mH2O,synthetic
2026-09-03T23:30:00,PL-04-IN,1350-00-01-04,東港所琉球天福線小區,22.341343,120.3705992,41.76,mH2O,synthetic
2026-09-03T23:45:00,PL-04-IN,1350-00-01-04,東港所琉球天福線小區,22.341343,120.3705992,41.98,mH2O,synthetic
2026-09-01T00:00:00,PL-04-MID,1350-00-01-04,東港所琉球天福線小區,22.3421246,120.3690299,35.47,mH2O,synthetic
2026-09-01T00:15:00,PL-04-MID,1350-00-01-04,東港所琉球天福線小區,22.3421246,120.3690299,35.68,mH2O,synthetic
2026-09-01T00:30:00,PL-04-MID,1350-00-01-04,東港所琉球天福線小區,22.3421246,120.3690299,35.73,mH2O,synthetic
2026-09-01T00:45:00,PL-04-MID,1350-00-01-04,東港所琉球天福線小區,22.3421246,120.3690299,36.27,mH2O,synthetic
2026-09-01T01:00:00,PL-04-MID,1350-00-01-04,東港所琉球天福線小區,22.3421246,120.3690299,36.0,mH2O,synthetic
2026-09-01T01:15:00,PL-04-MID,1350-00-01-04,東港所琉球天福線小區,22.3421246,120.3690299,36.1,mH2O,synthetic
2026-09-01T01:30:00,PL-04-MID,1350-00-01-04,東港所琉球天福線小區,22.3421246,120.3690299,36.64,mH2O,synthetic
2026-09-01T01:45:00,PL-04-MID,1350-00-01-04,東港所琉球天福線小區,22.3421246,120.3690299,36.55,mH2O,synthetic
2026-09-01T02:00:00,PL-04-MID,1350-00-01-04,東港所琉球天福線小區,22.3421246,120.3690299,36.83,mH2O,synthetic
2026-09-01T02:15:00,PL-04-MID,1350-00-01-04,東港所琉球天福線小區,22.3421246,120.3690299,36.02,mH2O,synthetic
2026-09-01T02:30:00,PL-04-MID,1350-00-01-04,東港所琉球天福線小區,22.3421246,120.3690299,37.1,mH2O,synthetic
2026-09-01T02:45:00,PL-04-MID,1350-00-01-04,東港所琉球天福線小區,22.3421246,120.3690299,37.06,mH2O,synthetic
2026-09-01T03:00:00,PL-04-MID,1350-00-01-04,東港所琉球天福線小區,22.3421246,120.3690299,37.0,mH2O,synthetic
2026-09-01T03:15:00,PL-04-MID,1350-00-01-04,東港所琉球天福線小區,22.3421246,120.3690299,36.93,mH2O,synthetic
2026-09-01T03:30:00,PL-04-MID,1350-00-01-04,東港所琉球天福線小區,22.3421246,120.3690299,37.2,mH2O,synthetic
2026-09-01T03:45:00,PL-04-MID,1350-00-01-04,東港所琉球天福線小區,22.3421246,120.3690299,36.43,mH2O,synthetic
2026-09-01T04:00:00,PL-04-MID,1350-00-01-04,東港所琉球天福線小區,22.3421246,120.3690299,37.4,mH2O,synthetic
2026-09-01T04:15:00,PL-04-MID,1350-00-01-04,東港所琉球天福線小區,22.3421246,120.3690299,36.76,mH2O,synthetic
2026-09-01T04:30:00,PL-04-MID,1350-00-01-04,東港所琉球天福線小區,22.3421246,120.3690299,36.36,mH2O,synthetic
2026-09-01T04:45:00,PL-04-MID,1350-00-01-04,東港所琉球天福線小區,22.3421246,120.3690299,36.42,mH2O,synthetic
2026-09-01T05:00:00,PL-04-MID,1350-00-01-04,東港所琉球天福線小區,22.3421246,120.3690299,35.76,mH2O,synthetic
2026-09-01T05:15:00,PL-04-MID,1350-00-01-04,東港所琉球天福線小區,22.3421246,120.3690299,35.15,mH2O,synthetic
2026-09-01T05:30:00,PL-04-MID,1350-00-01-04,東港所琉球天福線小區,22.3421246,120.3690299,35.18,mH2O,synthetic
2026-09-01T05:45:00,PL-04-MID,1350-00-01-04,東港所琉球天福線小區,22.3421246,120.3690299,34.15,mH2O,synthetic
2026-09-01T06:00:00,PL-04-MID,1350-00-01-04,東港所琉球天福線小區,22.3421246,120.3690299,34.14,mH2O,synthetic
2026-09-01T06:15:00,PL-04-MID,1350-00-01-04,東港所琉球天福線小區,22.3421246,120.3690299,33.76,mH2O,synthetic
2026-09-01T06:30:00,PL-04-MID,1350-00-01-04,東港所琉球天福線小區,22.3421246,120.3690299,31.49,mH2O,synthetic
2026-09-01T06:45:00,PL-04-MID,1350-00-01-04,東港所琉球天福線小區,22.3421246,120.3690299,30.58,mH2O,synthetic
2026-09-01T07:00:00,PL-04-MID,1350-00-01-04,東港所琉球天福線小區,22.3421246,120.3690299,30.55,mH2O,synthetic
2026-09-01T07:15:00,PL-04-MID,1350-00-01-04,東港所琉球天福線小區,22.3421246,120.3690299,30.22,mH2O,synthetic
2026-09-01T07:30:00,PL-04-MID,1350-00-01-04,東港所琉球天福線小區,22.3421246,120.3690299,29.98,mH2O,synthetic
2026-09-01T07:45:00,PL-04-MID,1350-00-01-04,東港所琉球天福線小區,22.3421246,120.3690299,29.7,mH2O,synthetic
2026-09-01T08:00:00,PL-04-MID,1350-00-01-04,東港所琉球天福線小區,22.3421246,120.3690299,30.16,mH2O,synthetic
2026-09-01T08:15:00,PL-04-MID,1350-00-01-04,東港所琉球天福線小區,22.3421246,120.3690299,30.65,mH2O,synthetic
2026-09-01T08:30:00,PL-04-MID,1350-00-01-04,東港所琉球天福線小區,22.3421246,120.3690299,31.42,mH2O,synthetic
2026-09-01T08:45:00,PL-04-MID,1350-00-01-04,東港所琉球天福線小區,22.3421246,120.3690299,32.22,mH2O,synthetic
2026-09-01T09:00:00,PL-04-MID,1350-00-01-04,東港所琉球天福線小區,22.3421246,120.3690299,32.22,mH2O,synthetic
2026-09-01T09:15:00,PL-04-MID,1350-00-01-04,東港所琉球天福線小區,22.3421246,120.3690299,33.83,mH2O,synthetic
2026-09-01T09:30:00,PL-04-MID,1350-00-01-04,東港所琉球天福線小區,22.3421246,120.3690299,34.22,mH2O,synthetic
2026-09-01T09:45:00,PL-04-MID,1350-00-01-04,東港所琉球天福線小區,22.3421246,120.3690299,34.78,mH2O,synthetic
2026-09-01T10:00:00,PL-04-MID,1350-00-01-04,東港所琉球天福線小區,22.3421246,120.3690299,34.85,mH2O,synthetic
2026-09-01T10:15:00,PL-04-MID,1350-00-01-04,東港所琉球天福線小區,22.3421246,120.3690299,34.91,mH2O,synthetic
2026-09-01T10:30:00,PL-04-MID,1350-00-01-04,東港所琉球天福線小區,22.3421246,120.3690299,34.95,mH2O,synthetic
2026-09-01T10:45:00,PL-04-MID,1350-00-01-04,東港所琉球天福線小區,22.3421246,120.3690299,35.21,mH2O,synthetic
2026-09-01T11:00:00,PL-04-MID,1350-00-01-04,東港所琉球天福線小區,22.3421246,120.3690299,35.46,mH2O,synthetic
2026-09-01T11:15:00,PL-04-MID,1350-00-01-04,東港所琉球天福線小區,22.3421246,120.3690299,34.99,mH2O,synthetic
2026-09-01T11:30:00,PL-04-MID,1350-00-01-04,東港所琉球天福線小區,22.3421246,120.3690299,35.03,mH2O,synthetic
2026-09-01T11:45:00,PL-04-MID,1350-00-01-04,東港所琉球天福線小區,22.3421246,120.3690299,35.11,mH2O,synthetic
2026-09-01T12:00:00,PL-04-MID,1350-00-01-04,東港所琉球天福線小區,22.3421246,120.3690299,34.9,mH2O,synthetic
2026-09-01T12:15:00,PL-04-MID,1350-00-01-04,東港所琉球天福線小區,22.3421246,120.3690299,34.52,mH2O,synthetic
2026-09-01T12:30:00,PL-04-MID,1350-00-01-04,東港所琉球天福線小區,22.3421246,120.3690299,35.11,mH2O,synthetic
2026-09-01T12:45:00,PL-04-MID,1350-00-01-04,東港所琉球天福線小區,22.3421246,120.3690299,34.84,mH2O,synthetic
2026-09-01T13:00:00,PL-04-MID,1350-00-01-04,東港所琉球天福線小區,22.3421246,120.3690299,35.29,mH2O,synthetic
2026-09-01T13:15:00,PL-04-MID,1350-00-01-04,東港所琉球天福線小區,22.3421246,120.3690299,35.04,mH2O,synthetic
2026-09-01T13:30:00,PL-04-MID,1350-00-01-04,東港所琉球天福線小區,22.3421246,120.3690299,35.33,mH2O,synthetic
2026-09-01T13:45:00,PL-04-MID,1350-00-01-04,東港所琉球天福線小區,22.3421246,120.3690299,34.81,mH2O,synthetic
2026-09-01T14:00:00,PL-04-MID,1350-00-01-04,東港所琉球天福線小區,22.3421246,120.3690299,35.24,mH2O,synthetic
2026-09-01T14:15:00,PL-04-MID,1350-00-01-04,東港所琉球天福線小區,22.3421246,120.3690299,34.63,mH2O,synthetic
2026-09-01T14:30:00,PL-04-MID,1350-00-01-04,東港所琉球天福線小區,22.3421246,120.3690299,35.18,mH2O,synthetic
2026-09-01T14:45:00,PL-04-MID,1350-00-01-04,東港所琉球天福線小區,22.3421246,120.3690299,34.91,mH2O,synthetic
2026-09-01T15:00:00,PL-04-MID,1350-00-01-04,東港所琉球天福線小區,22.3421246,120.3690299,35.14,mH2O,synthetic
2026-09-01T15:15:00,PL-04-MID,1350-00-01-04,東港所琉球天福線小區,22.3421246,120.3690299,34.81,mH2O,synthetic
2026-09-01T15:30:00,PL-04-MID,1350-00-01-04,東港所琉球天福線小區,22.3421246,120.3690299,34.97,mH2O,synthetic
2026-09-01T15:45:00,PL-04-MID,1350-00-01-04,東港所琉球天福線小區,22.3421246,120.3690299,34.84,mH2O,synthetic
2026-09-01T16:00:00,PL-04-MID,1350-00-01-04,東港所琉球天福線小區,22.3421246,120.3690299,34.68,mH2O,synthetic
2026-09-01T16:15:00,PL-04-MID,1350-00-01-04,東港所琉球天福線小區,22.3421246,120.3690299,34.52,mH2O,synthetic
2026-09-01T16:30:00,PL-04-MID,1350-00-01-04,東港所琉球天福線小區,22.3421246,120.3690299,34.57,mH2O,synthetic
2026-09-01T16:45:00,PL-04-MID,1350-00-01-04,東港所琉球天福線小區,22.3421246,120.3690299,33.8,mH2O,synthetic
2026-09-01T17:00:00,PL-04-MID,1350-00-01-04,東港所琉球天福線小區,22.3421246,120.3690299,33.91,mH2O,synthetic
2026-09-01T17:15:00,PL-04-MID,1350-00-01-04,東港所琉球天福線小區,22.3421246,120.3690299,33.15,mH2O,synthetic
2026-09-01T17:30:00,PL-04-MID,1350-00-01-04,東港所琉球天福線小區,22.3421246,120.3690299,33.1,mH2O,synthetic
2026-09-01T17:45:00,PL-04-MID,1350-00-01-04,東港所琉球天福線小區,22.3421246,120.3690299,32.94,mH2O,synthetic
2026-09-01T18:00:00,PL-04-MID,1350-00-01-04,東港所琉球天福線小區,22.3421246,120.3690299,31.86,mH2O,synthetic
2026-09-01T18:15:00,PL-04-MID,1350-00-01-04,東港所琉球天福線小區,22.3421246,120.3690299,31.22,mH2O,synthetic
2026-09-01T18:30:00,PL-04-MID,1350-00-01-04,東港所琉球天福線小區,22.3421246,120.3690299,31.47,mH2O,synthetic
2026-09-01T18:45:00,PL-04-MID,1350-00-01-04,東港所琉球天福線小區,22.3421246,120.3690299,31.11,mH2O,synthetic
2026-09-01T19:00:00,PL-04-MID,1350-00-01-04,東港所琉球天福線小區,22.3421246,120.3690299,31.08,mH2O,synthetic
2026-09-01T19:15:00,PL-04-MID,1350-00-01-04,東港所琉球天福線小區,22.3421246,120.3690299,31.19,mH2O,synthetic
2026-09-01T19:30:00,PL-04-MID,1350-00-01-04,東港所琉球天福線小區,22.3421246,120.3690299,31.31,mH2O,synthetic
2026-09-01T19:45:00,PL-04-MID,1350-00-01-04,東港所琉球天福線小區,22.3421246,120.3690299,32.01,mH2O,synthetic
2026-09-01T20:00:00,PL-04-MID,1350-00-01-04,東港所琉球天福線小區,22.3421246,120.3690299,32.29,mH2O,synthetic
2026-09-01T20:15:00,PL-04-MID,1350-00-01-04,東港所琉球天福線小區,22.3421246,120.3690299,32.68,mH2O,synthetic
2026-09-01T20:30:00,PL-04-MID,1350-00-01-04,東港所琉球天福線小區,22.3421246,120.3690299,33.34,mH2O,synthetic
2026-09-01T20:45:00,PL-04-MID,1350-00-01-04,東港所琉球天福線小區,22.3421246,120.3690299,33.06,mH2O,synthetic
2026-09-01T21:00:00,PL-04-MID,1350-00-01-04,東港所琉球天福線小區,22.3421246,120.3690299,33.05,mH2O,synthetic
2026-09-01T21:15:00,PL-04-MID,1350-00-01-04,東港所琉球天福線小區,22.3421246,120.3690299,34.37,mH2O,synthetic
2026-09-01T21:30:00,PL-04-MID,1350-00-01-04,東港所琉球天福線小區,22.3421246,120.3690299,34.26,mH2O,synthetic
2026-09-01T21:45:00,PL-04-MID,1350-00-01-04,東港所琉球天福線小區,22.3421246,120.3690299,34.41,mH2O,synthetic
2026-09-01T22:00:00,PL-04-MID,1350-00-01-04,東港所琉球天福線小區,22.3421246,120.3690299,34.2,mH2O,synthetic
2026-09-01T22:15:00,PL-04-MID,1350-00-01-04,東港所琉球天福線小區,22.3421246,120.3690299,34.43,mH2O,synthetic
2026-09-01T22:30:00,PL-04-MID,1350-00-01-04,東港所琉球天福線小區,22.3421246,120.3690299,34.97,mH2O,synthetic
2026-09-01T22:45:00,PL-04-MID,1350-00-01-04,東港所琉球天福線小區,22.3421246,120.3690299,34.86,mH2O,synthetic
2026-09-01T23:00:00,PL-04-MID,1350-00-01-04,東港所琉球天福線小區,22.3421246,120.3690299,34.46,mH2O,synthetic
2026-09-01T23:15:00,PL-04-MID,1350-00-01-04,東港所琉球天福線小區,22.3421246,120.3690299,34.75,mH2O,synthetic
2026-09-01T23:30:00,PL-04-MID,1350-00-01-04,東港所琉球天福線小區,22.3421246,120.3690299,35.21,mH2O,synthetic
2026-09-01T23:45:00,PL-04-MID,1350-00-01-04,東港所琉球天福線小區,22.3421246,120.3690299,35.27,mH2O,synthetic
2026-09-02T00:00:00,PL-04-MID,1350-00-01-04,東港所琉球天福線小區,22.3421246,120.3690299,35.43,mH2O,synthetic
2026-09-02T00:15:00,PL-04-MID,1350-00-01-04,東港所琉球天福線小區,22.3421246,120.3690299,36.13,mH2O,synthetic
2026-09-02T00:30:00,PL-04-MID,1350-00-01-04,東港所琉球天福線小區,22.3421246,120.3690299,35.87,mH2O,synthetic
2026-09-02T00:45:00,PL-04-MID,1350-00-01-04,東港所琉球天福線小區,22.3421246,120.3690299,36.2,mH2O,synthetic
2026-09-02T01:00:00,PL-04-MID,1350-00-01-04,東港所琉球天福線小區,22.3421246,120.3690299,36.28,mH2O,synthetic
2026-09-02T01:15:00,PL-04-MID,1350-00-01-04,東港所琉球天福線小區,22.3421246,120.3690299,36.36,mH2O,synthetic
2026-09-02T01:30:00,PL-04-MID,1350-00-01-04,東港所琉球天福線小區,22.3421246,120.3690299,36.08,mH2O,synthetic
2026-09-02T01:45:00,PL-04-MID,1350-00-01-04,東港所琉球天福線小區,22.3421246,120.3690299,36.21,mH2O,synthetic
2026-09-02T02:00:00,PL-04-MID,1350-00-01-04,東港所琉球天福線小區,22.3421246,120.3690299,36.58,mH2O,synthetic
2026-09-02T02:15:00,PL-04-MID,1350-00-01-04,東港所琉球天福線小區,22.3421246,120.3690299,36.94,mH2O,synthetic
2026-09-02T02:30:00,PL-04-MID,1350-00-01-04,東港所琉球天福線小區,22.3421246,120.3690299,37.0,mH2O,synthetic
2026-09-02T02:45:00,PL-04-MID,1350-00-01-04,東港所琉球天福線小區,22.3421246,120.3690299,37.16,mH2O,synthetic
2026-09-02T03:00:00,PL-04-MID,1350-00-01-04,東港所琉球天福線小區,22.3421246,120.3690299,37.09,mH2O,synthetic
2026-09-02T03:15:00,PL-04-MID,1350-00-01-04,東港所琉球天福線小區,22.3421246,120.3690299,37.18,mH2O,synthetic
2026-09-02T03:30:00,PL-04-MID,1350-00-01-04,東港所琉球天福線小區,22.3421246,120.3690299,37.21,mH2O,synthetic
2026-09-02T03:45:00,PL-04-MID,1350-00-01-04,東港所琉球天福線小區,22.3421246,120.3690299,36.88,mH2O,synthetic
2026-09-02T04:00:00,PL-04-MID,1350-00-01-04,東港所琉球天福線小區,22.3421246,120.3690299,36.65,mH2O,synthetic
2026-09-02T04:15:00,PL-04-MID,1350-00-01-04,東港所琉球天福線小區,22.3421246,120.3690299,35.93,mH2O,synthetic
2026-09-02T04:30:00,PL-04-MID,1350-00-01-04,東港所琉球天福線小區,22.3421246,120.3690299,36.47,mH2O,synthetic
2026-09-02T04:45:00,PL-04-MID,1350-00-01-04,東港所琉球天福線小區,22.3421246,120.3690299,35.83,mH2O,synthetic
2026-09-02T05:00:00,PL-04-MID,1350-00-01-04,東港所琉球天福線小區,22.3421246,120.3690299,35.5,mH2O,synthetic
2026-09-02T05:15:00,PL-04-MID,1350-00-01-04,東港所琉球天福線小區,22.3421246,120.3690299,35.54,mH2O,synthetic
2026-09-02T05:30:00,PL-04-MID,1350-00-01-04,東港所琉球天福線小區,22.3421246,120.3690299,35.15,mH2O,synthetic
2026-09-02T05:45:00,PL-04-MID,1350-00-01-04,東港所琉球天福線小區,22.3421246,120.3690299,34.65,mH2O,synthetic
2026-09-02T06:00:00,PL-04-MID,1350-00-01-04,東港所琉球天福線小區,22.3421246,120.3690299,34.22,mH2O,synthetic
2026-09-02T06:15:00,PL-04-MID,1350-00-01-04,東港所琉球天福線小區,22.3421246,120.3690299,33.25,mH2O,synthetic
2026-09-02T06:30:00,PL-04-MID,1350-00-01-04,東港所琉球天福線小區,22.3421246,120.3690299,31.32,mH2O,synthetic
2026-09-02T06:45:00,PL-04-MID,1350-00-01-04,東港所琉球天福線小區,22.3421246,120.3690299,30.78,mH2O,synthetic
2026-09-02T07:00:00,PL-04-MID,1350-00-01-04,東港所琉球天福線小區,22.3421246,120.3690299,30.89,mH2O,synthetic
2026-09-02T07:15:00,PL-04-MID,1350-00-01-04,東港所琉球天福線小區,22.3421246,120.3690299,30.44,mH2O,synthetic
2026-09-02T07:30:00,PL-04-MID,1350-00-01-04,東港所琉球天福線小區,22.3421246,120.3690299,30.09,mH2O,synthetic
2026-09-02T07:45:00,PL-04-MID,1350-00-01-04,東港所琉球天福線小區,22.3421246,120.3690299,30.39,mH2O,synthetic
2026-09-02T08:00:00,PL-04-MID,1350-00-01-04,東港所琉球天福線小區,22.3421246,120.3690299,30.51,mH2O,synthetic
2026-09-02T08:15:00,PL-04-MID,1350-00-01-04,東港所琉球天福線小區,22.3421246,120.3690299,30.74,mH2O,synthetic
2026-09-02T08:30:00,PL-04-MID,1350-00-01-04,東港所琉球天福線小區,22.3421246,120.3690299,31.28,mH2O,synthetic
2026-09-02T08:45:00,PL-04-MID,1350-00-01-04,東港所琉球天福線小區,22.3421246,120.3690299,31.8,mH2O,synthetic
2026-09-02T09:00:00,PL-04-MID,1350-00-01-04,東港所琉球天福線小區,22.3421246,120.3690299,32.0,mH2O,synthetic
2026-09-02T09:15:00,PL-04-MID,1350-00-01-04,東港所琉球天福線小區,22.3421246,120.3690299,33.73,mH2O,synthetic
2026-09-02T09:30:00,PL-04-MID,1350-00-01-04,東港所琉球天福線小區,22.3421246,120.3690299,34.39,mH2O,synthetic
2026-09-02T09:45:00,PL-04-MID,1350-00-01-04,東港所琉球天福線小區,22.3421246,120.3690299,34.49,mH2O,synthetic
2026-09-02T10:00:00,PL-04-MID,1350-00-01-04,東港所琉球天福線小區,22.3421246,120.3690299,34.46,mH2O,synthetic
2026-09-02T10:15:00,PL-04-MID,1350-00-01-04,東港所琉球天福線小區,22.3421246,120.3690299,34.66,mH2O,synthetic
2026-09-02T10:30:00,PL-04-MID,1350-00-01-04,東港所琉球天福線小區,22.3421246,120.3690299,34.85,mH2O,synthetic
2026-09-02T10:45:00,PL-04-MID,1350-00-01-04,東港所琉球天福線小區,22.3421246,120.3690299,34.95,mH2O,synthetic
2026-09-02T11:00:00,PL-04-MID,1350-00-01-04,東港所琉球天福線小區,22.3421246,120.3690299,35.1,mH2O,synthetic
2026-09-02T11:15:00,PL-04-MID,1350-00-01-04,東港所琉球天福線小區,22.3421246,120.3690299,34.94,mH2O,synthetic
2026-09-02T11:30:00,PL-04-MID,1350-00-01-04,東港所琉球天福線小區,22.3421246,120.3690299,35.09,mH2O,synthetic
2026-09-02T11:45:00,PL-04-MID,1350-00-01-04,東港所琉球天福線小區,22.3421246,120.3690299,34.92,mH2O,synthetic
2026-09-02T12:00:00,PL-04-MID,1350-00-01-04,東港所琉球天福線小區,22.3421246,120.3690299,35.12,mH2O,synthetic
2026-09-02T12:15:00,PL-04-MID,1350-00-01-04,東港所琉球天福線小區,22.3421246,120.3690299,35.09,mH2O,synthetic
2026-09-02T12:30:00,PL-04-MID,1350-00-01-04,東港所琉球天福線小區,22.3421246,120.3690299,35.12,mH2O,synthetic
2026-09-02T12:45:00,PL-04-MID,1350-00-01-04,東港所琉球天福線小區,22.3421246,120.3690299,35.32,mH2O,synthetic
2026-09-02T13:00:00,PL-04-MID,1350-00-01-04,東港所琉球天福線小區,22.3421246,120.3690299,34.94,mH2O,synthetic
2026-09-02T13:15:00,PL-04-MID,1350-00-01-04,東港所琉球天福線小區,22.3421246,120.3690299,34.65,mH2O,synthetic
2026-09-02T13:30:00,PL-04-MID,1350-00-01-04,東港所琉球天福線小區,22.3421246,120.3690299,34.98,mH2O,synthetic
2026-09-02T13:45:00,PL-04-MID,1350-00-01-04,東港所琉球天福線小區,22.3421246,120.3690299,35.17,mH2O,synthetic
2026-09-02T14:00:00,PL-04-MID,1350-00-01-04,東港所琉球天福線小區,22.3421246,120.3690299,35.0,mH2O,synthetic
2026-09-02T14:15:00,PL-04-MID,1350-00-01-04,東港所琉球天福線小區,22.3421246,120.3690299,35.06,mH2O,synthetic
2026-09-02T14:30:00,PL-04-MID,1350-00-01-04,東港所琉球天福線小區,22.3421246,120.3690299,34.6,mH2O,synthetic
2026-09-02T14:45:00,PL-04-MID,1350-00-01-04,東港所琉球天福線小區,22.3421246,120.3690299,34.77,mH2O,synthetic
2026-09-02T15:00:00,PL-04-MID,1350-00-01-04,東港所琉球天福線小區,22.3421246,120.3690299,35.05,mH2O,synthetic
2026-09-02T15:15:00,PL-04-MID,1350-00-01-04,東港所琉球天福線小區,22.3421246,120.3690299,35.06,mH2O,synthetic
2026-09-02T15:30:00,PL-04-MID,1350-00-01-04,東港所琉球天福線小區,22.3421246,120.3690299,34.66,mH2O,synthetic
2026-09-02T15:45:00,PL-04-MID,1350-00-01-04,東港所琉球天福線小區,22.3421246,120.3690299,34.81,mH2O,synthetic
2026-09-02T16:00:00,PL-04-MID,1350-00-01-04,東港所琉球天福線小區,22.3421246,120.3690299,34.44,mH2O,synthetic
2026-09-02T16:15:00,PL-04-MID,1350-00-01-04,東港所琉球天福線小區,22.3421246,120.3690299,34.17,mH2O,synthetic
2026-09-02T16:30:00,PL-04-MID,1350-00-01-04,東港所琉球天福線小區,22.3421246,120.3690299,34.22,mH2O,synthetic
2026-09-02T16:45:00,PL-04-MID,1350-00-01-04,東港所琉球天福線小區,22.3421246,120.3690299,33.98,mH2O,synthetic
2026-09-02T17:00:00,PL-04-MID,1350-00-01-04,東港所琉球天福線小區,22.3421246,120.3690299,33.69,mH2O,synthetic
2026-09-02T17:15:00,PL-04-MID,1350-00-01-04,東港所琉球天福線小區,22.3421246,120.3690299,33.39,mH2O,synthetic
2026-09-02T17:30:00,PL-04-MID,1350-00-01-04,東港所琉球天福線小區,22.3421246,120.3690299,33.2,mH2O,synthetic
2026-09-02T17:45:00,PL-04-MID,1350-00-01-04,東港所琉球天福線小區,22.3421246,120.3690299,32.64,mH2O,synthetic
2026-09-02T18:00:00,PL-04-MID,1350-00-01-04,東港所琉球天福線小區,22.3421246,120.3690299,31.96,mH2O,synthetic
2026-09-02T18:15:00,PL-04-MID,1350-00-01-04,東港所琉球天福線小區,22.3421246,120.3690299,31.91,mH2O,synthetic
2026-09-02T18:30:00,PL-04-MID,1350-00-01-04,東港所琉球天福線小區,22.3421246,120.3690299,31.11,mH2O,synthetic
2026-09-02T18:45:00,PL-04-MID,1350-00-01-04,東港所琉球天福線小區,22.3421246,120.3690299,31.28,mH2O,synthetic
2026-09-02T19:00:00,PL-04-MID,1350-00-01-04,東港所琉球天福線小區,22.3421246,120.3690299,31.43,mH2O,synthetic
2026-09-02T19:15:00,PL-04-MID,1350-00-01-04,東港所琉球天福線小區,22.3421246,120.3690299,31.41,mH2O,synthetic
2026-09-02T19:30:00,PL-04-MID,1350-00-01-04,東港所琉球天福線小區,22.3421246,120.3690299,31.61,mH2O,synthetic
2026-09-02T19:45:00,PL-04-MID,1350-00-01-04,東港所琉球天福線小區,22.3421246,120.3690299,32.12,mH2O,synthetic
2026-09-02T20:00:00,PL-04-MID,1350-00-01-04,東港所琉球天福線小區,22.3421246,120.3690299,31.88,mH2O,synthetic
2026-09-02T20:15:00,PL-04-MID,1350-00-01-04,東港所琉球天福線小區,22.3421246,120.3690299,32.6,mH2O,synthetic
2026-09-02T20:30:00,PL-04-MID,1350-00-01-04,東港所琉球天福線小區,22.3421246,120.3690299,32.81,mH2O,synthetic
2026-09-02T20:45:00,PL-04-MID,1350-00-01-04,東港所琉球天福線小區,22.3421246,120.3690299,33.48,mH2O,synthetic
2026-09-02T21:00:00,PL-04-MID,1350-00-01-04,東港所琉球天福線小區,22.3421246,120.3690299,33.63,mH2O,synthetic
2026-09-02T21:15:00,PL-04-MID,1350-00-01-04,東港所琉球天福線小區,22.3421246,120.3690299,34.1,mH2O,synthetic
2026-09-02T21:30:00,PL-04-MID,1350-00-01-04,東港所琉球天福線小區,22.3421246,120.3690299,34.54,mH2O,synthetic
2026-09-02T21:45:00,PL-04-MID,1350-00-01-04,東港所琉球天福線小區,22.3421246,120.3690299,34.57,mH2O,synthetic
2026-09-02T22:00:00,PL-04-MID,1350-00-01-04,東港所琉球天福線小區,22.3421246,120.3690299,34.55,mH2O,synthetic
2026-09-02T22:15:00,PL-04-MID,1350-00-01-04,東港所琉球天福線小區,22.3421246,120.3690299,34.65,mH2O,synthetic
2026-09-02T22:30:00,PL-04-MID,1350-00-01-04,東港所琉球天福線小區,22.3421246,120.3690299,34.67,mH2O,synthetic
2026-09-02T22:45:00,PL-04-MID,1350-00-01-04,東港所琉球天福線小區,22.3421246,120.3690299,35.12,mH2O,synthetic
2026-09-02T23:00:00,PL-04-MID,1350-00-01-04,東港所琉球天福線小區,22.3421246,120.3690299,35.22,mH2O,synthetic
2026-09-02T23:15:00,PL-04-MID,1350-00-01-04,東港所琉球天福線小區,22.3421246,120.3690299,34.9,mH2O,synthetic
2026-09-02T23:30:00,PL-04-MID,1350-00-01-04,東港所琉球天福線小區,22.3421246,120.3690299,34.58,mH2O,synthetic
2026-09-02T23:45:00,PL-04-MID,1350-00-01-04,東港所琉球天福線小區,22.3421246,120.3690299,34.85,mH2O,synthetic
2026-09-03T00:00:00,PL-04-MID,1350-00-01-04,東港所琉球天福線小區,22.3421246,120.3690299,35.48,mH2O,synthetic
2026-09-03T00:15:00,PL-04-MID,1350-00-01-04,東港所琉球天福線小區,22.3421246,120.3690299,35.29,mH2O,synthetic
2026-09-03T00:30:00,PL-04-MID,1350-00-01-04,東港所琉球天福線小區,22.3421246,120.3690299,35.21,mH2O,synthetic
2026-09-03T00:45:00,PL-04-MID,1350-00-01-04,東港所琉球天福線小區,22.3421246,120.3690299,35.71,mH2O,synthetic
2026-09-03T01:00:00,PL-04-MID,1350-00-01-04,東港所琉球天福線小區,22.3421246,120.3690299,35.54,mH2O,synthetic
2026-09-03T01:15:00,PL-04-MID,1350-00-01-04,東港所琉球天福線小區,22.3421246,120.3690299,36.25,mH2O,synthetic
2026-09-03T01:30:00,PL-04-MID,1350-00-01-04,東港所琉球天福線小區,22.3421246,120.3690299,36.28,mH2O,synthetic
2026-09-03T01:45:00,PL-04-MID,1350-00-01-04,東港所琉球天福線小區,22.3421246,120.3690299,36.58,mH2O,synthetic
2026-09-03T02:00:00,PL-04-MID,1350-00-01-04,東港所琉球天福線小區,22.3421246,120.3690299,37.02,mH2O,synthetic
2026-09-03T02:15:00,PL-04-MID,1350-00-01-04,東港所琉球天福線小區,22.3421246,120.3690299,36.69,mH2O,synthetic
2026-09-03T02:30:00,PL-04-MID,1350-00-01-04,東港所琉球天福線小區,22.3421246,120.3690299,36.53,mH2O,synthetic
2026-09-03T02:45:00,PL-04-MID,1350-00-01-04,東港所琉球天福線小區,22.3421246,120.3690299,37.07,mH2O,synthetic
2026-09-03T03:00:00,PL-04-MID,1350-00-01-04,東港所琉球天福線小區,22.3421246,120.3690299,37.2,mH2O,synthetic
2026-09-03T03:15:00,PL-04-MID,1350-00-01-04,東港所琉球天福線小區,22.3421246,120.3690299,36.76,mH2O,synthetic
2026-09-03T03:30:00,PL-04-MID,1350-00-01-04,東港所琉球天福線小區,22.3421246,120.3690299,36.92,mH2O,synthetic
2026-09-03T03:45:00,PL-04-MID,1350-00-01-04,東港所琉球天福線小區,22.3421246,120.3690299,36.8,mH2O,synthetic
2026-09-03T04:00:00,PL-04-MID,1350-00-01-04,東港所琉球天福線小區,22.3421246,120.3690299,36.72,mH2O,synthetic
2026-09-03T04:15:00,PL-04-MID,1350-00-01-04,東港所琉球天福線小區,22.3421246,120.3690299,36.37,mH2O,synthetic
2026-09-03T04:30:00,PL-04-MID,1350-00-01-04,東港所琉球天福線小區,22.3421246,120.3690299,36.86,mH2O,synthetic
2026-09-03T04:45:00,PL-04-MID,1350-00-01-04,東港所琉球天福線小區,22.3421246,120.3690299,35.95,mH2O,synthetic
2026-09-03T05:00:00,PL-04-MID,1350-00-01-04,東港所琉球天福線小區,22.3421246,120.3690299,35.74,mH2O,synthetic
2026-09-03T05:15:00,PL-04-MID,1350-00-01-04,東港所琉球天福線小區,22.3421246,120.3690299,35.24,mH2O,synthetic
2026-09-03T05:30:00,PL-04-MID,1350-00-01-04,東港所琉球天福線小區,22.3421246,120.3690299,34.37,mH2O,synthetic
2026-09-03T05:45:00,PL-04-MID,1350-00-01-04,東港所琉球天福線小區,22.3421246,120.3690299,34.81,mH2O,synthetic
2026-09-03T06:00:00,PL-04-MID,1350-00-01-04,東港所琉球天福線小區,22.3421246,120.3690299,33.32,mH2O,synthetic
2026-09-03T06:15:00,PL-04-MID,1350-00-01-04,東港所琉球天福線小區,22.3421246,120.3690299,33.79,mH2O,synthetic
2026-09-03T06:30:00,PL-04-MID,1350-00-01-04,東港所琉球天福線小區,22.3421246,120.3690299,31.08,mH2O,synthetic
2026-09-03T06:45:00,PL-04-MID,1350-00-01-04,東港所琉球天福線小區,22.3421246,120.3690299,30.6,mH2O,synthetic
2026-09-03T07:00:00,PL-04-MID,1350-00-01-04,東港所琉球天福線小區,22.3421246,120.3690299,30.49,mH2O,synthetic
2026-09-03T07:15:00,PL-04-MID,1350-00-01-04,東港所琉球天福線小區,22.3421246,120.3690299,30.73,mH2O,synthetic
2026-09-03T07:30:00,PL-04-MID,1350-00-01-04,東港所琉球天福線小區,22.3421246,120.3690299,30.22,mH2O,synthetic
2026-09-03T07:45:00,PL-04-MID,1350-00-01-04,東港所琉球天福線小區,22.3421246,120.3690299,30.17,mH2O,synthetic
2026-09-03T08:00:00,PL-04-MID,1350-00-01-04,東港所琉球天福線小區,22.3421246,120.3690299,30.26,mH2O,synthetic
2026-09-03T08:15:00,PL-04-MID,1350-00-01-04,東港所琉球天福線小區,22.3421246,120.3690299,30.91,mH2O,synthetic
2026-09-03T08:30:00,PL-04-MID,1350-00-01-04,東港所琉球天福線小區,22.3421246,120.3690299,31.09,mH2O,synthetic
2026-09-03T08:45:00,PL-04-MID,1350-00-01-04,東港所琉球天福線小區,22.3421246,120.3690299,31.77,mH2O,synthetic
2026-09-03T09:00:00,PL-04-MID,1350-00-01-04,東港所琉球天福線小區,22.3421246,120.3690299,31.6,mH2O,synthetic
2026-09-03T09:15:00,PL-04-MID,1350-00-01-04,東港所琉球天福線小區,22.3421246,120.3690299,34.12,mH2O,synthetic
2026-09-03T09:30:00,PL-04-MID,1350-00-01-04,東港所琉球天福線小區,22.3421246,120.3690299,34.38,mH2O,synthetic
2026-09-03T09:45:00,PL-04-MID,1350-00-01-04,東港所琉球天福線小區,22.3421246,120.3690299,34.24,mH2O,synthetic
2026-09-03T10:00:00,PL-04-MID,1350-00-01-04,東港所琉球天福線小區,22.3421246,120.3690299,34.49,mH2O,synthetic
2026-09-03T10:15:00,PL-04-MID,1350-00-01-04,東港所琉球天福線小區,22.3421246,120.3690299,34.8,mH2O,synthetic
2026-09-03T10:30:00,PL-04-MID,1350-00-01-04,東港所琉球天福線小區,22.3421246,120.3690299,34.79,mH2O,synthetic
2026-09-03T10:45:00,PL-04-MID,1350-00-01-04,東港所琉球天福線小區,22.3421246,120.3690299,35.01,mH2O,synthetic
2026-09-03T11:00:00,PL-04-MID,1350-00-01-04,東港所琉球天福線小區,22.3421246,120.3690299,34.66,mH2O,synthetic
2026-09-03T11:15:00,PL-04-MID,1350-00-01-04,東港所琉球天福線小區,22.3421246,120.3690299,34.79,mH2O,synthetic
2026-09-03T11:30:00,PL-04-MID,1350-00-01-04,東港所琉球天福線小區,22.3421246,120.3690299,35.46,mH2O,synthetic
2026-09-03T11:45:00,PL-04-MID,1350-00-01-04,東港所琉球天福線小區,22.3421246,120.3690299,34.81,mH2O,synthetic
2026-09-03T12:00:00,PL-04-MID,1350-00-01-04,東港所琉球天福線小區,22.3421246,120.3690299,34.91,mH2O,synthetic
2026-09-03T12:15:00,PL-04-MID,1350-00-01-04,東港所琉球天福線小區,22.3421246,120.3690299,34.96,mH2O,synthetic
2026-09-03T12:30:00,PL-04-MID,1350-00-01-04,東港所琉球天福線小區,22.3421246,120.3690299,34.94,mH2O,synthetic
2026-09-03T12:45:00,PL-04-MID,1350-00-01-04,東港所琉球天福線小區,22.3421246,120.3690299,35.27,mH2O,synthetic
2026-09-03T13:00:00,PL-04-MID,1350-00-01-04,東港所琉球天福線小區,22.3421246,120.3690299,34.87,mH2O,synthetic
2026-09-03T13:15:00,PL-04-MID,1350-00-01-04,東港所琉球天福線小區,22.3421246,120.3690299,35.19,mH2O,synthetic
2026-09-03T13:30:00,PL-04-MID,1350-00-01-04,東港所琉球天福線小區,22.3421246,120.3690299,34.81,mH2O,synthetic
2026-09-03T13:45:00,PL-04-MID,1350-00-01-04,東港所琉球天福線小區,22.3421246,120.3690299,35.17,mH2O,synthetic
2026-09-03T14:00:00,PL-04-MID,1350-00-01-04,東港所琉球天福線小區,22.3421246,120.3690299,34.95,mH2O,synthetic
2026-09-03T14:15:00,PL-04-MID,1350-00-01-04,東港所琉球天福線小區,22.3421246,120.3690299,34.95,mH2O,synthetic
2026-09-03T14:30:00,PL-04-MID,1350-00-01-04,東港所琉球天福線小區,22.3421246,120.3690299,34.96,mH2O,synthetic
2026-09-03T14:45:00,PL-04-MID,1350-00-01-04,東港所琉球天福線小區,22.3421246,120.3690299,35.08,mH2O,synthetic
2026-09-03T15:00:00,PL-04-MID,1350-00-01-04,東港所琉球天福線小區,22.3421246,120.3690299,34.67,mH2O,synthetic
2026-09-03T15:15:00,PL-04-MID,1350-00-01-04,東港所琉球天福線小區,22.3421246,120.3690299,34.67,mH2O,synthetic
2026-09-03T15:30:00,PL-04-MID,1350-00-01-04,東港所琉球天福線小區,22.3421246,120.3690299,35.27,mH2O,synthetic
2026-09-03T15:45:00,PL-04-MID,1350-00-01-04,東港所琉球天福線小區,22.3421246,120.3690299,34.84,mH2O,synthetic
2026-09-03T16:00:00,PL-04-MID,1350-00-01-04,東港所琉球天福線小區,22.3421246,120.3690299,34.52,mH2O,synthetic
2026-09-03T16:15:00,PL-04-MID,1350-00-01-04,東港所琉球天福線小區,22.3421246,120.3690299,34.57,mH2O,synthetic
2026-09-03T16:30:00,PL-04-MID,1350-00-01-04,東港所琉球天福線小區,22.3421246,120.3690299,34.19,mH2O,synthetic
2026-09-03T16:45:00,PL-04-MID,1350-00-01-04,東港所琉球天福線小區,22.3421246,120.3690299,33.43,mH2O,synthetic
2026-09-03T17:00:00,PL-04-MID,1350-00-01-04,東港所琉球天福線小區,22.3421246,120.3690299,33.64,mH2O,synthetic
2026-09-03T17:15:00,PL-04-MID,1350-00-01-04,東港所琉球天福線小區,22.3421246,120.3690299,33.21,mH2O,synthetic
2026-09-03T17:30:00,PL-04-MID,1350-00-01-04,東港所琉球天福線小區,22.3421246,120.3690299,32.91,mH2O,synthetic
2026-09-03T17:45:00,PL-04-MID,1350-00-01-04,東港所琉球天福線小區,22.3421246,120.3690299,32.26,mH2O,synthetic
2026-09-03T18:00:00,PL-04-MID,1350-00-01-04,東港所琉球天福線小區,22.3421246,120.3690299,31.99,mH2O,synthetic
2026-09-03T18:15:00,PL-04-MID,1350-00-01-04,東港所琉球天福線小區,22.3421246,120.3690299,31.95,mH2O,synthetic
2026-09-03T18:30:00,PL-04-MID,1350-00-01-04,東港所琉球天福線小區,22.3421246,120.3690299,31.4,mH2O,synthetic
2026-09-03T18:45:00,PL-04-MID,1350-00-01-04,東港所琉球天福線小區,22.3421246,120.3690299,31.16,mH2O,synthetic
2026-09-03T19:00:00,PL-04-MID,1350-00-01-04,東港所琉球天福線小區,22.3421246,120.3690299,31.28,mH2O,synthetic
2026-09-03T19:15:00,PL-04-MID,1350-00-01-04,東港所琉球天福線小區,22.3421246,120.3690299,31.17,mH2O,synthetic
2026-09-03T19:30:00,PL-04-MID,1350-00-01-04,東港所琉球天福線小區,22.3421246,120.3690299,31.67,mH2O,synthetic
2026-09-03T19:45:00,PL-04-MID,1350-00-01-04,東港所琉球天福線小區,22.3421246,120.3690299,31.66,mH2O,synthetic
2026-09-03T20:00:00,PL-04-MID,1350-00-01-04,東港所琉球天福線小區,22.3421246,120.3690299,32.12,mH2O,synthetic
2026-09-03T20:15:00,PL-04-MID,1350-00-01-04,東港所琉球天福線小區,22.3421246,120.3690299,32.27,mH2O,synthetic
2026-09-03T20:30:00,PL-04-MID,1350-00-01-04,東港所琉球天福線小區,22.3421246,120.3690299,32.56,mH2O,synthetic
2026-09-03T20:45:00,PL-04-MID,1350-00-01-04,東港所琉球天福線小區,22.3421246,120.3690299,33.39,mH2O,synthetic
2026-09-03T21:00:00,PL-04-MID,1350-00-01-04,東港所琉球天福線小區,22.3421246,120.3690299,33.66,mH2O,synthetic
2026-09-03T21:15:00,PL-04-MID,1350-00-01-04,東港所琉球天福線小區,22.3421246,120.3690299,34.07,mH2O,synthetic
2026-09-03T21:30:00,PL-04-MID,1350-00-01-04,東港所琉球天福線小區,22.3421246,120.3690299,34.37,mH2O,synthetic
2026-09-03T21:45:00,PL-04-MID,1350-00-01-04,東港所琉球天福線小區,22.3421246,120.3690299,34.1,mH2O,synthetic
2026-09-03T22:00:00,PL-04-MID,1350-00-01-04,東港所琉球天福線小區,22.3421246,120.3690299,34.63,mH2O,synthetic
2026-09-03T22:15:00,PL-04-MID,1350-00-01-04,東港所琉球天福線小區,22.3421246,120.3690299,34.29,mH2O,synthetic
2026-09-03T22:30:00,PL-04-MID,1350-00-01-04,東港所琉球天福線小區,22.3421246,120.3690299,34.94,mH2O,synthetic
2026-09-03T22:45:00,PL-04-MID,1350-00-01-04,東港所琉球天福線小區,22.3421246,120.3690299,34.65,mH2O,synthetic
2026-09-03T23:00:00,PL-04-MID,1350-00-01-04,東港所琉球天福線小區,22.3421246,120.3690299,35.03,mH2O,synthetic
2026-09-03T23:15:00,PL-04-MID,1350-00-01-04,東港所琉球天福線小區,22.3421246,120.3690299,35.12,mH2O,synthetic
2026-09-03T23:30:00,PL-04-MID,1350-00-01-04,東港所琉球天福線小區,22.3421246,120.3690299,34.86,mH2O,synthetic
2026-09-03T23:45:00,PL-04-MID,1350-00-01-04,東港所琉球天福線小區,22.3421246,120.3690299,34.98,mH2O,synthetic
2026-09-01T00:00:00,PL-04-DIST,1350-00-01-04,東港所琉球天福線小區,22.3294457,120.3554904,29.74,mH2O,synthetic
2026-09-01T00:15:00,PL-04-DIST,1350-00-01-04,東港所琉球天福線小區,22.3294457,120.3554904,29.26,mH2O,synthetic
2026-09-01T00:30:00,PL-04-DIST,1350-00-01-04,東港所琉球天福線小區,22.3294457,120.3554904,29.94,mH2O,synthetic
2026-09-01T00:45:00,PL-04-DIST,1350-00-01-04,東港所琉球天福線小區,22.3294457,120.3554904,30.02,mH2O,synthetic
2026-09-01T01:00:00,PL-04-DIST,1350-00-01-04,東港所琉球天福線小區,22.3294457,120.3554904,30.43,mH2O,synthetic
2026-09-01T01:15:00,PL-04-DIST,1350-00-01-04,東港所琉球天福線小區,22.3294457,120.3554904,30.09,mH2O,synthetic
2026-09-01T01:30:00,PL-04-DIST,1350-00-01-04,東港所琉球天福線小區,22.3294457,120.3554904,30.7,mH2O,synthetic
2026-09-01T01:45:00,PL-04-DIST,1350-00-01-04,東港所琉球天福線小區,22.3294457,120.3554904,31.18,mH2O,synthetic
2026-09-01T02:00:00,PL-04-DIST,1350-00-01-04,東港所琉球天福線小區,22.3294457,120.3554904,31.45,mH2O,synthetic
2026-09-01T02:15:00,PL-04-DIST,1350-00-01-04,東港所琉球天福線小區,22.3294457,120.3554904,31.17,mH2O,synthetic
2026-09-01T02:30:00,PL-04-DIST,1350-00-01-04,東港所琉球天福線小區,22.3294457,120.3554904,31.42,mH2O,synthetic
2026-09-01T02:45:00,PL-04-DIST,1350-00-01-04,東港所琉球天福線小區,22.3294457,120.3554904,31.97,mH2O,synthetic
2026-09-01T03:00:00,PL-04-DIST,1350-00-01-04,東港所琉球天福線小區,22.3294457,120.3554904,31.29,mH2O,synthetic
2026-09-01T03:15:00,PL-04-DIST,1350-00-01-04,東港所琉球天福線小區,22.3294457,120.3554904,31.56,mH2O,synthetic
2026-09-01T03:30:00,PL-04-DIST,1350-00-01-04,東港所琉球天福線小區,22.3294457,120.3554904,31.51,mH2O,synthetic
2026-09-01T03:45:00,PL-04-DIST,1350-00-01-04,東港所琉球天福線小區,22.3294457,120.3554904,31.36,mH2O,synthetic
2026-09-01T04:00:00,PL-04-DIST,1350-00-01-04,東港所琉球天福線小區,22.3294457,120.3554904,30.91,mH2O,synthetic
2026-09-01T04:15:00,PL-04-DIST,1350-00-01-04,東港所琉球天福線小區,22.3294457,120.3554904,31.07,mH2O,synthetic
2026-09-01T04:30:00,PL-04-DIST,1350-00-01-04,東港所琉球天福線小區,22.3294457,120.3554904,30.75,mH2O,synthetic
2026-09-01T04:45:00,PL-04-DIST,1350-00-01-04,東港所琉球天福線小區,22.3294457,120.3554904,30.61,mH2O,synthetic
2026-09-01T05:00:00,PL-04-DIST,1350-00-01-04,東港所琉球天福線小區,22.3294457,120.3554904,29.63,mH2O,synthetic
2026-09-01T05:15:00,PL-04-DIST,1350-00-01-04,東港所琉球天福線小區,22.3294457,120.3554904,29.23,mH2O,synthetic
2026-09-01T05:30:00,PL-04-DIST,1350-00-01-04,東港所琉球天福線小區,22.3294457,120.3554904,29.03,mH2O,synthetic
2026-09-01T05:45:00,PL-04-DIST,1350-00-01-04,東港所琉球天福線小區,22.3294457,120.3554904,28.57,mH2O,synthetic
2026-09-01T06:00:00,PL-04-DIST,1350-00-01-04,東港所琉球天福線小區,22.3294457,120.3554904,27.48,mH2O,synthetic
2026-09-01T06:15:00,PL-04-DIST,1350-00-01-04,東港所琉球天福線小區,22.3294457,120.3554904,26.41,mH2O,synthetic
2026-09-01T06:30:00,PL-04-DIST,1350-00-01-04,東港所琉球天福線小區,22.3294457,120.3554904,22.76,mH2O,synthetic
2026-09-01T06:45:00,PL-04-DIST,1350-00-01-04,東港所琉球天福線小區,22.3294457,120.3554904,22.34,mH2O,synthetic
2026-09-01T07:00:00,PL-04-DIST,1350-00-01-04,東港所琉球天福線小區,22.3294457,120.3554904,21.72,mH2O,synthetic
2026-09-01T07:15:00,PL-04-DIST,1350-00-01-04,東港所琉球天福線小區,22.3294457,120.3554904,21.45,mH2O,synthetic
2026-09-01T07:30:00,PL-04-DIST,1350-00-01-04,東港所琉球天福線小區,22.3294457,120.3554904,21.48,mH2O,synthetic
2026-09-01T07:45:00,PL-04-DIST,1350-00-01-04,東港所琉球天福線小區,22.3294457,120.3554904,21.06,mH2O,synthetic
2026-09-01T08:00:00,PL-04-DIST,1350-00-01-04,東港所琉球天福線小區,22.3294457,120.3554904,21.27,mH2O,synthetic
2026-09-01T08:15:00,PL-04-DIST,1350-00-01-04,東港所琉球天福線小區,22.3294457,120.3554904,21.7,mH2O,synthetic
2026-09-01T08:30:00,PL-04-DIST,1350-00-01-04,東港所琉球天福線小區,22.3294457,120.3554904,22.53,mH2O,synthetic
2026-09-01T08:45:00,PL-04-DIST,1350-00-01-04,東港所琉球天福線小區,22.3294457,120.3554904,23.42,mH2O,synthetic
2026-09-01T09:00:00,PL-04-DIST,1350-00-01-04,東港所琉球天福線小區,22.3294457,120.3554904,24.19,mH2O,synthetic
2026-09-01T09:15:00,PL-04-DIST,1350-00-01-04,東港所琉球天福線小區,22.3294457,120.3554904,27.6,mH2O,synthetic
2026-09-01T09:30:00,PL-04-DIST,1350-00-01-04,東港所琉球天福線小區,22.3294457,120.3554904,28.0,mH2O,synthetic
2026-09-01T09:45:00,PL-04-DIST,1350-00-01-04,東港所琉球天福線小區,22.3294457,120.3554904,28.31,mH2O,synthetic
2026-09-01T10:00:00,PL-04-DIST,1350-00-01-04,東港所琉球天福線小區,22.3294457,120.3554904,28.85,mH2O,synthetic
2026-09-01T10:15:00,PL-04-DIST,1350-00-01-04,東港所琉球天福線小區,22.3294457,120.3554904,28.58,mH2O,synthetic
2026-09-01T10:30:00,PL-04-DIST,1350-00-01-04,東港所琉球天福線小區,22.3294457,120.3554904,28.83,mH2O,synthetic
2026-09-01T10:45:00,PL-04-DIST,1350-00-01-04,東港所琉球天福線小區,22.3294457,120.3554904,28.91,mH2O,synthetic
2026-09-01T11:00:00,PL-04-DIST,1350-00-01-04,東港所琉球天福線小區,22.3294457,120.3554904,28.95,mH2O,synthetic
2026-09-01T11:15:00,PL-04-DIST,1350-00-01-04,東港所琉球天福線小區,22.3294457,120.3554904,29.38,mH2O,synthetic
2026-09-01T11:30:00,PL-04-DIST,1350-00-01-04,東港所琉球天福線小區,22.3294457,120.3554904,28.79,mH2O,synthetic
2026-09-01T11:45:00,PL-04-DIST,1350-00-01-04,東港所琉球天福線小區,22.3294457,120.3554904,29.54,mH2O,synthetic
2026-09-01T12:00:00,PL-04-DIST,1350-00-01-04,東港所琉球天福線小區,22.3294457,120.3554904,28.85,mH2O,synthetic
2026-09-01T12:15:00,PL-04-DIST,1350-00-01-04,東港所琉球天福線小區,22.3294457,120.3554904,28.82,mH2O,synthetic
2026-09-01T12:30:00,PL-04-DIST,1350-00-01-04,東港所琉球天福線小區,22.3294457,120.3554904,28.85,mH2O,synthetic
2026-09-01T12:45:00,PL-04-DIST,1350-00-01-04,東港所琉球天福線小區,22.3294457,120.3554904,29.14,mH2O,synthetic
2026-09-01T13:00:00,PL-04-DIST,1350-00-01-04,東港所琉球天福線小區,22.3294457,120.3554904,29.0,mH2O,synthetic
2026-09-01T13:15:00,PL-04-DIST,1350-00-01-04,東港所琉球天福線小區,22.3294457,120.3554904,29.25,mH2O,synthetic
2026-09-01T13:30:00,PL-04-DIST,1350-00-01-04,東港所琉球天福線小區,22.3294457,120.3554904,28.82,mH2O,synthetic
2026-09-01T13:45:00,PL-04-DIST,1350-00-01-04,東港所琉球天福線小區,22.3294457,120.3554904,28.63,mH2O,synthetic
2026-09-01T14:00:00,PL-04-DIST,1350-00-01-04,東港所琉球天福線小區,22.3294457,120.3554904,28.91,mH2O,synthetic
2026-09-01T14:15:00,PL-04-DIST,1350-00-01-04,東港所琉球天福線小區,22.3294457,120.3554904,29.04,mH2O,synthetic
2026-09-01T14:30:00,PL-04-DIST,1350-00-01-04,東港所琉球天福線小區,22.3294457,120.3554904,28.64,mH2O,synthetic
2026-09-01T14:45:00,PL-04-DIST,1350-00-01-04,東港所琉球天福線小區,22.3294457,120.3554904,28.92,mH2O,synthetic
2026-09-01T15:00:00,PL-04-DIST,1350-00-01-04,東港所琉球天福線小區,22.3294457,120.3554904,29.02,mH2O,synthetic
2026-09-01T15:15:00,PL-04-DIST,1350-00-01-04,東港所琉球天福線小區,22.3294457,120.3554904,28.66,mH2O,synthetic
2026-09-01T15:30:00,PL-04-DIST,1350-00-01-04,東港所琉球天福線小區,22.3294457,120.3554904,28.56,mH2O,synthetic
2026-09-01T15:45:00,PL-04-DIST,1350-00-01-04,東港所琉球天福線小區,22.3294457,120.3554904,28.36,mH2O,synthetic
2026-09-01T16:00:00,PL-04-DIST,1350-00-01-04,東港所琉球天福線小區,22.3294457,120.3554904,28.38,mH2O,synthetic
2026-09-01T16:15:00,PL-04-DIST,1350-00-01-04,東港所琉球天福線小區,22.3294457,120.3554904,28.25,mH2O,synthetic
2026-09-01T16:30:00,PL-04-DIST,1350-00-01-04,東港所琉球天福線小區,22.3294457,120.3554904,28.43,mH2O,synthetic
2026-09-01T16:45:00,PL-04-DIST,1350-00-01-04,東港所琉球天福線小區,22.3294457,120.3554904,27.68,mH2O,synthetic
2026-09-01T17:00:00,PL-04-DIST,1350-00-01-04,東港所琉球天福線小區,22.3294457,120.3554904,26.66,mH2O,synthetic
2026-09-01T17:15:00,PL-04-DIST,1350-00-01-04,東港所琉球天福線小區,22.3294457,120.3554904,26.06,mH2O,synthetic
2026-09-01T17:30:00,PL-04-DIST,1350-00-01-04,東港所琉球天福線小區,22.3294457,120.3554904,25.78,mH2O,synthetic
2026-09-01T17:45:00,PL-04-DIST,1350-00-01-04,東港所琉球天福線小區,22.3294457,120.3554904,25.56,mH2O,synthetic
2026-09-01T18:00:00,PL-04-DIST,1350-00-01-04,東港所琉球天福線小區,22.3294457,120.3554904,24.78,mH2O,synthetic
2026-09-01T18:15:00,PL-04-DIST,1350-00-01-04,東港所琉球天福線小區,22.3294457,120.3554904,24.02,mH2O,synthetic
2026-09-01T18:30:00,PL-04-DIST,1350-00-01-04,東港所琉球天福線小區,22.3294457,120.3554904,23.96,mH2O,synthetic
2026-09-01T18:45:00,PL-04-DIST,1350-00-01-04,東港所琉球天福線小區,22.3294457,120.3554904,23.79,mH2O,synthetic
2026-09-01T19:00:00,PL-04-DIST,1350-00-01-04,東港所琉球天福線小區,22.3294457,120.3554904,23.72,mH2O,synthetic
2026-09-01T19:15:00,PL-04-DIST,1350-00-01-04,東港所琉球天福線小區,22.3294457,120.3554904,23.25,mH2O,synthetic
2026-09-01T19:30:00,PL-04-DIST,1350-00-01-04,東港所琉球天福線小區,22.3294457,120.3554904,23.84,mH2O,synthetic
2026-09-01T19:45:00,PL-04-DIST,1350-00-01-04,東港所琉球天福線小區,22.3294457,120.3554904,23.85,mH2O,synthetic
2026-09-01T20:00:00,PL-04-DIST,1350-00-01-04,東港所琉球天福線小區,22.3294457,120.3554904,24.46,mH2O,synthetic
2026-09-01T20:15:00,PL-04-DIST,1350-00-01-04,東港所琉球天福線小區,22.3294457,120.3554904,24.93,mH2O,synthetic
2026-09-01T20:30:00,PL-04-DIST,1350-00-01-04,東港所琉球天福線小區,22.3294457,120.3554904,25.75,mH2O,synthetic
2026-09-01T20:45:00,PL-04-DIST,1350-00-01-04,東港所琉球天福線小區,22.3294457,120.3554904,26.08,mH2O,synthetic
2026-09-01T21:00:00,PL-04-DIST,1350-00-01-04,東港所琉球天福線小區,22.3294457,120.3554904,27.11,mH2O,synthetic
2026-09-01T21:15:00,PL-04-DIST,1350-00-01-04,東港所琉球天福線小區,22.3294457,120.3554904,27.42,mH2O,synthetic
2026-09-01T21:30:00,PL-04-DIST,1350-00-01-04,東港所琉球天福線小區,22.3294457,120.3554904,27.64,mH2O,synthetic
2026-09-01T21:45:00,PL-04-DIST,1350-00-01-04,東港所琉球天福線小區,22.3294457,120.3554904,28.26,mH2O,synthetic
2026-09-01T22:00:00,PL-04-DIST,1350-00-01-04,東港所琉球天福線小區,22.3294457,120.3554904,28.75,mH2O,synthetic
2026-09-01T22:15:00,PL-04-DIST,1350-00-01-04,東港所琉球天福線小區,22.3294457,120.3554904,28.68,mH2O,synthetic
2026-09-01T22:30:00,PL-04-DIST,1350-00-01-04,東港所琉球天福線小區,22.3294457,120.3554904,28.61,mH2O,synthetic
2026-09-01T22:45:00,PL-04-DIST,1350-00-01-04,東港所琉球天福線小區,22.3294457,120.3554904,28.77,mH2O,synthetic
2026-09-01T23:00:00,PL-04-DIST,1350-00-01-04,東港所琉球天福線小區,22.3294457,120.3554904,28.87,mH2O,synthetic
2026-09-01T23:15:00,PL-04-DIST,1350-00-01-04,東港所琉球天福線小區,22.3294457,120.3554904,28.78,mH2O,synthetic
2026-09-01T23:30:00,PL-04-DIST,1350-00-01-04,東港所琉球天福線小區,22.3294457,120.3554904,28.59,mH2O,synthetic
2026-09-01T23:45:00,PL-04-DIST,1350-00-01-04,東港所琉球天福線小區,22.3294457,120.3554904,28.9,mH2O,synthetic
2026-09-02T00:00:00,PL-04-DIST,1350-00-01-04,東港所琉球天福線小區,22.3294457,120.3554904,29.75,mH2O,synthetic
2026-09-02T00:15:00,PL-04-DIST,1350-00-01-04,東港所琉球天福線小區,22.3294457,120.3554904,29.44,mH2O,synthetic
2026-09-02T00:30:00,PL-04-DIST,1350-00-01-04,東港所琉球天福線小區,22.3294457,120.3554904,29.37,mH2O,synthetic
2026-09-02T00:45:00,PL-04-DIST,1350-00-01-04,東港所琉球天福線小區,22.3294457,120.3554904,29.98,mH2O,synthetic
2026-09-02T01:00:00,PL-04-DIST,1350-00-01-04,東港所琉球天福線小區,22.3294457,120.3554904,30.46,mH2O,synthetic
2026-09-02T01:15:00,PL-04-DIST,1350-00-01-04,東港所琉球天福線小區,22.3294457,120.3554904,30.08,mH2O,synthetic
2026-09-02T01:30:00,PL-04-DIST,1350-00-01-04,東港所琉球天福線小區,22.3294457,120.3554904,30.74,mH2O,synthetic
2026-09-02T01:45:00,PL-04-DIST,1350-00-01-04,東港所琉球天福線小區,22.3294457,120.3554904,31.03,mH2O,synthetic
2026-09-02T02:00:00,PL-04-DIST,1350-00-01-04,東港所琉球天福線小區,22.3294457,120.3554904,31.27,mH2O,synthetic
2026-09-02T02:15:00,PL-04-DIST,1350-00-01-04,東港所琉球天福線小區,22.3294457,120.3554904,31.46,mH2O,synthetic
2026-09-02T02:30:00,PL-04-DIST,1350-00-01-04,東港所琉球天福線小區,22.3294457,120.3554904,31.61,mH2O,synthetic
2026-09-02T02:45:00,PL-04-DIST,1350-00-01-04,東港所琉球天福線小區,22.3294457,120.3554904,31.22,mH2O,synthetic
2026-09-02T03:00:00,PL-04-DIST,1350-00-01-04,東港所琉球天福線小區,22.3294457,120.3554904,31.73,mH2O,synthetic
2026-09-02T03:15:00,PL-04-DIST,1350-00-01-04,東港所琉球天福線小區,22.3294457,120.3554904,31.87,mH2O,synthetic
2026-09-02T03:30:00,PL-04-DIST,1350-00-01-04,東港所琉球天福線小區,22.3294457,120.3554904,31.42,mH2O,synthetic
2026-09-02T03:45:00,PL-04-DIST,1350-00-01-04,東港所琉球天福線小區,22.3294457,120.3554904,31.4,mH2O,synthetic
2026-09-02T04:00:00,PL-04-DIST,1350-00-01-04,東港所琉球天福線小區,22.3294457,120.3554904,30.89,mH2O,synthetic
2026-09-02T04:15:00,PL-04-DIST,1350-00-01-04,東港所琉球天福線小區,22.3294457,120.3554904,31.14,mH2O,synthetic
2026-09-02T04:30:00,PL-04-DIST,1350-00-01-04,東港所琉球天福線小區,22.3294457,120.3554904,30.42,mH2O,synthetic
2026-09-02T04:45:00,PL-04-DIST,1350-00-01-04,東港所琉球天福線小區,22.3294457,120.3554904,30.57,mH2O,synthetic
2026-09-02T05:00:00,PL-04-DIST,1350-00-01-04,東港所琉球天福線小區,22.3294457,120.3554904,29.72,mH2O,synthetic
2026-09-02T05:15:00,PL-04-DIST,1350-00-01-04,東港所琉球天福線小區,22.3294457,120.3554904,29.48,mH2O,synthetic
2026-09-02T05:30:00,PL-04-DIST,1350-00-01-04,東港所琉球天福線小區,22.3294457,120.3554904,28.67,mH2O,synthetic
2026-09-02T05:45:00,PL-04-DIST,1350-00-01-04,東港所琉球天福線小區,22.3294457,120.3554904,28.58,mH2O,synthetic
2026-09-02T06:00:00,PL-04-DIST,1350-00-01-04,東港所琉球天福線小區,22.3294457,120.3554904,27.05,mH2O,synthetic
2026-09-02T06:15:00,PL-04-DIST,1350-00-01-04,東港所琉球天福線小區,22.3294457,120.3554904,26.83,mH2O,synthetic
2026-09-02T06:30:00,PL-04-DIST,1350-00-01-04,東港所琉球天福線小區,22.3294457,120.3554904,22.35,mH2O,synthetic
2026-09-02T06:45:00,PL-04-DIST,1350-00-01-04,東港所琉球天福線小區,22.3294457,120.3554904,21.86,mH2O,synthetic
2026-09-02T07:00:00,PL-04-DIST,1350-00-01-04,東港所琉球天福線小區,22.3294457,120.3554904,21.99,mH2O,synthetic
2026-09-02T07:15:00,PL-04-DIST,1350-00-01-04,東港所琉球天福線小區,22.3294457,120.3554904,21.4,mH2O,synthetic
2026-09-02T07:30:00,PL-04-DIST,1350-00-01-04,東港所琉球天福線小區,22.3294457,120.3554904,20.61,mH2O,synthetic
2026-09-02T07:45:00,PL-04-DIST,1350-00-01-04,東港所琉球天福線小區,22.3294457,120.3554904,21.15,mH2O,synthetic
2026-09-02T08:00:00,PL-04-DIST,1350-00-01-04,東港所琉球天福線小區,22.3294457,120.3554904,21.33,mH2O,synthetic
2026-09-02T08:15:00,PL-04-DIST,1350-00-01-04,東港所琉球天福線小區,22.3294457,120.3554904,22.09,mH2O,synthetic
2026-09-02T08:30:00,PL-04-DIST,1350-00-01-04,東港所琉球天福線小區,22.3294457,120.3554904,22.97,mH2O,synthetic
2026-09-02T08:45:00,PL-04-DIST,1350-00-01-04,東港所琉球天福線小區,22.3294457,120.3554904,23.34,mH2O,synthetic
2026-09-02T09:00:00,PL-04-DIST,1350-00-01-04,東港所琉球天福線小區,22.3294457,120.3554904,23.91,mH2O,synthetic
2026-09-02T09:15:00,PL-04-DIST,1350-00-01-04,東港所琉球天福線小區,22.3294457,120.3554904,27.66,mH2O,synthetic
2026-09-02T09:30:00,PL-04-DIST,1350-00-01-04,東港所琉球天福線小區,22.3294457,120.3554904,27.75,mH2O,synthetic
2026-09-02T09:45:00,PL-04-DIST,1350-00-01-04,東港所琉球天福線小區,22.3294457,120.3554904,28.49,mH2O,synthetic
2026-09-02T10:00:00,PL-04-DIST,1350-00-01-04,東港所琉球天福線小區,22.3294457,120.3554904,28.79,mH2O,synthetic
2026-09-02T10:15:00,PL-04-DIST,1350-00-01-04,東港所琉球天福線小區,22.3294457,120.3554904,28.62,mH2O,synthetic
2026-09-02T10:30:00,PL-04-DIST,1350-00-01-04,東港所琉球天福線小區,22.3294457,120.3554904,28.72,mH2O,synthetic
2026-09-02T10:45:00,PL-04-DIST,1350-00-01-04,東港所琉球天福線小區,22.3294457,120.3554904,29.24,mH2O,synthetic
2026-09-02T11:00:00,PL-04-DIST,1350-00-01-04,東港所琉球天福線小區,22.3294457,120.3554904,29.01,mH2O,synthetic
2026-09-02T11:15:00,PL-04-DIST,1350-00-01-04,東港所琉球天福線小區,22.3294457,120.3554904,28.73,mH2O,synthetic
2026-09-02T11:30:00,PL-04-DIST,1350-00-01-04,東港所琉球天福線小區,22.3294457,120.3554904,28.9,mH2O,synthetic
2026-09-02T11:45:00,PL-04-DIST,1350-00-01-04,東港所琉球天福線小區,22.3294457,120.3554904,28.9,mH2O,synthetic
2026-09-02T12:00:00,PL-04-DIST,1350-00-01-04,東港所琉球天福線小區,22.3294457,120.3554904,28.98,mH2O,synthetic
2026-09-02T12:15:00,PL-04-DIST,1350-00-01-04,東港所琉球天福線小區,22.3294457,120.3554904,28.98,mH2O,synthetic
2026-09-02T12:30:00,PL-04-DIST,1350-00-01-04,東港所琉球天福線小區,22.3294457,120.3554904,28.94,mH2O,synthetic
2026-09-02T12:45:00,PL-04-DIST,1350-00-01-04,東港所琉球天福線小區,22.3294457,120.3554904,29.37,mH2O,synthetic
2026-09-02T13:00:00,PL-04-DIST,1350-00-01-04,東港所琉球天福線小區,22.3294457,120.3554904,29.18,mH2O,synthetic
2026-09-02T13:15:00,PL-04-DIST,1350-00-01-04,東港所琉球天福線小區,22.3294457,120.3554904,29.32,mH2O,synthetic
2026-09-02T13:30:00,PL-04-DIST,1350-00-01-04,東港所琉球天福線小區,22.3294457,120.3554904,28.62,mH2O,synthetic
2026-09-02T13:45:00,PL-04-DIST,1350-00-01-04,東港所琉球天福線小區,22.3294457,120.3554904,29.02,mH2O,synthetic
2026-09-02T14:00:00,PL-04-DIST,1350-00-01-04,東港所琉球天福線小區,22.3294457,120.3554904,29.25,mH2O,synthetic
2026-09-02T14:15:00,PL-04-DIST,1350-00-01-04,東港所琉球天福線小區,22.3294457,120.3554904,29.14,mH2O,synthetic
2026-09-02T14:30:00,PL-04-DIST,1350-00-01-04,東港所琉球天福線小區,22.3294457,120.3554904,28.82,mH2O,synthetic
2026-09-02T14:45:00,PL-04-DIST,1350-00-01-04,東港所琉球天福線小區,22.3294457,120.3554904,28.77,mH2O,synthetic
2026-09-02T15:00:00,PL-04-DIST,1350-00-01-04,東港所琉球天福線小區,22.3294457,120.3554904,29.11,mH2O,synthetic
2026-09-02T15:15:00,PL-04-DIST,1350-00-01-04,東港所琉球天福線小區,22.3294457,120.3554904,28.79,mH2O,synthetic
2026-09-02T15:30:00,PL-04-DIST,1350-00-01-04,東港所琉球天福線小區,22.3294457,120.3554904,28.88,mH2O,synthetic
2026-09-02T15:45:00,PL-04-DIST,1350-00-01-04,東港所琉球天福線小區,22.3294457,120.3554904,28.64,mH2O,synthetic
2026-09-02T16:00:00,PL-04-DIST,1350-00-01-04,東港所琉球天福線小區,22.3294457,120.3554904,28.38,mH2O,synthetic
2026-09-02T16:15:00,PL-04-DIST,1350-00-01-04,東港所琉球天福線小區,22.3294457,120.3554904,28.18,mH2O,synthetic
2026-09-02T16:30:00,PL-04-DIST,1350-00-01-04,東港所琉球天福線小區,22.3294457,120.3554904,27.64,mH2O,synthetic
2026-09-02T16:45:00,PL-04-DIST,1350-00-01-04,東港所琉球天福線小區,22.3294457,120.3554904,27.79,mH2O,synthetic
2026-09-02T17:00:00,PL-04-DIST,1350-00-01-04,東港所琉球天福線小區,22.3294457,120.3554904,27.06,mH2O,synthetic
2026-09-02T17:15:00,PL-04-DIST,1350-00-01-04,東港所琉球天福線小區,22.3294457,120.3554904,26.7,mH2O,synthetic
2026-09-02T17:30:00,PL-04-DIST,1350-00-01-04,東港所琉球天福線小區,22.3294457,120.3554904,25.69,mH2O,synthetic
2026-09-02T17:45:00,PL-04-DIST,1350-00-01-04,東港所琉球天福線小區,22.3294457,120.3554904,25.09,mH2O,synthetic
2026-09-02T18:00:00,PL-04-DIST,1350-00-01-04,東港所琉球天福線小區,22.3294457,120.3554904,24.57,mH2O,synthetic
2026-09-02T18:15:00,PL-04-DIST,1350-00-01-04,東港所琉球天福線小區,22.3294457,120.3554904,23.95,mH2O,synthetic
2026-09-02T18:30:00,PL-04-DIST,1350-00-01-04,東港所琉球天福線小區,22.3294457,120.3554904,23.89,mH2O,synthetic
2026-09-02T18:45:00,PL-04-DIST,1350-00-01-04,東港所琉球天福線小區,22.3294457,120.3554904,23.64,mH2O,synthetic
2026-09-02T19:00:00,PL-04-DIST,1350-00-01-04,東港所琉球天福線小區,22.3294457,120.3554904,23.29,mH2O,synthetic
2026-09-02T19:15:00,PL-04-DIST,1350-00-01-04,東港所琉球天福線小區,22.3294457,120.3554904,23.42,mH2O,synthetic
2026-09-02T19:30:00,PL-04-DIST,1350-00-01-04,東港所琉球天福線小區,22.3294457,120.3554904,23.82,mH2O,synthetic
2026-09-02T19:45:00,PL-04-DIST,1350-00-01-04,東港所琉球天福線小區,22.3294457,120.3554904,23.97,mH2O,synthetic
2026-09-02T20:00:00,PL-04-DIST,1350-00-01-04,東港所琉球天福線小區,22.3294457,120.3554904,24.55,mH2O,synthetic
2026-09-02T20:15:00,PL-04-DIST,1350-00-01-04,東港所琉球天福線小區,22.3294457,120.3554904,25.55,mH2O,synthetic
2026-09-02T20:30:00,PL-04-DIST,1350-00-01-04,東港所琉球天福線小區,22.3294457,120.3554904,25.64,mH2O,synthetic
2026-09-02T20:45:00,PL-04-DIST,1350-00-01-04,東港所琉球天福線小區,22.3294457,120.3554904,26.28,mH2O,synthetic
2026-09-02T21:00:00,PL-04-DIST,1350-00-01-04,東港所琉球天福線小區,22.3294457,120.3554904,27.49,mH2O,synthetic
2026-09-02T21:15:00,PL-04-DIST,1350-00-01-04,東港所琉球天福線小區,22.3294457,120.3554904,26.95,mH2O,synthetic
2026-09-02T21:30:00,PL-04-DIST,1350-00-01-04,東港所琉球天福線小區,22.3294457,120.3554904,27.57,mH2O,synthetic
2026-09-02T21:45:00,PL-04-DIST,1350-00-01-04,東港所琉球天福線小區,22.3294457,120.3554904,28.55,mH2O,synthetic
2026-09-02T22:00:00,PL-04-DIST,1350-00-01-04,東港所琉球天福線小區,22.3294457,120.3554904,28.32,mH2O,synthetic
2026-09-02T22:15:00,PL-04-DIST,1350-00-01-04,東港所琉球天福線小區,22.3294457,120.3554904,28.71,mH2O,synthetic
2026-09-02T22:30:00,PL-04-DIST,1350-00-01-04,東港所琉球天福線小區,22.3294457,120.3554904,29.2,mH2O,synthetic
2026-09-02T22:45:00,PL-04-DIST,1350-00-01-04,東港所琉球天福線小區,22.3294457,120.3554904,28.68,mH2O,synthetic
2026-09-02T23:00:00,PL-04-DIST,1350-00-01-04,東港所琉球天福線小區,22.3294457,120.3554904,28.77,mH2O,synthetic
2026-09-02T23:15:00,PL-04-DIST,1350-00-01-04,東港所琉球天福線小區,22.3294457,120.3554904,29.03,mH2O,synthetic
2026-09-02T23:30:00,PL-04-DIST,1350-00-01-04,東港所琉球天福線小區,22.3294457,120.3554904,28.95,mH2O,synthetic
2026-09-02T23:45:00,PL-04-DIST,1350-00-01-04,東港所琉球天福線小區,22.3294457,120.3554904,28.86,mH2O,synthetic
2026-09-03T00:00:00,PL-04-DIST,1350-00-01-04,東港所琉球天福線小區,22.3294457,120.3554904,29.45,mH2O,synthetic
2026-09-03T00:15:00,PL-04-DIST,1350-00-01-04,東港所琉球天福線小區,22.3294457,120.3554904,29.33,mH2O,synthetic
2026-09-03T00:30:00,PL-04-DIST,1350-00-01-04,東港所琉球天福線小區,22.3294457,120.3554904,29.9,mH2O,synthetic
2026-09-03T00:45:00,PL-04-DIST,1350-00-01-04,東港所琉球天福線小區,22.3294457,120.3554904,30.18,mH2O,synthetic
2026-09-03T01:00:00,PL-04-DIST,1350-00-01-04,東港所琉球天福線小區,22.3294457,120.3554904,30.19,mH2O,synthetic
2026-09-03T01:15:00,PL-04-DIST,1350-00-01-04,東港所琉球天福線小區,22.3294457,120.3554904,30.41,mH2O,synthetic
2026-09-03T01:30:00,PL-04-DIST,1350-00-01-04,東港所琉球天福線小區,22.3294457,120.3554904,30.82,mH2O,synthetic
2026-09-03T01:45:00,PL-04-DIST,1350-00-01-04,東港所琉球天福線小區,22.3294457,120.3554904,30.82,mH2O,synthetic
2026-09-03T02:00:00,PL-04-DIST,1350-00-01-04,東港所琉球天福線小區,22.3294457,120.3554904,31.08,mH2O,synthetic
2026-09-03T02:15:00,PL-04-DIST,1350-00-01-04,東港所琉球天福線小區,22.3294457,120.3554904,31.32,mH2O,synthetic
2026-09-03T02:30:00,PL-04-DIST,1350-00-01-04,東港所琉球天福線小區,22.3294457,120.3554904,31.8,mH2O,synthetic
2026-09-03T02:45:00,PL-04-DIST,1350-00-01-04,東港所琉球天福線小區,22.3294457,120.3554904,31.56,mH2O,synthetic
2026-09-03T03:00:00,PL-04-DIST,1350-00-01-04,東港所琉球天福線小區,22.3294457,120.3554904,31.57,mH2O,synthetic
2026-09-03T03:15:00,PL-04-DIST,1350-00-01-04,東港所琉球天福線小區,22.3294457,120.3554904,31.53,mH2O,synthetic
2026-09-03T03:30:00,PL-04-DIST,1350-00-01-04,東港所琉球天福線小區,22.3294457,120.3554904,31.39,mH2O,synthetic
2026-09-03T03:45:00,PL-04-DIST,1350-00-01-04,東港所琉球天福線小區,22.3294457,120.3554904,31.11,mH2O,synthetic
2026-09-03T04:00:00,PL-04-DIST,1350-00-01-04,東港所琉球天福線小區,22.3294457,120.3554904,30.91,mH2O,synthetic
2026-09-03T04:15:00,PL-04-DIST,1350-00-01-04,東港所琉球天福線小區,22.3294457,120.3554904,31.05,mH2O,synthetic
2026-09-03T04:30:00,PL-04-DIST,1350-00-01-04,東港所琉球天福線小區,22.3294457,120.3554904,30.43,mH2O,synthetic
2026-09-03T04:45:00,PL-04-DIST,1350-00-01-04,東港所琉球天福線小區,22.3294457,120.3554904,30.23,mH2O,synthetic
2026-09-03T05:00:00,PL-04-DIST,1350-00-01-04,東港所琉球天福線小區,22.3294457,120.3554904,29.7,mH2O,synthetic
2026-09-03T05:15:00,PL-04-DIST,1350-00-01-04,東港所琉球天福線小區,22.3294457,120.3554904,29.04,mH2O,synthetic
2026-09-03T05:30:00,PL-04-DIST,1350-00-01-04,東港所琉球天福線小區,22.3294457,120.3554904,28.69,mH2O,synthetic
2026-09-03T05:45:00,PL-04-DIST,1350-00-01-04,東港所琉球天福線小區,22.3294457,120.3554904,28.48,mH2O,synthetic
2026-09-03T06:00:00,PL-04-DIST,1350-00-01-04,東港所琉球天福線小區,22.3294457,120.3554904,27.39,mH2O,synthetic
2026-09-03T06:15:00,PL-04-DIST,1350-00-01-04,東港所琉球天福線小區,22.3294457,120.3554904,26.6,mH2O,synthetic
2026-09-03T06:30:00,PL-04-DIST,1350-00-01-04,東港所琉球天福線小區,22.3294457,120.3554904,22.71,mH2O,synthetic
2026-09-03T06:45:00,PL-04-DIST,1350-00-01-04,東港所琉球天福線小區,22.3294457,120.3554904,22.06,mH2O,synthetic
2026-09-03T07:00:00,PL-04-DIST,1350-00-01-04,東港所琉球天福線小區,22.3294457,120.3554904,21.62,mH2O,synthetic
2026-09-03T07:15:00,PL-04-DIST,1350-00-01-04,東港所琉球天福線小區,22.3294457,120.3554904,21.11,mH2O,synthetic
2026-09-03T07:30:00,PL-04-DIST,1350-00-01-04,東港所琉球天福線小區,22.3294457,120.3554904,21.04,mH2O,synthetic
2026-09-03T07:45:00,PL-04-DIST,1350-00-01-04,東港所琉球天福線小區,22.3294457,120.3554904,21.04,mH2O,synthetic
2026-09-03T08:00:00,PL-04-DIST,1350-00-01-04,東港所琉球天福線小區,22.3294457,120.3554904,21.55,mH2O,synthetic
2026-09-03T08:15:00,PL-04-DIST,1350-00-01-04,東港所琉球天福線小區,22.3294457,120.3554904,22.03,mH2O,synthetic
2026-09-03T08:30:00,PL-04-DIST,1350-00-01-04,東港所琉球天福線小區,22.3294457,120.3554904,22.61,mH2O,synthetic
2026-09-03T08:45:00,PL-04-DIST,1350-00-01-04,東港所琉球天福線小區,22.3294457,120.3554904,23.34,mH2O,synthetic
2026-09-03T09:00:00,PL-04-DIST,1350-00-01-04,東港所琉球天福線小區,22.3294457,120.3554904,23.79,mH2O,synthetic
2026-09-03T09:15:00,PL-04-DIST,1350-00-01-04,東港所琉球天福線小區,22.3294457,120.3554904,27.82,mH2O,synthetic
2026-09-03T09:30:00,PL-04-DIST,1350-00-01-04,東港所琉球天福線小區,22.3294457,120.3554904,28.1,mH2O,synthetic
2026-09-03T09:45:00,PL-04-DIST,1350-00-01-04,東港所琉球天福線小區,22.3294457,120.3554904,28.66,mH2O,synthetic
2026-09-03T10:00:00,PL-04-DIST,1350-00-01-04,東港所琉球天福線小區,22.3294457,120.3554904,28.56,mH2O,synthetic
2026-09-03T10:15:00,PL-04-DIST,1350-00-01-04,東港所琉球天福線小區,22.3294457,120.3554904,28.81,mH2O,synthetic
2026-09-03T10:30:00,PL-04-DIST,1350-00-01-04,東港所琉球天福線小區,22.3294457,120.3554904,28.71,mH2O,synthetic
2026-09-03T10:45:00,PL-04-DIST,1350-00-01-04,東港所琉球天福線小區,22.3294457,120.3554904,28.93,mH2O,synthetic
2026-09-03T11:00:00,PL-04-DIST,1350-00-01-04,東港所琉球天福線小區,22.3294457,120.3554904,29.14,mH2O,synthetic
2026-09-03T11:15:00,PL-04-DIST,1350-00-01-04,東港所琉球天福線小區,22.3294457,120.3554904,28.9,mH2O,synthetic
2026-09-03T11:30:00,PL-04-DIST,1350-00-01-04,東港所琉球天福線小區,22.3294457,120.3554904,29.32,mH2O,synthetic
2026-09-03T11:45:00,PL-04-DIST,1350-00-01-04,東港所琉球天福線小區,22.3294457,120.3554904,29.0,mH2O,synthetic
2026-09-03T12:00:00,PL-04-DIST,1350-00-01-04,東港所琉球天福線小區,22.3294457,120.3554904,29.35,mH2O,synthetic
2026-09-03T12:15:00,PL-04-DIST,1350-00-01-04,東港所琉球天福線小區,22.3294457,120.3554904,28.77,mH2O,synthetic
2026-09-03T12:30:00,PL-04-DIST,1350-00-01-04,東港所琉球天福線小區,22.3294457,120.3554904,28.94,mH2O,synthetic
2026-09-03T12:45:00,PL-04-DIST,1350-00-01-04,東港所琉球天福線小區,22.3294457,120.3554904,28.89,mH2O,synthetic
2026-09-03T13:00:00,PL-04-DIST,1350-00-01-04,東港所琉球天福線小區,22.3294457,120.3554904,29.22,mH2O,synthetic
2026-09-03T13:15:00,PL-04-DIST,1350-00-01-04,東港所琉球天福線小區,22.3294457,120.3554904,29.14,mH2O,synthetic
2026-09-03T13:30:00,PL-04-DIST,1350-00-01-04,東港所琉球天福線小區,22.3294457,120.3554904,28.98,mH2O,synthetic
2026-09-03T13:45:00,PL-04-DIST,1350-00-01-04,東港所琉球天福線小區,22.3294457,120.3554904,28.89,mH2O,synthetic
2026-09-03T14:00:00,PL-04-DIST,1350-00-01-04,東港所琉球天福線小區,22.3294457,120.3554904,28.98,mH2O,synthetic
2026-09-03T14:15:00,PL-04-DIST,1350-00-01-04,東港所琉球天福線小區,22.3294457,120.3554904,29.14,mH2O,synthetic
2026-09-03T14:30:00,PL-04-DIST,1350-00-01-04,東港所琉球天福線小區,22.3294457,120.3554904,29.15,mH2O,synthetic
2026-09-03T14:45:00,PL-04-DIST,1350-00-01-04,東港所琉球天福線小區,22.3294457,120.3554904,28.93,mH2O,synthetic
2026-09-03T15:00:00,PL-04-DIST,1350-00-01-04,東港所琉球天福線小區,22.3294457,120.3554904,28.8,mH2O,synthetic
2026-09-03T15:15:00,PL-04-DIST,1350-00-01-04,東港所琉球天福線小區,22.3294457,120.3554904,28.86,mH2O,synthetic
2026-09-03T15:30:00,PL-04-DIST,1350-00-01-04,東港所琉球天福線小區,22.3294457,120.3554904,28.77,mH2O,synthetic
2026-09-03T15:45:00,PL-04-DIST,1350-00-01-04,東港所琉球天福線小區,22.3294457,120.3554904,28.66,mH2O,synthetic
2026-09-03T16:00:00,PL-04-DIST,1350-00-01-04,東港所琉球天福線小區,22.3294457,120.3554904,28.31,mH2O,synthetic
2026-09-03T16:15:00,PL-04-DIST,1350-00-01-04,東港所琉球天福線小區,22.3294457,120.3554904,28.54,mH2O,synthetic
2026-09-03T16:30:00,PL-04-DIST,1350-00-01-04,東港所琉球天福線小區,22.3294457,120.3554904,27.69,mH2O,synthetic
2026-09-03T16:45:00,PL-04-DIST,1350-00-01-04,東港所琉球天福線小區,22.3294457,120.3554904,27.75,mH2O,synthetic
2026-09-03T17:00:00,PL-04-DIST,1350-00-01-04,東港所琉球天福線小區,22.3294457,120.3554904,27.25,mH2O,synthetic
2026-09-03T17:15:00,PL-04-DIST,1350-00-01-04,東港所琉球天福線小區,22.3294457,120.3554904,26.6,mH2O,synthetic
2026-09-03T17:30:00,PL-04-DIST,1350-00-01-04,東港所琉球天福線小區,22.3294457,120.3554904,26.22,mH2O,synthetic
2026-09-03T17:45:00,PL-04-DIST,1350-00-01-04,東港所琉球天福線小區,22.3294457,120.3554904,25.33,mH2O,synthetic
2026-09-03T18:00:00,PL-04-DIST,1350-00-01-04,東港所琉球天福線小區,22.3294457,120.3554904,24.57,mH2O,synthetic
2026-09-03T18:15:00,PL-04-DIST,1350-00-01-04,東港所琉球天福線小區,22.3294457,120.3554904,24.02,mH2O,synthetic
2026-09-03T18:30:00,PL-04-DIST,1350-00-01-04,東港所琉球天福線小區,22.3294457,120.3554904,23.59,mH2O,synthetic
2026-09-03T18:45:00,PL-04-DIST,1350-00-01-04,東港所琉球天福線小區,22.3294457,120.3554904,23.67,mH2O,synthetic
2026-09-03T19:00:00,PL-04-DIST,1350-00-01-04,東港所琉球天福線小區,22.3294457,120.3554904,23.07,mH2O,synthetic
2026-09-03T19:15:00,PL-04-DIST,1350-00-01-04,東港所琉球天福線小區,22.3294457,120.3554904,23.17,mH2O,synthetic
2026-09-03T19:30:00,PL-04-DIST,1350-00-01-04,東港所琉球天福線小區,22.3294457,120.3554904,24.08,mH2O,synthetic
2026-09-03T19:45:00,PL-04-DIST,1350-00-01-04,東港所琉球天福線小區,22.3294457,120.3554904,24.36,mH2O,synthetic
2026-09-03T20:00:00,PL-04-DIST,1350-00-01-04,東港所琉球天福線小區,22.3294457,120.3554904,24.73,mH2O,synthetic
2026-09-03T20:15:00,PL-04-DIST,1350-00-01-04,東港所琉球天福線小區,22.3294457,120.3554904,25.41,mH2O,synthetic
2026-09-03T20:30:00,PL-04-DIST,1350-00-01-04,東港所琉球天福線小區,22.3294457,120.3554904,25.98,mH2O,synthetic
2026-09-03T20:45:00,PL-04-DIST,1350-00-01-04,東港所琉球天福線小區,22.3294457,120.3554904,26.35,mH2O,synthetic
2026-09-03T21:00:00,PL-04-DIST,1350-00-01-04,東港所琉球天福線小區,22.3294457,120.3554904,26.62,mH2O,synthetic
2026-09-03T21:15:00,PL-04-DIST,1350-00-01-04,東港所琉球天福線小區,22.3294457,120.3554904,27.7,mH2O,synthetic
2026-09-03T21:30:00,PL-04-DIST,1350-00-01-04,東港所琉球天福線小區,22.3294457,120.3554904,27.92,mH2O,synthetic
2026-09-03T21:45:00,PL-04-DIST,1350-00-01-04,東港所琉球天福線小區,22.3294457,120.3554904,27.85,mH2O,synthetic
2026-09-03T22:00:00,PL-04-DIST,1350-00-01-04,東港所琉球天福線小區,22.3294457,120.3554904,28.44,mH2O,synthetic
2026-09-03T22:15:00,PL-04-DIST,1350-00-01-04,東港所琉球天福線小區,22.3294457,120.3554904,28.5,mH2O,synthetic
2026-09-03T22:30:00,PL-04-DIST,1350-00-01-04,東港所琉球天福線小區,22.3294457,120.3554904,28.71,mH2O,synthetic
2026-09-03T22:45:00,PL-04-DIST,1350-00-01-04,東港所琉球天福線小區,22.3294457,120.3554904,28.76,mH2O,synthetic
2026-09-03T23:00:00,PL-04-DIST,1350-00-01-04,東港所琉球天福線小區,22.3294457,120.3554904,29.02,mH2O,synthetic
2026-09-03T23:15:00,PL-04-DIST,1350-00-01-04,東港所琉球天福線小區,22.3294457,120.3554904,28.89,mH2O,synthetic
2026-09-03T23:30:00,PL-04-DIST,1350-00-01-04,東港所琉球天福線小區,22.3294457,120.3554904,28.71,mH2O,synthetic
2026-09-03T23:45:00,PL-04-DIST,1350-00-01-04,東港所琉球天福線小區,22.3294457,120.3554904,29.13,mH2O,synthetic
